Tournament Name,Tournament ID,Round Title,Round ID,Round Status,Table ID,Table Number (Order),Created At,P1 ID,P1 User ID,P1 Primary Points (TP),P1 Secondary Points (VP),P1 Tertiary Points,P1 Use Secondary List,P2 ID,P2 User ID,P2 Primary Points (TP),P2 Secondary Points (VP),P2 Tertiary Points,P2 Use Secondary List,Approved by P1,Approved by P2,Added by User ID
Krakowskie Manewry 2026,73886888-aec6-40b2-a2cd-a6353423fd49,Runda 1 - UNIQUE SCENARIOS,9943b591-3bd5-4c5a-a77d-cb7ab627e582,FINISHED,e15f9583-e48d-4a08-a557-43e44d9374cc,0.0,2026-07-09T10:00:47.506Z,3adef160-5b97-457e-beda-4399f9998aab,59614550-aefe-45cd-b768-5f8310065c35,6009,6.0,16.0,,4557b291-cfea-4263-acfa-fe5a550c1fa0,6e8fd6ad-52e1-4877-84dc-2fce2d7ab7da,-9.0,0.0,7.0,,False,False,7fa5ba4b-28df-44e8-a4f2-d87072e98a2b
Krakowskie Manewry 2026,73886888-aec6-40b2-a2cd-a6353423fd49,Runda 1 - UNIQUE SCENARIOS,9943b591-3bd5-4c5a-a77d-cb7ab627e582,FINISHED,7b4ed1c8-e1ae-40f0-984a-03ae3d51e2f2,1.0,2026-07-11T07:11:30.490Z,c34bff46-9e01-4199-9591-77f23bb1516b,9f05193d-1c9b-426c-b9b7-06281f9f887e,-6,0.0,4.0,,98074684-ba1c-40eb-9da1-82055bc76ce0,dd081a04-8bbb-4409-aed7-f6ceedf4d7d0,6006.0,6.0,10.0,,False,False,7fa5ba4b-28df-44e8-a4f2-d87072e98a2b
Krakowskie Manewry 2026,73886888-aec6-40b2-a2cd-a6353423fd49,Runda 1 - UNIQUE SCENARIOS,9943b591-3bd5-4c5a-a77d-cb7ab627e582,FINISHED,1028a323-39ce-4743-9166-efa2a072fa93,2.0,2026-07-09T10:00:47.506Z,92383fec-d4cf-44c5-a7d6-882e77300642,7562fb11-cb65-4132-ada1-93cd2fc58f9f,-7,0.0,4.0,,4b03ee8c-1635-4b98-8079-228ce5a60226,9357ea2e-af38-453d-9c2f-b828d5ccdfb6,6007.0,6.0,11.0,False,False,False,7fa5ba4b-28df-44e8-a4f2-d87072e98a2b
Krakowskie Manewry 2026,73886888-aec6-40b2-a2cd-a6353423fd49,Runda 1 - UNIQUE SCENARIOS,9943b591-3bd5-4c5a-a77d-cb7ab627e582,FINISHED,4f4832cc-ffc3-45ba-95b6-ccc9bbdf8f6a,3.0,2026-07-09T10:00:47.506Z,bc33b6c9-ab2a-4a8c-87d2-6c53d36e48a6,6d76eb6c-3cb2-419b-87ac-ac387640fbad,6006,6.0,7.0,,5dbfc267-72d5-4531-805d-f92307adfc41,b746219c-415e-46e0-8143-e8cbc9ae71d0,-6.0,0.0,1.0,,False,False,7fa5ba4b-28df-44e8-a4f2-d87072e98a2b
Krakowskie Manewry 2026,73886888-aec6-40b2-a2cd-a6353423fd49,Runda 1 - UNIQUE SCENARIOS,9943b591-3bd5-4c5a-a77d-cb7ab627e582,FINISHED,0a3d3cbf-d005-4b7b-a13a-b5ee5c279e36,4.0,2026-07-09T10:00:47.506Z,87f6a9f4-e043-4ae0-bf06-75d84b31338c,bff260e9-d39b-4dfc-9ddd-bfd091a449ba,998,1.0,7.0,,8fbb1a03-ba0b-4991-ac51-2c6b512c631b,222c2b52-47fd-4345-a6ec-a83ee05ccb12,5002.0,5.0,9.0,False,False,False,7fa5ba4b-28df-44e8-a4f2-d87072e98a2b
Krakowskie Manewry 2026,73886888-aec6-40b2-a2cd-a6353423fd49,Runda 1 - UNIQUE SCENARIOS,9943b591-3bd5-4c5a-a77d-cb7ab627e582,FINISHED,580bbb7d-a392-4eb9-9d21-85e028361105,5.0,2026-07-09T10:00:47.506Z,a08e20d5-bb6c-4755-84d7-49511b268ad9,d1928738-701d-4759-abe9-ff1123a28015,-6,0.0,3.0,,7b5a0edc-64ce-404c-bfab-d91824a8e215,4d2a70a2-c8e1-4ab9-a886-3a945d216f71,6006.0,6.0,9.0,False,False,False,7fa5ba4b-28df-44e8-a4f2-d87072e98a2b
Krakowskie Manewry 2026,73886888-aec6-40b2-a2cd-a6353423fd49,Runda 1 - UNIQUE SCENARIOS,9943b591-3bd5-4c5a-a77d-cb7ab627e582,FINISHED,9d3bacef-7a24-4f0c-934e-d24ebf79047e,6.0,2026-07-09T10:00:47.506Z,8176027b-ce5e-4e9b-b07f-4dd4ad82e4e4,8e40b208-0e62-4a37-8228-f003566dc4a7,-20,0.0,0.0,,6a222240-da83-409e-8bdf-b2c95f476fc3,97c5e5bc-7502-4f16-9c1b-53ead4fab5b2,6020.0,6.0,20.0,False,False,False,7fa5ba4b-28df-44e8-a4f2-d87072e98a2b
Krakowskie Manewry 2026,73886888-aec6-40b2-a2cd-a6353423fd49,Runda 1 - UNIQUE SCENARIOS,9943b591-3bd5-4c5a-a77d-cb7ab627e582,FINISHED,60d943a2-5bb1-4706-a3fe-595b10a499ea,7.0,2026-07-09T10:00:47.506Z,b1bd1503-6440-46e9-8483-3f56023dea7d,0ad1e880-3db6-4577-84e8-1f7bb3702572,992,1.0,9.0,,0d601369-82eb-49e0-97e1-a28e02a80f81,e0392558-e263-4874-b380-e33152fcecbe,5008.0,5.0,17.0,True,False,False,7fa5ba4b-28df-44e8-a4f2-d87072e98a2b
Krakowskie Manewry 2026,73886888-aec6-40b2-a2cd-a6353423fd49,Runda 1 - UNIQUE SCENARIOS,9943b591-3bd5-4c5a-a77d-cb7ab627e582,FINISHED,8971c69c-ab55-45ee-b2b5-814e7d1676a7,8.0,2026-07-09T10:00:47.506Z,44c4c281-c34e-4397-b691-b17b01bd4b2f,081b732c-68ef-4404-bf2c-b56519b96acd,996,1.0,7.0,,ce79c5fb-4b15-42a4-965a-c6b6bdae60f9,71f045ad-ce24-4e8b-865a-1dc0f634a42d,5004.0,5.0,11.0,False,False,False,7fa5ba4b-28df-44e8-a4f2-d87072e98a2b
Krakowskie Manewry 2026,73886888-aec6-40b2-a2cd-a6353423fd49,Runda 1 - UNIQUE SCENARIOS,9943b591-3bd5-4c5a-a77d-cb7ab627e582,FINISHED,68011da7-a24f-467b-ae5e-66735f4c1e36,9.0,2026-07-09T10:00:47.506Z,b21a7411-8184-4927-b866-256701efd470,6f0c7a5d-76ae-4136-81a4-1cb5150ad51d,6009,6.0,9.0,,dd1adf96-898b-4b08-be7e-9588d3d2ef9b,7508e7c6-6d9d-46a3-a29f-dc70f0917a46,-9.0,0.0,0.0,,False,False,7fa5ba4b-28df-44e8-a4f2-d87072e98a2b
Krakowskie Manewry 2026,73886888-aec6-40b2-a2cd-a6353423fd49,Runda 1 - UNIQUE SCENARIOS,9943b591-3bd5-4c5a-a77d-cb7ab627e582,FINISHED,04b7f918-8bd9-410c-91b9-6afd40e5c5a3,10.0,2026-07-09T10:00:47.506Z,a15aa1d9-dcd6-4c07-b400-bfa48708b884,8076af08-a8fe-455c-8c1a-2e5d7f2ad3eb,2000,2.0,7.0,False,ba671743-6746-48b1-983d-4a8cd014d529,40eca01a-ba05-4c54-afa1-205dbb9e86dc,2000.0,2.0,7.0,False,True,False,8076af08-a8fe-455c-8c1a-2e5d7f2ad3eb
Krakowskie Manewry 2026,73886888-aec6-40b2-a2cd-a6353423fd49,Runda 1 - UNIQUE SCENARIOS,9943b591-3bd5-4c5a-a77d-cb7ab627e582,FINISHED,31ef922c-2c8f-4263-b2ee-73b77d44bee3,11.0,2026-07-09T10:00:47.506Z,dbd38298-e5ad-491f-b2cc-553a6dbad40e,18bc28b3-714d-4a11-972d-514a54145413,6011,6.0,12.0,True,de9a2978-9082-4038-9ae9-a734963da2fa,1cd9909c-5aa9-41e1-adef-adc288fad817,-11.0,0.0,1.0,,False,False,7fa5ba4b-28df-44e8-a4f2-d87072e98a2b
Krakowskie Manewry 2026,73886888-aec6-40b2-a2cd-a6353423fd49,Runda 1 - UNIQUE SCENARIOS,9943b591-3bd5-4c5a-a77d-cb7ab627e582,FINISHED,2333e69d-6eb3-4359-ab60-e2a6057ef7a2,12.0,2026-07-09T10:00:47.506Z,0540eccf-251d-435e-a404-979fd3680e62,ea7e3e0d-3a78-4a90-8ca4-a55e6505cf5a,-12,0.0,7.0,False,3d68f279-767a-4977-b8bd-f802069d4eb9,6bec13b2-87d9-4e6d-b7ca-06b9e90bf3ba,6012.0,6.0,19.0,,False,False,7fa5ba4b-28df-44e8-a4f2-d87072e98a2b
Krakowskie Manewry 2026,73886888-aec6-40b2-a2cd-a6353423fd49,Runda 1 - UNIQUE SCENARIOS,9943b591-3bd5-4c5a-a77d-cb7ab627e582,FINISHED,887ad6d3-433a-4d3c-ba1c-c6403acb8f1c,13.0,2026-07-09T10:00:47.506Z,ffb910b1-f925-4a1a-815b-fba993079b31,9ab573d7-8211-4b81-bf7c-c22f802f9ee7,999,1.0,9.0,,80d560e9-a367-4bda-8829-936f7b9d7a83,f5bcca05-14a2-4c47-8a81-379d5c4ee992,5001.0,5.0,10.0,True,False,False,7fa5ba4b-28df-44e8-a4f2-d87072e98a2b
Krakowskie Manewry 2026,73886888-aec6-40b2-a2cd-a6353423fd49,Runda 1 - UNIQUE SCENARIOS,9943b591-3bd5-4c5a-a77d-cb7ab627e582,FINISHED,3c0c3bf7-e556-4f6d-a02d-635238eb5ee6,14.0,2026-07-09T10:00:47.506Z,434a022b-0f08-48e6-b6e5-8a2f4eeb500f,1648e62c-e62a-443c-83be-6fc7ad5a86ff,-6,0.0,1.0,,60d09bb5-b8ea-47df-a331-700d3bac4ba5,20a238b0-37e6-400b-a2a1-20935ab4cc00,6006.0,6.0,7.0,,False,False,7fa5ba4b-28df-44e8-a4f2-d87072e98a2b
Krakowskie Manewry 2026,73886888-aec6-40b2-a2cd-a6353423fd49,Runda 1 - UNIQUE SCENARIOS,9943b591-3bd5-4c5a-a77d-cb7ab627e582,FINISHED,17463170-f585-4cb8-8355-33ad16e346b7,15.0,2026-07-09T10:00:47.506Z,6fa91998-ffa0-41b8-862a-d0862e4f6c0a,d0007593-ceb7-41c6-a43e-c5541e5eb1c6,-5,0.0,4.0,,8feb251e-bd4e-4626-9d1b-c1de6e5943d2,a5f615bb-a42a-4084-98e7-426a4b15d6ac,6005.0,6.0,9.0,,False,False,7fa5ba4b-28df-44e8-a4f2-d87072e98a2b
Krakowskie Manewry 2026,73886888-aec6-40b2-a2cd-a6353423fd49,Runda 1 - UNIQUE SCENARIOS,9943b591-3bd5-4c5a-a77d-cb7ab627e582,FINISHED,889d1923-6510-4bf1-9552-95783c25ded4,16.0,2026-07-09T10:00:47.506Z,a16ad26b-0949-4159-bd18-8f4dd962d193,3eb3c237-e910-43c1-b4a4-4c8ada505d6f,996,1.0,8.0,,b2c8702a-b641-46c7-81ca-d9e5b78a8282,bbbe191e-78cb-42d6-acc6-fd53718b1fd2,5004.0,5.0,13.0,True,False,False,7fa5ba4b-28df-44e8-a4f2-d87072e98a2b
Krakowskie Manewry 2026,73886888-aec6-40b2-a2cd-a6353423fd49,Runda 1 - UNIQUE SCENARIOS,9943b591-3bd5-4c5a-a77d-cb7ab627e582,FINISHED,dd2849f1-e411-451f-aa1a-9470ee62189e,17.0,2026-07-09T10:00:47.506Z,0f867e15-efe1-444b-acd1-983564d4c743,448193ff-e2b4-4650-898a-1dd8dc3fd5e1,5002,5.0,5.0,,1c94fcc8-632a-4b3d-9347-ba5dead4a123,55b3019a-a7e5-4c3c-9c51-0643513d2296,998.0,1.0,3.0,True,False,False,7fa5ba4b-28df-44e8-a4f2-d87072e98a2b
Krakowskie Manewry 2026,73886888-aec6-40b2-a2cd-a6353423fd49,Runda 1 - UNIQUE SCENARIOS,9943b591-3bd5-4c5a-a77d-cb7ab627e582,FINISHED,5f0b9677-437a-4071-a10e-c406373937c3,18.0,2026-07-09T10:00:47.506Z,b0b00f18-73fd-4b51-9234-294a4a187124,5f55d7f6-e77c-45a0-b083-60691560a665,6014,6.0,14.0,,c2b19fb3-8b79-4f1e-9838-874b24468de3,d69a27be-2cfc-4695-9551-250b26795a4f,-14.0,0.0,0.0,,False,False,7fa5ba4b-28df-44e8-a4f2-d87072e98a2b
Krakowskie Manewry 2026,73886888-aec6-40b2-a2cd-a6353423fd49,Runda 1 - UNIQUE SCENARIOS,9943b591-3bd5-4c5a-a77d-cb7ab627e582,FINISHED,f9743ccf-d348-46d6-b983-46f789587e59,19.0,2026-07-09T10:00:47.506Z,3c3ca046-94f7-4d0b-81d4-6d8c8a613e80,e2d714cd-6b6f-42d3-a62d-ae0b293e4413,6020,6.0,20.0,,fe72ad75-443c-4228-8ab0-ba86213dae81,02e912fd-a2c2-4725-a3a6-e9d4fea52a31,-20.0,0.0,0.0,,False,False,7fa5ba4b-28df-44e8-a4f2-d87072e98a2b
Krakowskie Manewry 2026,73886888-aec6-40b2-a2cd-a6353423fd49,Runda 1 - UNIQUE SCENARIOS,9943b591-3bd5-4c5a-a77d-cb7ab627e582,FINISHED,07ea89ae-0b06-4dbf-9189-fe56365b063b,20.0,2026-07-09T10:00:47.506Z,3cd4806e-3807-4d16-8a8f-2ac8334d4d08,4775ff22-98bd-4dcb-bfd3-28ee7cd79a08,-13,0.0,2.0,,3af32f60-e3be-4e4d-bc80-bf713553550e,cbfbcd40-cbf7-4546-885f-4d061496fe8c,6013.0,6.0,15.0,True,False,False,7fa5ba4b-28df-44e8-a4f2-d87072e98a2b
Krakowskie Manewry 2026,73886888-aec6-40b2-a2cd-a6353423fd49,Runda 1 - UNIQUE SCENARIOS,9943b591-3bd5-4c5a-a77d-cb7ab627e582,FINISHED,a900931d-ae70-4f22-b21c-826308cd9cd3,21.0,2026-07-09T10:00:47.506Z,d1cf8a5f-99d9-4a14-9152-ddf7a946de3f,6a2a00f2-2511-49bb-abf4-034ba4382126,6004,6.0,7.0,,80d23a5b-843d-407e-b7d4-fa16d5ca0474,beec30f8-4a47-431b-b7ed-e7f37e95bbbc,-4.0,0.0,3.0,False,False,False,7fa5ba4b-28df-44e8-a4f2-d87072e98a2b
Krakowskie Manewry 2026,73886888-aec6-40b2-a2cd-a6353423fd49,Runda 1 - UNIQUE SCENARIOS,9943b591-3bd5-4c5a-a77d-cb7ab627e582,FINISHED,428747b3-7d5b-4085-b52a-6b0292817a59,22.0,2026-07-09T10:00:47.506Z,8db91fe9-aeac-49f7-b925-5c28a28a8b39,1279e92f-2cd2-4ab8-855a-9630a43d2c60,6007,6.0,9.0,,7a24d9c8-1497-468f-b34d-4773b732cbc1,3f55c328-9c62-4808-8c08-3aa6275710cd,-7.0,0.0,2.0,False,False,False,7fa5ba4b-28df-44e8-a4f2-d87072e98a2b
Krakowskie Manewry 2026,73886888-aec6-40b2-a2cd-a6353423fd49,Runda 1 - UNIQUE SCENARIOS,9943b591-3bd5-4c5a-a77d-cb7ab627e582,FINISHED,7106dcde-3ea3-4677-b6ba-bf03a4c3bb46,23.0,2026-07-09T10:00:47.506Z,e7620a46-c8ac-444c-b488-353aaf9f49a4,2a69f764-5cb1-4177-9200-d58b7117a089,-14,0.0,3.0,,dbaf61f6-0916-4ce2-b367-5d9b2488a2c0,83f6f224-a83f-4b8a-8284-e19085482720,6014.0,6.0,17.0,,False,False,7fa5ba4b-28df-44e8-a4f2-d87072e98a2b
Krakowskie Manewry 2026,73886888-aec6-40b2-a2cd-a6353423fd49,Runda 1 - UNIQUE SCENARIOS,9943b591-3bd5-4c5a-a77d-cb7ab627e582,FINISHED,3f9b92d7-5de2-4393-9fa6-35a80772934b,24.0,2026-07-09T10:00:47.506Z,9a48cc68-faf5-4fb8-a26c-ef69b1ffe524,804c4802-b3bc-41ec-9f1b-de92ffe4897e,-6,0.0,4.0,True,7c25c8ef-8751-48f3-a79d-dca8a2f61934,fe2829dd-d3d5-4397-9c63-f65a285aba6e,6006.0,6.0,10.0,,False,False,7fa5ba4b-28df-44e8-a4f2-d87072e98a2b
Krakowskie Manewry 2026,73886888-aec6-40b2-a2cd-a6353423fd49,Runda 1 - UNIQUE SCENARIOS,9943b591-3bd5-4c5a-a77d-cb7ab627e582,FINISHED,5cbb36df-32cd-44ba-9653-bcead0235ced,25.0,2026-07-09T10:00:47.506Z,d1f44981-b066-496c-b631-49ca06ca7296,6df80142-0804-43f3-910e-3d51131586cf,5004,5.0,8.0,False,0a1a0c8d-1338-4f3a-bf85-700c77658b07,809fc623-68b5-4bf3-933b-81f3ab3b689f,996.0,1.0,4.0,,False,False,7fa5ba4b-28df-44e8-a4f2-d87072e98a2b
Krakowskie Manewry 2026,73886888-aec6-40b2-a2cd-a6353423fd49,Runda 1 - UNIQUE SCENARIOS,9943b591-3bd5-4c5a-a77d-cb7ab627e582,FINISHED,4fde75f9-cb80-4f29-83c1-6d263cae8ba1,26.0,2026-07-09T10:00:47.506Z,71437e9c-ae32-4007-9988-eb0d8ce3e43b,9da2af4f-72f3-41ac-94ab-f4d0f86de13d,-10,0.0,2.0,,30db823c-357d-4d53-bf81-7bb867377d79,7f22159a-00df-4a00-9aa9-2f36d60d2455,6010.0,6.0,12.0,,False,False,7fa5ba4b-28df-44e8-a4f2-d87072e98a2b
Krakowskie Manewry 2026,73886888-aec6-40b2-a2cd-a6353423fd49,Runda 1 - UNIQUE SCENARIOS,9943b591-3bd5-4c5a-a77d-cb7ab627e582,FINISHED,7e136c21-bd4d-46f4-9da1-51ffe7b3bd49,27.0,2026-07-09T10:00:47.506Z,38f5e5e3-9d00-4f05-b26a-ca6df377eaee,08219a4e-e2d0-4904-b18d-f0320cd8d48b,5002,5.0,6.0,True,1f217d68-ea89-45d5-b747-5b28fabbf342,3723b773-cadb-46d3-8758-e1260476e981,998.0,1.0,4.0,False,False,False,7fa5ba4b-28df-44e8-a4f2-d87072e98a2b
Krakowskie Manewry 2026,73886888-aec6-40b2-a2cd-a6353423fd49,Runda 1 - UNIQUE SCENARIOS,9943b591-3bd5-4c5a-a77d-cb7ab627e582,FINISHED,3844edbd-ffee-4274-b14d-bc5fda3d07b4,28.0,2026-07-09T10:00:47.506Z,edaf1287-d8e3-468a-8344-800d633cef2f,4312b892-eb2e-491a-b14a-6f7cff1ab128,6006,6.0,11.0,True,dce28b61-9497-4b84-b6c4-3b2f9b4f31cb,9dbc8e72-3671-4d6d-b5a9-e1f2af80c9ea,-6.0,0.0,5.0,,False,False,7fa5ba4b-28df-44e8-a4f2-d87072e98a2b
Krakowskie Manewry 2026,73886888-aec6-40b2-a2cd-a6353423fd49,Runda 1 - UNIQUE SCENARIOS,9943b591-3bd5-4c5a-a77d-cb7ab627e582,FINISHED,1a2c2fef-a8a1-40c4-91eb-6bfea91614a8,29.0,2026-07-09T10:00:47.506Z,b5f7ffec-3671-4aaa-aee0-70bd1d966a86,7783babb-c470-4763-80c7-8e6bd277ded8,-14,0.0,0.0,False,dde37f98-e779-4be2-be36-9a45dc2d12f1,6f641816-8973-4f1f-b906-3b33d5710be9,6014.0,6.0,14.0,,False,False,7fa5ba4b-28df-44e8-a4f2-d87072e98a2b
Krakowskie Manewry 2026,73886888-aec6-40b2-a2cd-a6353423fd49,Runda 1 - UNIQUE SCENARIOS,9943b591-3bd5-4c5a-a77d-cb7ab627e582,FINISHED,013fbffc-3681-4876-b957-ab15cd19819c,30.0,2026-07-09T10:00:47.506Z,abb49a80-2e42-4ae7-9a70-72d2327d8377,76870d30-055b-4a89-a141-78ef032269f2,5005,5.0,15.0,,7fdfd13a-06b4-4596-92ec-99002e9fa04d,1b3a7062-b9d5-4a5a-b5b4-47543d96425e,995.0,1.0,10.0,,False,False,7fa5ba4b-28df-44e8-a4f2-d87072e98a2b
Krakowskie Manewry 2026,73886888-aec6-40b2-a2cd-a6353423fd49,Runda 1 - UNIQUE SCENARIOS,9943b591-3bd5-4c5a-a77d-cb7ab627e582,FINISHED,08a21026-25ad-4748-b74d-865e55cd5a7f,31.0,2026-07-09T10:00:47.506Z,a50b3818-95bd-4f5c-bfab-9f70b1c96074,813e33d8-2b98-45ed-8c3c-00af33dd4697,2000,2.0,7.0,,552ea935-d3cd-4785-999d-caa29b631824,a15d42d2-401a-42d5-a0e7-e8f88c780302,2000.0,2.0,7.0,,False,False,7fa5ba4b-28df-44e8-a4f2-d87072e98a2b
Krakowskie Manewry 2026,73886888-aec6-40b2-a2cd-a6353423fd49,Runda 1 - UNIQUE SCENARIOS,9943b591-3bd5-4c5a-a77d-cb7ab627e582,FINISHED,59866ff0-baa7-4f72-9dbb-a3d4f7b1fad5,32.0,2026-07-09T10:00:47.506Z,8135257a-42bd-4fce-bf5a-ecd54d0064de,6dead819-2363-4244-ab43-933ee534235f,6008,6.0,8.0,,b0e617e3-32fc-4ddc-8def-00c39a36379f,6732875f-9e3b-44e5-b4a1-5ce209a9b359,-8.0,0.0,0.0,,False,False,7fa5ba4b-28df-44e8-a4f2-d87072e98a2b
Krakowskie Manewry 2026,73886888-aec6-40b2-a2cd-a6353423fd49,Runda 1 - UNIQUE SCENARIOS,9943b591-3bd5-4c5a-a77d-cb7ab627e582,FINISHED,d032d870-6cda-4053-a22f-019b8ecea126,33.0,2026-07-09T10:00:47.506Z,465c91c1-f360-497b-9a0c-040015842868,457f9c1a-0e9a-4c0e-ae41-7f00e3646fba,-19,0.0,0.0,False,d0207c49-fd18-4880-9446-c2249966db1c,c451779b-6172-4e1a-acbd-1b387949849d,6019.0,6.0,19.0,,False,False,7fa5ba4b-28df-44e8-a4f2-d87072e98a2b
Krakowskie Manewry 2026,73886888-aec6-40b2-a2cd-a6353423fd49,Runda 1 - UNIQUE SCENARIOS,9943b591-3bd5-4c5a-a77d-cb7ab627e582,FINISHED,c7879338-0791-4ac1-a5d8-ad80de0334fc,34.0,2026-07-09T10:00:47.506Z,80b79d30-1646-46fe-9bd0-b0e63c979f40,68431330-4907-4fe2-91af-e912792c5c68,-18,0.0,2.0,,03fea88c-3374-4014-9b13-6d27c19cbc4d,9f838a1a-8b9b-4c57-9faa-251f6768a5e9,6018.0,6.0,18.0,,False,False,7fa5ba4b-28df-44e8-a4f2-d87072e98a2b
Krakowskie Manewry 2026,73886888-aec6-40b2-a2cd-a6353423fd49,Runda 1 - UNIQUE SCENARIOS,9943b591-3bd5-4c5a-a77d-cb7ab627e582,FINISHED,000145a8-ec2b-4d54-8076-f80109bc0daf,35.0,2026-07-09T10:00:47.506Z,635f9e5f-2912-4968-9c9c-34cf106143d5,b8dd1de2-9dd2-40d6-8a9b-5b3403be9f37,6009,6.0,13.0,True,d060cb17-4509-48a1-b208-e29f1bcd1f39,cd36b01c-87a1-47c9-b877-a65940b24b12,-9.0,0.0,4.0,,False,False,7fa5ba4b-28df-44e8-a4f2-d87072e98a2b
Krakowskie Manewry 2026,73886888-aec6-40b2-a2cd-a6353423fd49,Runda 1 - UNIQUE SCENARIOS,9943b591-3bd5-4c5a-a77d-cb7ab627e582,FINISHED,b2720242-58ad-42bf-b315-772519fb306b,36.0,2026-07-09T10:00:47.506Z,0226a0fd-60f1-43f2-bda7-61d04ae00e25,b9991a3f-21db-4617-833e-e0341de18725,-4,0.0,4.0,,c5cd502e-ac2e-4eed-8df8-9bdf6d8d74dc,c835422a-30a3-4c32-b3c7-e4adf534f128,6004.0,6.0,8.0,,False,False,7fa5ba4b-28df-44e8-a4f2-d87072e98a2b
Krakowskie Manewry 2026,73886888-aec6-40b2-a2cd-a6353423fd49,Runda 1 - UNIQUE SCENARIOS,9943b591-3bd5-4c5a-a77d-cb7ab627e582,FINISHED,4c9e74d1-9e9b-404e-bbf7-f44304d469e6,37.0,2026-07-09T10:00:47.506Z,221974be-f889-4996-86f5-3a35ff33b762,d96af431-77bb-4909-bb15-61df62e81b15,6020,6.0,20.0,,716ada41-b724-450f-86ce-7e4acdbe2e33,4c85220b-667f-4d0b-b719-9c9ae145792d,-20.0,0.0,0.0,,False,False,7fa5ba4b-28df-44e8-a4f2-d87072e98a2b
Krakowskie Manewry 2026,73886888-aec6-40b2-a2cd-a6353423fd49,Runda 1 - UNIQUE SCENARIOS,9943b591-3bd5-4c5a-a77d-cb7ab627e582,FINISHED,f1fe6e08-82dc-4d22-a20f-d0c40ef0e614,38.0,2026-07-09T10:00:47.506Z,5f0a153a-cc47-4984-a50e-d67e0fba32da,15e5a444-91c2-43fe-8b7b-c927354ca51a,6010,6.0,12.0,False,53f1e39c-2e5d-437a-87d1-3d9e540df4ed,47aa3a89-3a24-42bb-b29d-e5b15aef0de7,-10.0,0.0,2.0,,False,False,7fa5ba4b-28df-44e8-a4f2-d87072e98a2b
Krakowskie Manewry 2026,73886888-aec6-40b2-a2cd-a6353423fd49,Runda 1 - UNIQUE SCENARIOS,9943b591-3bd5-4c5a-a77d-cb7ab627e582,FINISHED,4849f976-f56f-4a37-a89e-ca57182a2dec,39.0,2026-07-09T10:19:21.538Z,74740644-153b-45e3-a7a5-701bf624cdc9,60bafdc5-b190-426c-b9e7-f5e0a369a294,999,1.0,3.0,,9081fa77-4062-4603-9e32-63f735f39eaa,9641c0c9-16e9-4bb7-a7f4-e73245f48db2,5001.0,5.0,4.0,,False,False,7fa5ba4b-28df-44e8-a4f2-d87072e98a2b
Krakowskie Manewry 2026,73886888-aec6-40b2-a2cd-a6353423fd49,Runda 1 - UNIQUE SCENARIOS,9943b591-3bd5-4c5a-a77d-cb7ab627e582,FINISHED,b591aa9b-9e67-42f6-92de-ccc9be16f8ae,40.0,2026-07-09T10:00:47.506Z,4b8876d6-9d01-49cc-97b8-3c7bd661e90e,475ff286-fcbc-4c49-bac5-e3002c4bdf14,6011,6.0,15.0,True,5b404cd3-dc5d-4fdb-8ec4-96ea2817e471,f48752fd-e96a-49e3-bb78-8c12475d82ae,-11.0,0.0,4.0,False,False,False,7fa5ba4b-28df-44e8-a4f2-d87072e98a2b
Krakowskie Manewry 2026,73886888-aec6-40b2-a2cd-a6353423fd49,Runda 1 - UNIQUE SCENARIOS,9943b591-3bd5-4c5a-a77d-cb7ab627e582,FINISHED,bef49c61-c896-474d-ae01-3d3bbe83281c,41.0,2026-07-09T10:00:47.506Z,c4176f00-b187-4a56-a1f9-dc7f50387071,f1143858-3e87-4afe-807d-f33f21de6d7e,-5,0.0,3.0,,bf021a32-372f-4138-8813-650f794d4203,2fa7f179-c8a2-4ee8-913e-2bcfb9ea1f59,6005.0,6.0,8.0,True,False,False,7fa5ba4b-28df-44e8-a4f2-d87072e98a2b
Krakowskie Manewry 2026,73886888-aec6-40b2-a2cd-a6353423fd49,Runda 1 - UNIQUE SCENARIOS,9943b591-3bd5-4c5a-a77d-cb7ab627e582,FINISHED,a801833d-6f90-477d-8195-674d0badd639,42.0,2026-07-09T10:00:47.506Z,56c0831b-feea-44ee-8dd3-86827a9261be,5de541e0-dfa6-4c41-b224-90684a3b5e1c,-6,0.0,2.0,True,c39a15ea-1db8-4f16-94e0-cb803780097c,f0b719fd-09d6-4d2a-a87c-bd6e7fcd6990,6006.0,6.0,8.0,,False,False,7fa5ba4b-28df-44e8-a4f2-d87072e98a2b
Krakowskie Manewry 2026,73886888-aec6-40b2-a2cd-a6353423fd49,Runda 1 - UNIQUE SCENARIOS,9943b591-3bd5-4c5a-a77d-cb7ab627e582,FINISHED,ea084555-bf51-4832-b4bb-1290a695145d,43.0,2026-07-09T10:00:47.506Z,d0be9509-5d2b-4fd1-b611-f8cf2f6c591d,7825ed24-d5e7-4e12-b627-23c81c278c00,2000,2.0,7.0,,a15d50c9-1341-458a-be21-1c62c1912928,d46af0a2-c60d-45ef-9286-540bdc4ee510,2000.0,2.0,7.0,,False,False,7fa5ba4b-28df-44e8-a4f2-d87072e98a2b
Krakowskie Manewry 2026,73886888-aec6-40b2-a2cd-a6353423fd49,Runda 1 - UNIQUE SCENARIOS,9943b591-3bd5-4c5a-a77d-cb7ab627e582,FINISHED,0ab902c9-0e32-4cd4-9cac-048a850011e6,44.0,2026-07-09T10:00:47.506Z,399e8989-76be-4c84-9550-53c564791347,78dcd687-a7f0-4fff-8ba0-8bf91d031f3b,-8,3.0,0.0,,83b96de7-3f5c-4a62-9b97-52555bfc2f23,3d9c2b85-855a-4af5-9786-5280365b2d7d,6008.0,11.0,6.0,,False,False,7fa5ba4b-28df-44e8-a4f2-d87072e98a2b
Krakowskie Manewry 2026,73886888-aec6-40b2-a2cd-a6353423fd49,Runda 1 - UNIQUE SCENARIOS,9943b591-3bd5-4c5a-a77d-cb7ab627e582,FINISHED,c1d365f6-a7bd-416c-9d91-736c52966bdd,45.0,2026-07-09T10:00:47.506Z,313b780c-4ef9-4533-b149-6f136dc0c0c9,1e4b9bdf-6062-4736-aef3-52bc568f8803,5001,5.0,11.0,,a2de0883-c6e1-46f1-a482-dae98fd33fe3,2a392470-f47d-4fff-a8b9-37d9cbbe2361,999.0,1.0,10.0,,False,False,7fa5ba4b-28df-44e8-a4f2-d87072e98a2b
Krakowskie Manewry 2026,73886888-aec6-40b2-a2cd-a6353423fd49,Runda 1 - UNIQUE SCENARIOS,9943b591-3bd5-4c5a-a77d-cb7ab627e582,FINISHED,00bb46f8-ce96-469d-90f8-307e5a5e72ff,46.0,2026-07-09T10:00:47.506Z,ff2babda-2117-46c4-847e-614d4937c83d,de531847-5760-46e8-b02d-193569efdd23,996,1.0,6.0,,00171dd1-30db-4acf-b0d9-19f16ff29de8,7d79e669-7010-4328-bbf5-3f7203dddd9a,5004.0,5.0,10.0,,False,False,7fa5ba4b-28df-44e8-a4f2-d87072e98a2b
Krakowskie Manewry 2026,73886888-aec6-40b2-a2cd-a6353423fd49,Runda 1 - UNIQUE SCENARIOS,9943b591-3bd5-4c5a-a77d-cb7ab627e582,FINISHED,dae0c75c-7f45-43cf-80a1-29d2470ded73,47.0,2026-07-09T10:00:47.506Z,0f477319-7a03-47dd-8e31-f261bc27fe7e,ef46c5bc-e9ab-450b-85f5-4b88323ef1b8,6009,6.0,9.0,,3b88af0d-4452-4411-b5e4-08f077a76a07,e193927e-381f-4695-ac85-685e297bb182,-9.0,0.0,0.0,,False,False,7fa5ba4b-28df-44e8-a4f2-d87072e98a2b
Krakowskie Manewry 2026,73886888-aec6-40b2-a2cd-a6353423fd49,Runda 1 - UNIQUE SCENARIOS,9943b591-3bd5-4c5a-a77d-cb7ab627e582,FINISHED,1a3ed78e-4cf1-4686-ab90-3e532905ad58,48.0,2026-07-09T10:00:47.506Z,bea060c7-39aa-4daf-8f79-ce878f134512,21c12fb0-4289-4df3-8bad-f18c2a49fd0d,6016,6.0,16.0,,0a9d373a-c70a-4887-806c-bfd9cd2a1889,5aa7d708-6938-4f9e-b4d9-ef2e49b6f5f5,-16.0,0.0,0.0,False,False,False,7fa5ba4b-28df-44e8-a4f2-d87072e98a2b
Krakowskie Manewry 2026,73886888-aec6-40b2-a2cd-a6353423fd49,Runda 1 - UNIQUE SCENARIOS,9943b591-3bd5-4c5a-a77d-cb7ab627e582,FINISHED,402d3a65-4b20-478e-8272-58013faf1030,49.0,2026-07-09T10:00:47.506Z,706cb132-ce3f-45a6-aad4-b4dc338fd501,4edd7b4a-f5e4-4136-9363-aa93d7e9b8e3,6016,6.0,18.0,False,f5a6cd61-21bf-425d-bb3c-259e106749dc,0117f017-2d2b-4322-910f-c7c1b3aae435,-16.0,0.0,2.0,,False,False,7fa5ba4b-28df-44e8-a4f2-d87072e98a2b
Krakowskie Manewry 2026,73886888-aec6-40b2-a2cd-a6353423fd49,Runda 1 - UNIQUE SCENARIOS,9943b591-3bd5-4c5a-a77d-cb7ab627e582,FINISHED,266b0adf-7027-417c-a5b9-1e621ae7cbbd,50.0,2026-07-09T10:00:47.506Z,b016a984-cca1-4d8a-923a-2393e3a059d9,b802b217-7d71-4af6-bee4-c7f6e8879b94,-8,0.0,1.0,,f0ab0d7f-95f4-4c34-9964-122ffdca513b,63c2331e-0577-4bdc-a5fa-98ec6d23cbc5,6008.0,6.0,9.0,False,False,False,7fa5ba4b-28df-44e8-a4f2-d87072e98a2b
Krakowskie Manewry 2026,73886888-aec6-40b2-a2cd-a6353423fd49,Runda 1 - UNIQUE SCENARIOS,9943b591-3bd5-4c5a-a77d-cb7ab627e582,FINISHED,6f06a10c-c4ff-4146-b23e-ba63f203943a,51.0,2026-07-09T10:00:47.506Z,db0bfede-8d4b-41de-8331-b3668403622b,b6f0e023-257d-472b-af43-78e56d559cae,-20,0.0,0.0,,5b8244b9-c1a0-4bcc-b74f-a930e739ad4c,5f6a7ffa-1a94-4176-a2f0-42f18d04a39e,6020.0,6.0,20.0,,False,False,7fa5ba4b-28df-44e8-a4f2-d87072e98a2b
Krakowskie Manewry 2026,73886888-aec6-40b2-a2cd-a6353423fd49,Runda 1 - UNIQUE SCENARIOS,9943b591-3bd5-4c5a-a77d-cb7ab627e582,FINISHED,c80062de-3b09-45b7-acba-a4b3dadbdf2c,52.0,2026-07-09T10:00:47.506Z,0457a789-5da9-4b4e-88f5-0083c3585d73,9d5bc521-d1ac-416e-952c-926b6aef9e60,5004,5.0,5.0,,72010097-f395-49a3-abf5-61c5dcbffa5c,3fb17aad-078c-4ea5-ae7e-2ae332f265d4,996.0,1.0,1.0,False,False,False,7fa5ba4b-28df-44e8-a4f2-d87072e98a2b
Krakowskie Manewry 2026,73886888-aec6-40b2-a2cd-a6353423fd49,Runda 1 - UNIQUE SCENARIOS,9943b591-3bd5-4c5a-a77d-cb7ab627e582,FINISHED,3f765a4b-532b-4046-98af-9d8e6a8c6507,53.0,2026-07-09T10:00:47.506Z,8ea71280-81af-4493-bee6-595fc0eac842,a6fc8598-2a54-4bb6-bbe1-4501ff1cee61,996,1.0,9.0,,2af7f190-cb9c-4140-bd8c-d8264a126d21,1403a8fb-39a4-4e2f-b6cd-5d7e334df789,5004.0,5.0,13.0,True,False,False,7fa5ba4b-28df-44e8-a4f2-d87072e98a2b
Krakowskie Manewry 2026,73886888-aec6-40b2-a2cd-a6353423fd49,Runda 1 - UNIQUE SCENARIOS,9943b591-3bd5-4c5a-a77d-cb7ab627e582,FINISHED,9fd6ea31-d5fd-45e8-b527-ee25eaff5713,54.0,2026-07-09T10:19:21.538Z,7ddc45db-d435-4e20-aa97-49a43b7ab618,e11c9221-5fee-4a26-b4a8-23f3ee654de2,6006,6.0,7.0,,b4812938-ff0b-4af7-a6ab-9ba1ce0565f8,795b46a8-5f87-4929-9f90-8af5cf04da90,-6.0,0.0,1.0,,False,False,7fa5ba4b-28df-44e8-a4f2-d87072e98a2b
Krakowskie Manewry 2026,73886888-aec6-40b2-a2cd-a6353423fd49,Runda 2 - MEALSTORM OF BATTLE,da595305-1ada-406c-9139-1e2eae8fc8f4,FINISHED,22ed9c10-5f7d-47f1-9a41-7311e75487cf,0.0,2026-07-11T09:52:57.996Z,a9b08aab-21ec-4f98-a422-5aefade42832,5f6a7ffa-1a94-4176-a2f0-42f18d04a39e,6010,6.0,13.0,,f12d4449-4028-4457-9d13-8f3700eca77f,e2d714cd-6b6f-42d3-a62d-ae0b293e4413,-10.0,0.0,3.0,,False,False,7fa5ba4b-28df-44e8-a4f2-d87072e98a2b
Krakowskie Manewry 2026,73886888-aec6-40b2-a2cd-a6353423fd49,Runda 2 - MEALSTORM OF BATTLE,da595305-1ada-406c-9139-1e2eae8fc8f4,FINISHED,02112932-bd70-433f-bd02-316c5d12269d,1.0,2026-07-11T09:52:57.996Z,7a69e4eb-d489-4584-a9a2-44db913cfe1b,d96af431-77bb-4909-bb15-61df62e81b15,-9,0.0,1.0,,77b34f0c-4537-4d26-96cc-42aba0708fde,97c5e5bc-7502-4f16-9c1b-53ead4fab5b2,6009.0,6.0,10.0,True,False,False,7fa5ba4b-28df-44e8-a4f2-d87072e98a2b
Krakowskie Manewry 2026,73886888-aec6-40b2-a2cd-a6353423fd49,Runda 2 - MEALSTORM OF BATTLE,da595305-1ada-406c-9139-1e2eae8fc8f4,FINISHED,42f7161a-2426-43f1-b126-65b375675cda,2.0,2026-07-11T09:52:57.996Z,583775c3-69f0-4fd2-bec9-38f01e065966,c451779b-6172-4e1a-acbd-1b387949849d,999,1.0,6.0,,d4eede91-d086-4053-acf6-54790adad5af,9f838a1a-8b9b-4c57-9faa-251f6768a5e9,5001.0,5.0,7.0,,False,False,7fa5ba4b-28df-44e8-a4f2-d87072e98a2b
Krakowskie Manewry 2026,73886888-aec6-40b2-a2cd-a6353423fd49,Runda 2 - MEALSTORM OF BATTLE,da595305-1ada-406c-9139-1e2eae8fc8f4,FINISHED,45616f06-b530-4ebb-9e47-be6b3b258fa0,3.0,2026-07-11T09:52:57.996Z,4e028720-138f-4707-81a4-820d1a5ae95f,4edd7b4a-f5e4-4136-9363-aa93d7e9b8e3,997,1.0,4.0,False,172c72bc-a749-4bf5-8578-b0c483b23808,21c12fb0-4289-4df3-8bad-f18c2a49fd0d,5003.0,5.0,7.0,True,False,False,7fa5ba4b-28df-44e8-a4f2-d87072e98a2b
Krakowskie Manewry 2026,73886888-aec6-40b2-a2cd-a6353423fd49,Runda 2 - MEALSTORM OF BATTLE,da595305-1ada-406c-9139-1e2eae8fc8f4,FINISHED,b46c6379-474b-4a92-b4a6-f1ef29cee087,4.0,2026-07-11T09:52:57.996Z,1a5e1193-97b5-4898-a245-62b9370c76f8,83f6f224-a83f-4b8a-8284-e19085482720,999,1.0,5.0,,f1643270-0b51-4766-8109-36369250d676,5f55d7f6-e77c-45a0-b083-60691560a665,5001.0,5.0,6.0,,False,False,7fa5ba4b-28df-44e8-a4f2-d87072e98a2b
Krakowskie Manewry 2026,73886888-aec6-40b2-a2cd-a6353423fd49,Runda 2 - MEALSTORM OF BATTLE,da595305-1ada-406c-9139-1e2eae8fc8f4,FINISHED,d9809eb8-143a-4bc6-aaf6-eaad9262b15b,5.0,2026-07-11T09:52:57.996Z,666836b3-3cbf-4ffb-8e40-83c19a173b44,6f641816-8973-4f1f-b906-3b33d5710be9,6006,6.0,7.0,,3727a361-b8f6-4012-92b3-5c606e022a20,cbfbcd40-cbf7-4546-885f-4d061496fe8c,-6.0,0.0,1.0,False,False,False,7fa5ba4b-28df-44e8-a4f2-d87072e98a2b
Krakowskie Manewry 2026,73886888-aec6-40b2-a2cd-a6353423fd49,Runda 2 - MEALSTORM OF BATTLE,da595305-1ada-406c-9139-1e2eae8fc8f4,FINISHED,1225c6ba-579c-41e5-9f1d-9f7bd19b161a,6.0,2026-07-11T09:52:57.996Z,5321a88e-3da2-468e-9531-57a80d852349,6bec13b2-87d9-4e6d-b7ca-06b9e90bf3ba,997,1.0,8.0,,1a8f2d31-0996-45ec-89c1-b7c577717bfa,475ff286-fcbc-4c49-bac5-e3002c4bdf14,5003.0,5.0,11.0,False,False,False,7fa5ba4b-28df-44e8-a4f2-d87072e98a2b
Krakowskie Manewry 2026,73886888-aec6-40b2-a2cd-a6353423fd49,Runda 2 - MEALSTORM OF BATTLE,da595305-1ada-406c-9139-1e2eae8fc8f4,FINISHED,806b96d4-543e-4e87-b6b9-028ee9134a0c,7.0,2026-07-11T09:52:57.996Z,e5b37e85-4561-436e-a792-e40167366fde,18bc28b3-714d-4a11-972d-514a54145413,6017,6.0,17.0,True,09058879-65eb-4e9f-8c0f-575f623f0abe,7f22159a-00df-4a00-9aa9-2f36d60d2455,-17.0,0.0,0.0,,False,False,7fa5ba4b-28df-44e8-a4f2-d87072e98a2b
Krakowskie Manewry 2026,73886888-aec6-40b2-a2cd-a6353423fd49,Runda 2 - MEALSTORM OF BATTLE,da595305-1ada-406c-9139-1e2eae8fc8f4,FINISHED,11d3c05b-2544-41e0-b2e1-128b94eb1e46,8.0,2026-07-11T09:52:57.996Z,c83303e8-35c5-4801-9b40-fa6baa24d656,15e5a444-91c2-43fe-8b7b-c927354ca51a,6009,6.0,13.0,True,951d1292-4e7c-4f1e-949e-01457c58242b,59614550-aefe-45cd-b768-5f8310065c35,-9.0,0.0,4.0,,False,False,7fa5ba4b-28df-44e8-a4f2-d87072e98a2b
Krakowskie Manewry 2026,73886888-aec6-40b2-a2cd-a6353423fd49,Runda 2 - MEALSTORM OF BATTLE,da595305-1ada-406c-9139-1e2eae8fc8f4,FINISHED,ff477a0f-c716-418b-a547-9e902498c80e,9.0,2026-07-11T09:52:57.996Z,573d0272-f51f-4930-a0d6-ea5d0f6e61df,b8dd1de2-9dd2-40d6-8a9b-5b3403be9f37,5002,5.0,5.0,True,e744688e-4d32-4569-9b2b-3beb60dbb414,ef46c5bc-e9ab-450b-85f5-4b88323ef1b8,998.0,1.0,3.0,,False,False,7fa5ba4b-28df-44e8-a4f2-d87072e98a2b
Krakowskie Manewry 2026,73886888-aec6-40b2-a2cd-a6353423fd49,Runda 2 - MEALSTORM OF BATTLE,da595305-1ada-406c-9139-1e2eae8fc8f4,FINISHED,30e1caa9-fbab-4bdb-84a4-8eba570bf571,10.0,2026-07-11T09:52:57.996Z,162b0dc8-cff6-4368-adb0-dc425dbeaa67,6f0c7a5d-76ae-4136-81a4-1cb5150ad51d,5003,5.0,9.0,,466b9b7c-72a1-4ae2-a2fe-7411cd83d5b8,3d9c2b85-855a-4af5-9786-5280365b2d7d,997.0,1.0,6.0,,False,False,7fa5ba4b-28df-44e8-a4f2-d87072e98a2b
Krakowskie Manewry 2026,73886888-aec6-40b2-a2cd-a6353423fd49,Runda 2 - MEALSTORM OF BATTLE,da595305-1ada-406c-9139-1e2eae8fc8f4,FINISHED,5f0a460e-560d-4722-82df-076cae62ac2c,11.0,2026-07-11T09:52:57.996Z,5cc929fe-98de-4820-96de-d88598d4ae3c,63c2331e-0577-4bdc-a5fa-98ec6d23cbc5,6008,6.0,11.0,True,0cb4b88b-0b76-48e1-893d-5e0be6fd6497,6dead819-2363-4244-ab43-933ee534235f,-8.0,0.0,3.0,,False,False,7fa5ba4b-28df-44e8-a4f2-d87072e98a2b
Krakowskie Manewry 2026,73886888-aec6-40b2-a2cd-a6353423fd49,Runda 2 - MEALSTORM OF BATTLE,da595305-1ada-406c-9139-1e2eae8fc8f4,FINISHED,c9f5fd6f-a4f5-462d-99e5-5eab30402e80,12.0,2026-07-11T09:52:57.996Z,f5140159-dfab-4c39-a32b-e07c58792761,9357ea2e-af38-453d-9c2f-b828d5ccdfb6,6006,6.0,10.0,True,363352d6-bd91-4e98-9f5c-2b01b0f788de,1279e92f-2cd2-4ab8-855a-9630a43d2c60,-6.0,0.0,4.0,,False,False,7fa5ba4b-28df-44e8-a4f2-d87072e98a2b
Krakowskie Manewry 2026,73886888-aec6-40b2-a2cd-a6353423fd49,Runda 2 - MEALSTORM OF BATTLE,da595305-1ada-406c-9139-1e2eae8fc8f4,FINISHED,977c8c85-fcc7-4de9-97b6-164b5eb6f20c,13.0,2026-07-11T09:52:57.996Z,fdb36a7e-c581-4327-bed0-6862fe64de6c,4312b892-eb2e-491a-b14a-6f7cff1ab128,999,1.0,5.0,False,dbe1ac4f-1b54-4fd5-a975-73b2d156deb1,fe2829dd-d3d5-4397-9c63-f65a285aba6e,5001.0,5.0,6.0,,False,False,7fa5ba4b-28df-44e8-a4f2-d87072e98a2b
Krakowskie Manewry 2026,73886888-aec6-40b2-a2cd-a6353423fd49,Runda 2 - MEALSTORM OF BATTLE,da595305-1ada-406c-9139-1e2eae8fc8f4,FINISHED,90827575-45d3-4bca-b6b8-5038d658178f,14.0,2026-07-11T09:52:57.996Z,654cd783-aab6-49a1-bc15-6ec58d5d0e1c,dd081a04-8bbb-4409-aed7-f6ceedf4d7d0,-10,0.0,2.0,,d7143740-e0d7-450d-81ff-3989ccd2b1a3,4d2a70a2-c8e1-4ab9-a886-3a945d216f71,6010.0,6.0,12.0,True,False,False,7fa5ba4b-28df-44e8-a4f2-d87072e98a2b
Krakowskie Manewry 2026,73886888-aec6-40b2-a2cd-a6353423fd49,Runda 2 - MEALSTORM OF BATTLE,da595305-1ada-406c-9139-1e2eae8fc8f4,FINISHED,c0220493-33e5-4d41-9cdc-4180e5830d6a,15.0,2026-07-11T09:52:57.996Z,fe514a5d-b10a-449a-ad47-84d696532796,f0b719fd-09d6-4d2a-a87c-bd6e7fcd6990,-6,0.0,3.0,,2b05f2dc-01e5-4ca1-b086-6da64711da6f,6d76eb6c-3cb2-419b-87ac-ac387640fbad,6006.0,6.0,9.0,,False,False,7fa5ba4b-28df-44e8-a4f2-d87072e98a2b
Krakowskie Manewry 2026,73886888-aec6-40b2-a2cd-a6353423fd49,Runda 2 - MEALSTORM OF BATTLE,da595305-1ada-406c-9139-1e2eae8fc8f4,FINISHED,02121c16-fdcc-4824-9c81-bfa4eef9c2b1,16.0,2026-07-11T09:52:57.996Z,2656fa47-884f-4530-b5e6-208dee0b3960,e11c9221-5fee-4a26-b4a8-23f3ee654de2,5001,5.0,4.0,,71674959-777f-4c00-aa87-cae66d7a087e,20a238b0-37e6-400b-a2a1-20935ab4cc00,999.0,1.0,3.0,,False,False,7fa5ba4b-28df-44e8-a4f2-d87072e98a2b
Krakowskie Manewry 2026,73886888-aec6-40b2-a2cd-a6353423fd49,Runda 2 - MEALSTORM OF BATTLE,da595305-1ada-406c-9139-1e2eae8fc8f4,FINISHED,6be3300b-1394-4307-9c51-59be5c406f85,17.0,2026-07-11T09:52:57.996Z,208ec59f-f141-4139-b6dc-ad1cb62ba8c5,a5f615bb-a42a-4084-98e7-426a4b15d6ac,-10,0.0,1.0,,72e31c44-9cb7-4445-bcd4-d5882118860f,2fa7f179-c8a2-4ee8-913e-2bcfb9ea1f59,6010.0,6.0,11.0,False,False,False,7fa5ba4b-28df-44e8-a4f2-d87072e98a2b
Krakowskie Manewry 2026,73886888-aec6-40b2-a2cd-a6353423fd49,Runda 2 - MEALSTORM OF BATTLE,da595305-1ada-406c-9139-1e2eae8fc8f4,FINISHED,5068664b-2300-42bf-8d3e-4c5c2ac257bf,18.0,2026-07-11T09:52:57.996Z,f835c084-0a45-4fea-9e90-737ee26d5cd9,c835422a-30a3-4c32-b3c7-e4adf534f128,-11,0.0,3.0,,2784c76c-55fd-4a09-9fd5-57b2cf84cb6d,6a2a00f2-2511-49bb-abf4-034ba4382126,6011.0,6.0,14.0,,False,False,7fa5ba4b-28df-44e8-a4f2-d87072e98a2b
Krakowskie Manewry 2026,73886888-aec6-40b2-a2cd-a6353423fd49,Runda 2 - MEALSTORM OF BATTLE,da595305-1ada-406c-9139-1e2eae8fc8f4,FINISHED,ae8fe76d-7dc5-484b-ae7f-88d7b2ccae64,19.0,2026-07-11T09:52:57.996Z,d75f207d-308b-4b50-a50c-a146ab7037f8,e0392558-e263-4874-b380-e33152fcecbe,6012,6.0,16.0,False,4630b4e3-159e-4fff-91db-d4a333d835f0,76870d30-055b-4a89-a141-78ef032269f2,-12.0,0.0,4.0,,False,False,7fa5ba4b-28df-44e8-a4f2-d87072e98a2b
Krakowskie Manewry 2026,73886888-aec6-40b2-a2cd-a6353423fd49,Runda 2 - MEALSTORM OF BATTLE,da595305-1ada-406c-9139-1e2eae8fc8f4,FINISHED,84cf0d02-8b89-4ed0-b442-e680532d8b71,20.0,2026-07-11T09:52:57.996Z,5955fb79-e0f3-46e9-8d2e-50beaa0468a4,1403a8fb-39a4-4e2f-b6cd-5d7e334df789,5004,5.0,5.0,True,c3593cae-faf8-41fd-94d5-9f0d85e9a56b,bbbe191e-78cb-42d6-acc6-fd53718b1fd2,996.0,1.0,1.0,False,False,False,7fa5ba4b-28df-44e8-a4f2-d87072e98a2b
Krakowskie Manewry 2026,73886888-aec6-40b2-a2cd-a6353423fd49,Runda 2 - MEALSTORM OF BATTLE,da595305-1ada-406c-9139-1e2eae8fc8f4,FINISHED,dc9b21b1-ef51-486f-b905-0472dd2dfca1,21.0,2026-07-11T09:52:57.996Z,e41fc8e3-3d69-4641-8cf1-330c831302dd,71f045ad-ce24-4e8b-865a-1dc0f634a42d,6003,6.0,6.0,True,1ad5cfc6-3ece-4066-a1f9-185d2d048bdc,7d79e669-7010-4328-bbf5-3f7203dddd9a,-3.0,0.0,3.0,,False,False,7fa5ba4b-28df-44e8-a4f2-d87072e98a2b
Krakowskie Manewry 2026,73886888-aec6-40b2-a2cd-a6353423fd49,Runda 2 - MEALSTORM OF BATTLE,da595305-1ada-406c-9139-1e2eae8fc8f4,FINISHED,c6e769bd-5a06-4915-8414-8d30dfade665,22.0,2026-07-11T09:52:57.996Z,e4fc5c20-c47d-45ea-8c80-7c1fd9e44fa6,6df80142-0804-43f3-910e-3d51131586cf,999,1.0,3.0,False,2c66b32e-9f50-4e46-9055-9ce9786cc561,9d5bc521-d1ac-416e-952c-926b6aef9e60,5001.0,5.0,4.0,,False,False,7fa5ba4b-28df-44e8-a4f2-d87072e98a2b
Krakowskie Manewry 2026,73886888-aec6-40b2-a2cd-a6353423fd49,Runda 2 - MEALSTORM OF BATTLE,da595305-1ada-406c-9139-1e2eae8fc8f4,FINISHED,ee3bf8df-af54-446e-a54d-2a12139f6d35,23.0,2026-07-11T09:52:57.996Z,d97bc43d-6853-4494-88e4-b5b33869753f,222c2b52-47fd-4345-a6ec-a83ee05ccb12,999,1.0,6.0,False,ba7cedc8-a62e-49b6-beee-1619c9ba5eda,08219a4e-e2d0-4904-b18d-f0320cd8d48b,5001.0,5.0,7.0,True,False,False,7fa5ba4b-28df-44e8-a4f2-d87072e98a2b
Krakowskie Manewry 2026,73886888-aec6-40b2-a2cd-a6353423fd49,Runda 2 - MEALSTORM OF BATTLE,da595305-1ada-406c-9139-1e2eae8fc8f4,FINISHED,a50abb38-b856-4ae6-89ba-26fcdab0a968,24.0,2026-07-11T09:52:57.996Z,78f99544-9f01-4f2d-9819-c3e07b2b93ec,448193ff-e2b4-4650-898a-1dd8dc3fd5e1,6006,6.0,6.0,,096c8600-eeac-4414-8d10-48f736733417,1e4b9bdf-6062-4736-aef3-52bc568f8803,-6.0,0.0,0.0,,False,False,7fa5ba4b-28df-44e8-a4f2-d87072e98a2b
Krakowskie Manewry 2026,73886888-aec6-40b2-a2cd-a6353423fd49,Runda 2 - MEALSTORM OF BATTLE,da595305-1ada-406c-9139-1e2eae8fc8f4,FINISHED,a8fcb1a2-d291-4fb0-bc27-c0b8850b58bd,25.0,2026-07-11T09:52:57.996Z,2fe73104-25b9-44da-8b78-2d1dccd74426,f5bcca05-14a2-4c47-8a81-379d5c4ee992,-20,0.0,0.0,False,851b5572-a5b3-49f2-a2f3-95a2fd2f3a2d,9641c0c9-16e9-4bb7-a7f4-e73245f48db2,6020.0,6.0,20.0,,False,False,7fa5ba4b-28df-44e8-a4f2-d87072e98a2b
Krakowskie Manewry 2026,73886888-aec6-40b2-a2cd-a6353423fd49,Runda 2 - MEALSTORM OF BATTLE,da595305-1ada-406c-9139-1e2eae8fc8f4,FINISHED,d851fb1d-ec77-4365-a9ed-a8491d9f9908,26.0,2026-07-11T09:52:57.996Z,25ec9122-6ae6-4898-8386-aa17fc3176bf,813e33d8-2b98-45ed-8c3c-00af33dd4697,-7,0.0,4.0,,91395f83-3d67-4850-8335-03bccb7f4f69,d46af0a2-c60d-45ef-9286-540bdc4ee510,6007.0,6.0,11.0,,False,False,7fa5ba4b-28df-44e8-a4f2-d87072e98a2b
Krakowskie Manewry 2026,73886888-aec6-40b2-a2cd-a6353423fd49,Runda 2 - MEALSTORM OF BATTLE,da595305-1ada-406c-9139-1e2eae8fc8f4,FINISHED,7bd149e2-755c-4040-a110-c57855cd7ee3,27.0,2026-07-11T09:52:57.996Z,e2c7be89-b0e5-4468-a3e3-07b5a40d63d7,8076af08-a8fe-455c-8c1a-2e5d7f2ad3eb,-6,0.0,1.0,False,641a3695-b415-4952-bc37-6afad28f7cc8,7825ed24-d5e7-4e12-b627-23c81c278c00,6006.0,6.0,7.0,,False,False,7fa5ba4b-28df-44e8-a4f2-d87072e98a2b
Krakowskie Manewry 2026,73886888-aec6-40b2-a2cd-a6353423fd49,Runda 2 - MEALSTORM OF BATTLE,da595305-1ada-406c-9139-1e2eae8fc8f4,FINISHED,390b7ba4-e3da-476e-b6b9-5783b80435cb,28.0,2026-07-11T09:52:57.996Z,266dee8b-6ffd-4fbd-86dd-c949ff028443,a15d42d2-401a-42d5-a0e7-e8f88c780302,6014,6.0,17.0,,05d49b70-9a7c-4d15-bf4c-280d7a9d844e,40eca01a-ba05-4c54-afa1-205dbb9e86dc,-14.0,0.0,3.0,False,False,False,7fa5ba4b-28df-44e8-a4f2-d87072e98a2b
Krakowskie Manewry 2026,73886888-aec6-40b2-a2cd-a6353423fd49,Runda 2 - MEALSTORM OF BATTLE,da595305-1ada-406c-9139-1e2eae8fc8f4,FINISHED,eaf21ba4-2d45-45df-9677-704e495eecd0,29.0,2026-07-11T09:52:57.996Z,dacbc31d-aa5c-4d03-9c6a-4239507e7969,2a392470-f47d-4fff-a8b9-37d9cbbe2361,5002,5.0,8.0,,36268821-70fc-497c-8c38-0275dc41b184,bff260e9-d39b-4dfc-9ddd-bfd091a449ba,998.0,1.0,6.0,,False,False,7fa5ba4b-28df-44e8-a4f2-d87072e98a2b
Krakowskie Manewry 2026,73886888-aec6-40b2-a2cd-a6353423fd49,Runda 2 - MEALSTORM OF BATTLE,da595305-1ada-406c-9139-1e2eae8fc8f4,FINISHED,e04c32a8-849c-4851-b4bd-8cfd3391c4d9,30.0,2026-07-11T09:52:57.996Z,8671f14e-abe7-4aec-a373-d2aeed1ee737,3723b773-cadb-46d3-8758-e1260476e981,2000,2.0,6.0,False,ca4caaf0-4cfc-46a7-8fb8-909f4732427b,55b3019a-a7e5-4c3c-9c51-0643513d2296,2000.0,2.0,6.0,True,False,False,7fa5ba4b-28df-44e8-a4f2-d87072e98a2b
Krakowskie Manewry 2026,73886888-aec6-40b2-a2cd-a6353423fd49,Runda 2 - MEALSTORM OF BATTLE,da595305-1ada-406c-9139-1e2eae8fc8f4,FINISHED,db712ff2-0d80-4670-acce-0acaf14dc734,31.0,2026-07-11T09:52:57.996Z,b0e9aa8f-fd34-47c3-ae49-39d28b4c5547,a6fc8598-2a54-4bb6-bbe1-4501ff1cee61,6011,6.0,11.0,,8d4d6bf4-6f5e-4706-9e30-db550e69f5cf,3eb3c237-e910-43c1-b4a4-4c8ada505d6f,-11.0,0.0,0.0,,False,False,7fa5ba4b-28df-44e8-a4f2-d87072e98a2b
Krakowskie Manewry 2026,73886888-aec6-40b2-a2cd-a6353423fd49,Runda 2 - MEALSTORM OF BATTLE,da595305-1ada-406c-9139-1e2eae8fc8f4,FINISHED,09cd3cfd-ca4a-4691-abd6-6fe6c6f3c57c,32.0,2026-07-11T09:52:57.996Z,a222d5c4-1e4d-4dff-aefa-23ffe87a3d3d,081b732c-68ef-4404-bf2c-b56519b96acd,2000,2.0,5.0,,09849642-6962-4660-b61e-bd08c8be9d0b,de531847-5760-46e8-b02d-193569efdd23,2000.0,2.0,5.0,,False,False,7fa5ba4b-28df-44e8-a4f2-d87072e98a2b
Krakowskie Manewry 2026,73886888-aec6-40b2-a2cd-a6353423fd49,Runda 2 - MEALSTORM OF BATTLE,da595305-1ada-406c-9139-1e2eae8fc8f4,FINISHED,c3b22083-d16f-4b98-9211-7ee0410dabde,33.0,2026-07-11T09:52:57.996Z,f68ccfcd-c3ad-40c7-836d-0fef95cb8527,809fc623-68b5-4bf3-933b-81f3ab3b689f,6007,6.0,10.0,,79a502b3-9798-432f-be35-e7e4c41eff9b,3fb17aad-078c-4ea5-ae7e-2ae332f265d4,-7.0,0.0,3.0,False,False,False,7fa5ba4b-28df-44e8-a4f2-d87072e98a2b
Krakowskie Manewry 2026,73886888-aec6-40b2-a2cd-a6353423fd49,Runda 2 - MEALSTORM OF BATTLE,da595305-1ada-406c-9139-1e2eae8fc8f4,FINISHED,1a03f95b-ebf8-4a5e-aa72-0b7182fa9f20,34.0,2026-07-11T09:52:57.996Z,8664cabf-4545-4742-b7cf-a40c97ab88d0,1b3a7062-b9d5-4a5a-b5b4-47543d96425e,6011,6.0,12.0,,6fb9f881-2829-4d66-85ac-e47cf238c1db,0ad1e880-3db6-4577-84e8-1f7bb3702572,-11.0,0.0,1.0,,False,False,7fa5ba4b-28df-44e8-a4f2-d87072e98a2b
Krakowskie Manewry 2026,73886888-aec6-40b2-a2cd-a6353423fd49,Runda 2 - MEALSTORM OF BATTLE,da595305-1ada-406c-9139-1e2eae8fc8f4,FINISHED,10a90a00-c7b4-47a3-bb2c-4582a01d90a6,35.0,2026-07-11T09:52:57.996Z,6aa6625d-5a24-43b6-805f-52f2e2b76c57,9ab573d7-8211-4b81-bf7c-c22f802f9ee7,997,1.0,5.0,,36e5fb34-24c7-4aed-b0d4-64c470c912ff,60bafdc5-b190-426c-b9e7-f5e0a369a294,5003.0,5.0,8.0,,False,False,7fa5ba4b-28df-44e8-a4f2-d87072e98a2b
Krakowskie Manewry 2026,73886888-aec6-40b2-a2cd-a6353423fd49,Runda 2 - MEALSTORM OF BATTLE,da595305-1ada-406c-9139-1e2eae8fc8f4,FINISHED,4ab7a81b-1639-4d79-9989-8e8f8d29d1ce,36.0,2026-07-11T09:52:57.996Z,a1508493-c8a1-4309-ad44-76777b3013f3,b9991a3f-21db-4617-833e-e0341de18725,-13,0.0,2.0,,3dbd9b42-2111-4483-9f4e-10ab654318f4,beec30f8-4a47-431b-b7ed-e7f37e95bbbc,6013.0,6.0,15.0,True,False,False,7fa5ba4b-28df-44e8-a4f2-d87072e98a2b
Krakowskie Manewry 2026,73886888-aec6-40b2-a2cd-a6353423fd49,Runda 2 - MEALSTORM OF BATTLE,da595305-1ada-406c-9139-1e2eae8fc8f4,FINISHED,fa212d99-2052-428d-9be7-839a5d0c193c,37.0,2026-07-11T09:52:57.996Z,2ed2aea6-a190-4057-8d3c-49d7c17163e7,d0007593-ceb7-41c6-a43e-c5541e5eb1c6,-18,0.0,0.0,,889dfa55-249e-4c94-a126-04185a0acb6d,f1143858-3e87-4afe-807d-f33f21de6d7e,6018.0,6.0,18.0,,False,False,7fa5ba4b-28df-44e8-a4f2-d87072e98a2b
Krakowskie Manewry 2026,73886888-aec6-40b2-a2cd-a6353423fd49,Runda 2 - MEALSTORM OF BATTLE,da595305-1ada-406c-9139-1e2eae8fc8f4,FINISHED,8f7c7cdd-b12e-4547-8ef3-b0a4972142d4,38.0,2026-07-11T09:52:57.996Z,8f9cd179-0391-4a58-8c59-2136e3856a2e,9dbc8e72-3671-4d6d-b5a9-e1f2af80c9ea,-7,0.0,2.0,,fdcc16d2-ad56-48c3-b0f6-613eece7e4af,804c4802-b3bc-41ec-9f1b-de92ffe4897e,6007.0,6.0,9.0,False,False,False,7fa5ba4b-28df-44e8-a4f2-d87072e98a2b
Krakowskie Manewry 2026,73886888-aec6-40b2-a2cd-a6353423fd49,Runda 2 - MEALSTORM OF BATTLE,da595305-1ada-406c-9139-1e2eae8fc8f4,FINISHED,b766ddc1-40cf-4e24-a2bf-cfb50a562149,39.0,2026-07-11T09:52:57.996Z,9c00defb-0088-4232-941e-b3608fb0269d,9f05193d-1c9b-426c-b9b7-06281f9f887e,6011,6.0,14.0,,a4fbac22-4bcf-4fab-93b9-3cd22da68cd8,d1928738-701d-4759-abe9-ff1123a28015,-11.0,0.0,3.0,,False,False,7fa5ba4b-28df-44e8-a4f2-d87072e98a2b
Krakowskie Manewry 2026,73886888-aec6-40b2-a2cd-a6353423fd49,Runda 2 - MEALSTORM OF BATTLE,da595305-1ada-406c-9139-1e2eae8fc8f4,FINISHED,a9496f5a-5e52-41f3-9934-4fc233b6dfb1,40.0,2026-07-11T09:52:57.996Z,530237d6-2c23-4b02-a4c1-26d6c5f4e360,5de541e0-dfa6-4c41-b224-90684a3b5e1c,6010,6.0,13.0,True,b5bd6008-0c2d-4b03-afc0-3387ebf41ed0,b746219c-415e-46e0-8143-e8cbc9ae71d0,-10.0,0.0,3.0,,False,False,7fa5ba4b-28df-44e8-a4f2-d87072e98a2b
Krakowskie Manewry 2026,73886888-aec6-40b2-a2cd-a6353423fd49,Runda 2 - MEALSTORM OF BATTLE,da595305-1ada-406c-9139-1e2eae8fc8f4,FINISHED,bc7682f1-34a8-42fb-bf85-0eacc18ae8fe,41.0,2026-07-11T09:52:57.996Z,88475d5c-68e9-4a8c-9189-8b0933a88f1b,1648e62c-e62a-443c-83be-6fc7ad5a86ff,-16,,0.0,,5d9376ab-797b-4898-bdb7-51a93e23e404,795b46a8-5f87-4929-9f90-8af5cf04da90,6016.0,6.0,16.0,,False,False,7fa5ba4b-28df-44e8-a4f2-d87072e98a2b
Krakowskie Manewry 2026,73886888-aec6-40b2-a2cd-a6353423fd49,Runda 2 - MEALSTORM OF BATTLE,da595305-1ada-406c-9139-1e2eae8fc8f4,FINISHED,e4e403a6-137b-4ef1-af35-e75ce6a60332,42.0,2026-07-11T09:52:57.996Z,7ced0e61-1993-49c6-86b1-14eedf960cb6,7562fb11-cb65-4132-ada1-93cd2fc58f9f,6010,6.0,13.0,,c499a727-b9cf-407b-8e3a-85b125045cc6,3f55c328-9c62-4808-8c08-3aa6275710cd,-10.0,0.0,3.0,True,False,False,7fa5ba4b-28df-44e8-a4f2-d87072e98a2b
Krakowskie Manewry 2026,73886888-aec6-40b2-a2cd-a6353423fd49,Runda 2 - MEALSTORM OF BATTLE,da595305-1ada-406c-9139-1e2eae8fc8f4,FINISHED,60ca3d34-39f7-4d3d-9f2b-0763d179c0a9,43.0,2026-07-11T09:52:57.996Z,df88a4c4-6f2e-4239-96ec-9c6ff40bfa34,78dcd687-a7f0-4fff-8ba0-8bf91d031f3b,-12,0.0,0.0,,30e7306f-27ae-49fb-a387-a77809665baa,b802b217-7d71-4af6-bee4-c7f6e8879b94,6012.0,6.0,12.0,,False,False,7fa5ba4b-28df-44e8-a4f2-d87072e98a2b
Krakowskie Manewry 2026,73886888-aec6-40b2-a2cd-a6353423fd49,Runda 2 - MEALSTORM OF BATTLE,da595305-1ada-406c-9139-1e2eae8fc8f4,FINISHED,b4588575-fe84-40e3-ba30-89d60a43f4be,44.0,2026-07-11T09:52:57.996Z,8aab0b68-9de7-4fed-b2a2-5628d0f82bd2,6732875f-9e3b-44e5-b4a1-5ce209a9b359,999,1.0,6.0,,0f692ed9-a7c8-4b45-a3f4-f0111840f54d,6e8fd6ad-52e1-4877-84dc-2fce2d7ab7da,5001.0,5.0,7.0,,False,False,7fa5ba4b-28df-44e8-a4f2-d87072e98a2b
Krakowskie Manewry 2026,73886888-aec6-40b2-a2cd-a6353423fd49,Runda 2 - MEALSTORM OF BATTLE,da595305-1ada-406c-9139-1e2eae8fc8f4,FINISHED,dc350d60-b71b-457b-8a11-5bbcc79e877a,45.0,2026-07-11T09:52:57.996Z,b96fb3cf-5080-4ede-a97e-6410b70e2145,cd36b01c-87a1-47c9-b877-a65940b24b12,995,1.0,7.0,,e84215af-6264-49db-85eb-d1302223d30f,7508e7c6-6d9d-46a3-a29f-dc70f0917a46,5005.0,5.0,12.0,,False,False,7fa5ba4b-28df-44e8-a4f2-d87072e98a2b
Krakowskie Manewry 2026,73886888-aec6-40b2-a2cd-a6353423fd49,Runda 2 - MEALSTORM OF BATTLE,da595305-1ada-406c-9139-1e2eae8fc8f4,FINISHED,ea1b8244-8484-4834-9896-a44b63c233ff,46.0,2026-07-11T09:52:57.996Z,fcc28e2b-6775-492c-b9c9-97be09179e3e,e193927e-381f-4695-ac85-685e297bb182,-7,0.0,1.0,,d84d7dd4-7657-400f-9555-d0d7d14c9abb,9da2af4f-72f3-41ac-94ab-f4d0f86de13d,6007.0,6.0,8.0,,False,False,7fa5ba4b-28df-44e8-a4f2-d87072e98a2b
Krakowskie Manewry 2026,73886888-aec6-40b2-a2cd-a6353423fd49,Runda 2 - MEALSTORM OF BATTLE,da595305-1ada-406c-9139-1e2eae8fc8f4,FINISHED,e0f6f2b9-c68d-4c26-89d6-9f1e69fbb9d6,47.0,2026-07-11T09:52:57.996Z,8d8fcc50-3b7f-4563-bf2c-1b7147ab3b80,47aa3a89-3a24-42bb-b29d-e5b15aef0de7,997,1.0,5.0,,69c31760-0875-483b-86f7-c0605de0f946,f48752fd-e96a-49e3-bb78-8c12475d82ae,5003.0,5.0,8.0,False,False,False,7fa5ba4b-28df-44e8-a4f2-d87072e98a2b
Krakowskie Manewry 2026,73886888-aec6-40b2-a2cd-a6353423fd49,Runda 2 - MEALSTORM OF BATTLE,da595305-1ada-406c-9139-1e2eae8fc8f4,FINISHED,f85c3571-23ae-4d6a-b59f-9319feecc5f4,48.0,2026-07-11T09:52:57.996Z,44ef806d-7d30-4c40-bc62-146f7cb3bdf0,1cd9909c-5aa9-41e1-adef-adc288fad817,5004,5.0,9.0,,a58d9012-0ec8-4329-b661-9fa1c331e61c,ea7e3e0d-3a78-4a90-8ca4-a55e6505cf5a,996.0,1.0,5.0,True,False,False,7fa5ba4b-28df-44e8-a4f2-d87072e98a2b
Krakowskie Manewry 2026,73886888-aec6-40b2-a2cd-a6353423fd49,Runda 2 - MEALSTORM OF BATTLE,da595305-1ada-406c-9139-1e2eae8fc8f4,FINISHED,c9ec8df6-de19-439d-a25a-cba1e79f7c73,49.0,2026-07-11T09:52:57.996Z,e883af81-25ea-4a09-b30e-596320bbbf39,4775ff22-98bd-4dcb-bfd3-28ee7cd79a08,6006,6.0,8.0,,82219cc7-ff9a-44dc-9f61-9b9012efef41,2a69f764-5cb1-4177-9200-d58b7117a089,-6.0,0.0,2.0,,False,False,7fa5ba4b-28df-44e8-a4f2-d87072e98a2b
Krakowskie Manewry 2026,73886888-aec6-40b2-a2cd-a6353423fd49,Runda 2 - MEALSTORM OF BATTLE,da595305-1ada-406c-9139-1e2eae8fc8f4,FINISHED,0ee664e3-7721-4226-833a-e51233bd20ad,50.0,2026-07-11T09:52:57.996Z,1376e97f-8218-485d-82b0-4bff42ae2dee,d69a27be-2cfc-4695-9551-250b26795a4f,6006,6.0,9.0,,f4e0c9a7-d9b3-4e49-b11f-8a55b3f01d3b,7783babb-c470-4763-80c7-8e6bd277ded8,-6.0,0.0,3.0,False,False,False,7fa5ba4b-28df-44e8-a4f2-d87072e98a2b
Krakowskie Manewry 2026,73886888-aec6-40b2-a2cd-a6353423fd49,Runda 2 - MEALSTORM OF BATTLE,da595305-1ada-406c-9139-1e2eae8fc8f4,FINISHED,b8661f48-38f1-45e9-b11d-cbfbf588f87a,51.0,2026-07-11T09:52:57.996Z,c62b8da9-c8e6-42fa-bd3a-f13df2cbac61,0117f017-2d2b-4322-910f-c7c1b3aae435,5004,5.0,11.0,,b784b6b4-e927-4a70-85ef-b62397b79f4f,5aa7d708-6938-4f9e-b4d9-ef2e49b6f5f5,996.0,1.0,7.0,False,False,False,7fa5ba4b-28df-44e8-a4f2-d87072e98a2b
Krakowskie Manewry 2026,73886888-aec6-40b2-a2cd-a6353423fd49,Runda 2 - MEALSTORM OF BATTLE,da595305-1ada-406c-9139-1e2eae8fc8f4,FINISHED,59dfc368-8f25-4cdd-b3f6-ed8e6066ed4c,52.0,2026-07-11T09:52:57.996Z,d3fe3afc-18be-4e5e-8b18-dd6bd5e6f9c4,68431330-4907-4fe2-91af-e912792c5c68,-20,0.0,0.0,,a8910d40-74a7-4023-8f8c-95fd511f332f,457f9c1a-0e9a-4c0e-ae41-7f00e3646fba,6020.0,6.0,20.0,False,False,False,7fa5ba4b-28df-44e8-a4f2-d87072e98a2b
Krakowskie Manewry 2026,73886888-aec6-40b2-a2cd-a6353423fd49,Runda 2 - MEALSTORM OF BATTLE,da595305-1ada-406c-9139-1e2eae8fc8f4,FINISHED,381f1973-e3a2-4c14-bfb8-313977ad3260,53.0,2026-07-11T09:52:57.996Z,167779fd-d074-44ba-b44d-eac31a510032,b6f0e023-257d-472b-af43-78e56d559cae,-20,0.0,0.0,,7b6947c0-9cb1-4fe5-8d41-e7e7eda99114,8e40b208-0e62-4a37-8228-f003566dc4a7,6020.0,6.0,20.0,,False,False,7fa5ba4b-28df-44e8-a4f2-d87072e98a2b
Krakowskie Manewry 2026,73886888-aec6-40b2-a2cd-a6353423fd49,Runda 2 - MEALSTORM OF BATTLE,da595305-1ada-406c-9139-1e2eae8fc8f4,FINISHED,60955f52-c92a-4864-bb2a-53f35a278200,54.0,2026-07-11T09:52:57.996Z,70b73a2f-1767-40f9-b474-6a2d0434ebe1,02e912fd-a2c2-4725-a3a6-e9d4fea52a31,-17,0.0,0.0,,81c34d5e-a4fe-4f8c-8a1c-f267e18b6ff5,4c85220b-667f-4d0b-b719-9c9ae145792d,6017.0,6.0,17.0,,False,False,7fa5ba4b-28df-44e8-a4f2-d87072e98a2b
Krakowskie Manewry 2026,73886888-aec6-40b2-a2cd-a6353423fd49,Runda 3 - OBJECT SCENARIOS,f3e2dad7-04bd-42de-baab-717db7f15511,FINISHED,ffb8012f-48c6-4faa-9b74-8486ee687333,0.0,2026-07-11T12:22:59.009Z,d36a0a71-3601-4964-850e-7b6d62eb1024,5f6a7ffa-1a94-4176-a2f0-42f18d04a39e,5006,5.0,13.0,,3c7dae3d-90df-4370-9150-5f2e6f8e07dc,97c5e5bc-7502-4f16-9c1b-53ead4fab5b2,994.0,1.0,7.0,True,False,False,7fa5ba4b-28df-44e8-a4f2-d87072e98a2b
Krakowskie Manewry 2026,73886888-aec6-40b2-a2cd-a6353423fd49,Runda 3 - OBJECT SCENARIOS,f3e2dad7-04bd-42de-baab-717db7f15511,FINISHED,1356e1fa-a0bc-4b05-89db-0c99c278f6d5,1.0,2026-07-11T12:22:59.009Z,00b5f4ce-6ed8-4f5a-945f-962395e86a55,18bc28b3-714d-4a11-972d-514a54145413,-6,0.0,3.0,False,bd5950ad-c8e7-4785-80d1-c0b8a226cac3,6f641816-8973-4f1f-b906-3b33d5710be9,6006.0,6.0,9.0,,False,False,7fa5ba4b-28df-44e8-a4f2-d87072e98a2b
Krakowskie Manewry 2026,73886888-aec6-40b2-a2cd-a6353423fd49,Runda 3 - OBJECT SCENARIOS,f3e2dad7-04bd-42de-baab-717db7f15511,FINISHED,99fafe68-4386-4fd7-ae0b-6308833f8795,2.0,2026-07-11T12:22:59.009Z,06b90caf-273c-4361-ae14-2a77ce436426,15e5a444-91c2-43fe-8b7b-c927354ca51a,6018,6.0,18.0,False,bf437606-3070-449f-9aaa-79c285cb0ad7,4d2a70a2-c8e1-4ab9-a886-3a945d216f71,-18.0,0.0,0.0,True,False,False,7fa5ba4b-28df-44e8-a4f2-d87072e98a2b
Krakowskie Manewry 2026,73886888-aec6-40b2-a2cd-a6353423fd49,Runda 3 - OBJECT SCENARIOS,f3e2dad7-04bd-42de-baab-717db7f15511,FINISHED,1a43df05-69e3-4ddd-a239-ba9865d39e84,3.0,2026-07-11T12:22:59.009Z,e13c75ef-e709-42bc-a9eb-8e1dc215547f,63c2331e-0577-4bdc-a5fa-98ec6d23cbc5,-16,0.0,0.0,True,a15ab99b-5649-4bd5-b5bb-da20a9a66171,6a2a00f2-2511-49bb-abf4-034ba4382126,6016.0,6.0,16.0,,False,False,7fa5ba4b-28df-44e8-a4f2-d87072e98a2b
Krakowskie Manewry 2026,73886888-aec6-40b2-a2cd-a6353423fd49,Runda 3 - OBJECT SCENARIOS,f3e2dad7-04bd-42de-baab-717db7f15511,FINISHED,4a66e975-30e8-4edd-9955-d253b1296b29,4.0,2026-07-11T12:22:59.009Z,4bd50e84-4d73-4ae8-a3e8-d4ea6cbb52a6,2fa7f179-c8a2-4ee8-913e-2bcfb9ea1f59,6014,6.0,14.0,True,3ce70516-7faf-415f-b16e-888aac72bb58,9357ea2e-af38-453d-9c2f-b828d5ccdfb6,-14.0,0.0,0.0,False,False,False,7fa5ba4b-28df-44e8-a4f2-d87072e98a2b
Krakowskie Manewry 2026,73886888-aec6-40b2-a2cd-a6353423fd49,Runda 3 - OBJECT SCENARIOS,f3e2dad7-04bd-42de-baab-717db7f15511,FINISHED,1bad58aa-20d9-493a-aa44-ded49cb149fe,5.0,2026-07-11T12:22:59.009Z,c0988f52-cd37-4a61-853c-edaeb25f2821,6d76eb6c-3cb2-419b-87ac-ac387640fbad,2000,2.0,1.0,,f6836b50-31a7-4265-91b0-606cb7416b17,9641c0c9-16e9-4bb7-a7f4-e73245f48db2,2000.0,2.0,1.0,,False,False,7fa5ba4b-28df-44e8-a4f2-d87072e98a2b
Krakowskie Manewry 2026,73886888-aec6-40b2-a2cd-a6353423fd49,Runda 3 - OBJECT SCENARIOS,f3e2dad7-04bd-42de-baab-717db7f15511,FINISHED,96f214c3-80df-47c6-8f1d-e95476e27a45,6.0,2026-07-11T12:22:59.009Z,d8cda76f-7050-4e9e-9c21-3c78c2dea6c5,e0392558-e263-4874-b380-e33152fcecbe,6007,6.0,14.0,False,6b1d3405-2596-4a35-b378-0b8e968eeb92,9f838a1a-8b9b-4c57-9faa-251f6768a5e9,-7.0,0.0,7.0,,False,False,7fa5ba4b-28df-44e8-a4f2-d87072e98a2b
Krakowskie Manewry 2026,73886888-aec6-40b2-a2cd-a6353423fd49,Runda 3 - OBJECT SCENARIOS,f3e2dad7-04bd-42de-baab-717db7f15511,FINISHED,b8510c3a-7183-4cf1-a465-1c8d89a15bc8,7.0,2026-07-11T12:22:59.009Z,34ce710f-3822-481b-9792-74e4f2b33a37,21c12fb0-4289-4df3-8bad-f18c2a49fd0d,6004,6.0,7.0,False,0a1241ec-34ea-4b5e-85e6-fd99f4995366,5f55d7f6-e77c-45a0-b083-60691560a665,-4.0,0.0,3.0,,False,False,7fa5ba4b-28df-44e8-a4f2-d87072e98a2b
Krakowskie Manewry 2026,73886888-aec6-40b2-a2cd-a6353423fd49,Runda 3 - OBJECT SCENARIOS,f3e2dad7-04bd-42de-baab-717db7f15511,FINISHED,2316ed64-b786-44a7-9d6e-7df264d843a3,8.0,2026-07-11T12:22:59.009Z,37780370-ceba-4bb4-bc31-d6ee96cbf1b0,475ff286-fcbc-4c49-bac5-e3002c4bdf14,5004,5.0,10.0,True,6e40cc16-f6f8-4c13-91b0-00b1a82c8bc6,6f0c7a5d-76ae-4136-81a4-1cb5150ad51d,996.0,1.0,6.0,,False,False,7fa5ba4b-28df-44e8-a4f2-d87072e98a2b
Krakowskie Manewry 2026,73886888-aec6-40b2-a2cd-a6353423fd49,Runda 3 - OBJECT SCENARIOS,f3e2dad7-04bd-42de-baab-717db7f15511,FINISHED,58e5f513-004a-4fb3-b632-889dded84c71,9.0,2026-07-11T12:22:59.009Z,1bdfa94e-610a-4b0b-9eb8-75e8c9be4916,b8dd1de2-9dd2-40d6-8a9b-5b3403be9f37,996,7.0,1.0,False,20effce9-3c31-47c6-8015-fcdc434d34a7,448193ff-e2b4-4650-898a-1dd8dc3fd5e1,5004.0,11.0,5.0,,False,False,7fa5ba4b-28df-44e8-a4f2-d87072e98a2b
Krakowskie Manewry 2026,73886888-aec6-40b2-a2cd-a6353423fd49,Runda 3 - OBJECT SCENARIOS,f3e2dad7-04bd-42de-baab-717db7f15511,FINISHED,88b68cd5-2bb6-4dcf-9596-59711e5b80fc,10.0,2026-07-11T12:22:59.009Z,1c2baba8-1bff-4e9d-914a-1aa9b9ab2b65,71f045ad-ce24-4e8b-865a-1dc0f634a42d,2000,2.0,11.0,True,7bc9d9e9-09d5-4fe1-833f-6cc7d910fa3e,fe2829dd-d3d5-4397-9c63-f65a285aba6e,2000.0,2.0,11.0,,False,False,7fa5ba4b-28df-44e8-a4f2-d87072e98a2b
Krakowskie Manewry 2026,73886888-aec6-40b2-a2cd-a6353423fd49,Runda 3 - OBJECT SCENARIOS,f3e2dad7-04bd-42de-baab-717db7f15511,FINISHED,6e131ece-24a5-493d-b38f-572810962e06,11.0,2026-07-11T12:22:59.009Z,af08fc54-4fff-4402-9c08-9147246f647a,e11c9221-5fee-4a26-b4a8-23f3ee654de2,998,1.0,2.0,,31fdd3a1-bb48-4cf5-a2b9-28054632fee6,1403a8fb-39a4-4e2f-b6cd-5d7e334df789,5002.0,5.0,4.0,True,False,False,7fa5ba4b-28df-44e8-a4f2-d87072e98a2b
Krakowskie Manewry 2026,73886888-aec6-40b2-a2cd-a6353423fd49,Runda 3 - OBJECT SCENARIOS,f3e2dad7-04bd-42de-baab-717db7f15511,FINISHED,3213039e-0215-44c1-9f79-95dbda9f8a01,12.0,2026-07-11T12:22:59.009Z,b3f1fec7-d35e-4a0d-b973-69f3b0fc34da,9d5bc521-d1ac-416e-952c-926b6aef9e60,6013,6.0,13.0,,85f1b48b-7f9f-4a94-aff5-ad4be3af53fa,08219a4e-e2d0-4904-b18d-f0320cd8d48b,-13.0,0.0,0.0,False,False,False,7fa5ba4b-28df-44e8-a4f2-d87072e98a2b
Krakowskie Manewry 2026,73886888-aec6-40b2-a2cd-a6353423fd49,Runda 3 - OBJECT SCENARIOS,f3e2dad7-04bd-42de-baab-717db7f15511,FINISHED,45cc7c79-a035-4b13-a682-8e317bd65b9e,13.0,2026-07-11T12:22:59.009Z,38ef2df9-7728-4e61-bf71-a9b98de4b74f,a15d42d2-401a-42d5-a0e7-e8f88c780302,-7,0.0,4.0,,a40ef1a8-b510-4df8-aafb-1a84e74a58d4,d46af0a2-c60d-45ef-9286-540bdc4ee510,6007.0,6.0,11.0,,False,False,7fa5ba4b-28df-44e8-a4f2-d87072e98a2b
Krakowskie Manewry 2026,73886888-aec6-40b2-a2cd-a6353423fd49,Runda 3 - OBJECT SCENARIOS,f3e2dad7-04bd-42de-baab-717db7f15511,FINISHED,0af32a9f-5364-40b0-884d-86631a4950f6,14.0,2026-07-11T12:22:59.009Z,75e398cc-3a94-42d3-87af-4ce62bd0e870,7825ed24-d5e7-4e12-b627-23c81c278c00,-11,0.0,1.0,,cd475a75-2554-40b8-8205-b8c17935d6bc,c451779b-6172-4e1a-acbd-1b387949849d,6011.0,6.0,12.0,,False,False,7fa5ba4b-28df-44e8-a4f2-d87072e98a2b
Krakowskie Manewry 2026,73886888-aec6-40b2-a2cd-a6353423fd49,Runda 3 - OBJECT SCENARIOS,f3e2dad7-04bd-42de-baab-717db7f15511,FINISHED,360ccbf5-cb9d-4400-99a5-a02c6b77a7dc,15.0,2026-07-11T12:22:59.009Z,2684bfc7-3732-44aa-8d29-f9c6fc7ffb41,83f6f224-a83f-4b8a-8284-e19085482720,-4,0.0,4.0,,111fbd87-d759-45ee-9f27-9b1c3c6b2fa6,4edd7b4a-f5e4-4136-9363-aa93d7e9b8e3,6004.0,6.0,8.0,False,False,False,7fa5ba4b-28df-44e8-a4f2-d87072e98a2b
Krakowskie Manewry 2026,73886888-aec6-40b2-a2cd-a6353423fd49,Runda 3 - OBJECT SCENARIOS,f3e2dad7-04bd-42de-baab-717db7f15511,FINISHED,540cffc5-1347-426e-88cf-93da8f25ce0d,16.0,2026-07-11T12:22:59.009Z,d515f6d4-3a48-4276-aaaa-40214847c143,6bec13b2-87d9-4e6d-b7ca-06b9e90bf3ba,6007,6.0,10.0,,d9e04524-505c-4d3d-bfd6-08a4bd7d72a2,a6fc8598-2a54-4bb6-bbe1-4501ff1cee61,-7.0,0.0,3.0,,False,False,7fa5ba4b-28df-44e8-a4f2-d87072e98a2b
Krakowskie Manewry 2026,73886888-aec6-40b2-a2cd-a6353423fd49,Runda 3 - OBJECT SCENARIOS,f3e2dad7-04bd-42de-baab-717db7f15511,FINISHED,b963cc56-e2a8-43a0-bdda-1c56cd973dda,17.0,2026-07-11T12:22:59.009Z,08a025d5-94b4-4894-abe7-d000a76d8c3a,ef46c5bc-e9ab-450b-85f5-4b88323ef1b8,2000,2.0,0.0,,208fed07-7e02-48dd-b821-344049094d5e,1b3a7062-b9d5-4a5a-b5b4-47543d96425e,2000.0,2.0,0.0,,False,False,7fa5ba4b-28df-44e8-a4f2-d87072e98a2b
Krakowskie Manewry 2026,73886888-aec6-40b2-a2cd-a6353423fd49,Runda 3 - OBJECT SCENARIOS,f3e2dad7-04bd-42de-baab-717db7f15511,FINISHED,dcb9f1cd-67a6-4030-95cf-420f9c96445f,18.0,2026-07-11T12:22:59.009Z,5aba3763-6b25-4efa-b633-4b3637d15cce,3d9c2b85-855a-4af5-9786-5280365b2d7d,997,1.0,6.0,,9e5de0c9-914f-49d8-a5d7-a9fed8622732,4312b892-eb2e-491a-b14a-6f7cff1ab128,5003.0,5.0,9.0,False,False,False,7fa5ba4b-28df-44e8-a4f2-d87072e98a2b
Krakowskie Manewry 2026,73886888-aec6-40b2-a2cd-a6353423fd49,Runda 3 - OBJECT SCENARIOS,f3e2dad7-04bd-42de-baab-717db7f15511,FINISHED,47982937-d707-4363-be31-7911ba9f87c6,19.0,2026-07-11T12:22:59.009Z,b6955575-8d54-4c5c-9e39-3972b7b3250a,20a238b0-37e6-400b-a2a1-20935ab4cc00,2000,2.0,11.0,,ed5cdbd1-99ab-4236-8aa5-9fd2a04cf470,809fc623-68b5-4bf3-933b-81f3ab3b689f,2000.0,2.0,11.0,,False,False,7fa5ba4b-28df-44e8-a4f2-d87072e98a2b
Krakowskie Manewry 2026,73886888-aec6-40b2-a2cd-a6353423fd49,Runda 3 - OBJECT SCENARIOS,f3e2dad7-04bd-42de-baab-717db7f15511,FINISHED,cb285d33-062c-49c2-a960-c0ff38c020f7,20.0,2026-07-11T12:22:59.009Z,39d717f6-b816-4d5e-b978-626eff9d860a,f1143858-3e87-4afe-807d-f33f21de6d7e,-7,0.0,3.0,,76ede8d0-430a-4e09-b244-9d99c184b727,d96af431-77bb-4909-bb15-61df62e81b15,6007.0,6.0,10.0,,False,False,7fa5ba4b-28df-44e8-a4f2-d87072e98a2b
Krakowskie Manewry 2026,73886888-aec6-40b2-a2cd-a6353423fd49,Runda 3 - OBJECT SCENARIOS,f3e2dad7-04bd-42de-baab-717db7f15511,FINISHED,f1cf3cef-7300-413a-9194-06066dee6913,21.0,2026-07-11T12:22:59.009Z,9537fd23-312f-4f9b-9830-a7ad52f1bf24,e2d714cd-6b6f-42d3-a62d-ae0b293e4413,6014,6.0,14.0,,8b5ecd5a-4c41-4a2c-85d5-958b743e2911,795b46a8-5f87-4929-9f90-8af5cf04da90,-14.0,0.0,0.0,,False,False,7fa5ba4b-28df-44e8-a4f2-d87072e98a2b
Krakowskie Manewry 2026,73886888-aec6-40b2-a2cd-a6353423fd49,Runda 3 - OBJECT SCENARIOS,f3e2dad7-04bd-42de-baab-717db7f15511,FINISHED,8aeb0f76-21dd-48ec-b9ba-4e65187ce917,22.0,2026-07-11T12:22:59.009Z,0f858af5-264c-4f0a-b745-9b4822ab86ab,beec30f8-4a47-431b-b7ed-e7f37e95bbbc,6020,6.0,20.0,True,c7a7c6c0-44ee-4562-8722-dbff88df7a24,cbfbcd40-cbf7-4546-885f-4d061496fe8c,-20.0,0.0,0.0,False,False,False,7fa5ba4b-28df-44e8-a4f2-d87072e98a2b
Krakowskie Manewry 2026,73886888-aec6-40b2-a2cd-a6353423fd49,Runda 3 - OBJECT SCENARIOS,f3e2dad7-04bd-42de-baab-717db7f15511,FINISHED,f295526f-75ff-40fa-867c-b5dca1f96915,23.0,2026-07-11T12:22:59.009Z,723456e9-03d6-4503-aa75-626f817aba7e,9f05193d-1c9b-426c-b9b7-06281f9f887e,6011,6.0,14.0,,55b4afa2-47d1-45c6-9e37-5bb4ab051873,5de541e0-dfa6-4c41-b224-90684a3b5e1c,-11.0,0.0,3.0,False,False,False,7fa5ba4b-28df-44e8-a4f2-d87072e98a2b
Krakowskie Manewry 2026,73886888-aec6-40b2-a2cd-a6353423fd49,Runda 3 - OBJECT SCENARIOS,f3e2dad7-04bd-42de-baab-717db7f15511,FINISHED,7ce67375-7a2d-4800-8d3e-7deebaaddce4,24.0,2026-07-11T12:22:59.009Z,12eef1f6-9735-43d4-9344-4e6f5b50ab95,b802b217-7d71-4af6-bee4-c7f6e8879b94,6020,6.0,20.0,,7baefa2e-8c8c-4d6a-8cbe-b433969af89b,7562fb11-cb65-4132-ada1-93cd2fc58f9f,-20.0,0.0,0.0,,False,False,7fa5ba4b-28df-44e8-a4f2-d87072e98a2b
Krakowskie Manewry 2026,73886888-aec6-40b2-a2cd-a6353423fd49,Runda 3 - OBJECT SCENARIOS,f3e2dad7-04bd-42de-baab-717db7f15511,FINISHED,f18af298-2f1f-4b04-9e77-645f807ea4ec,25.0,2026-07-11T12:22:59.009Z,5c494ce3-63e0-4659-bcf9-4a44ced0fc55,6df80142-0804-43f3-910e-3d51131586cf,6007,6.0,8.0,True,37131af5-acbc-421b-baac-930cfa5a8dc0,60bafdc5-b190-426c-b9e7-f5e0a369a294,-7.0,0.0,1.0,,False,False,7fa5ba4b-28df-44e8-a4f2-d87072e98a2b
Krakowskie Manewry 2026,73886888-aec6-40b2-a2cd-a6353423fd49,Runda 3 - OBJECT SCENARIOS,f3e2dad7-04bd-42de-baab-717db7f15511,FINISHED,6493c22a-cb42-4194-b9ec-10bde072fcce,26.0,2026-07-11T12:22:59.009Z,79959863-c67d-4f45-a5eb-4c983e573f57,457f9c1a-0e9a-4c0e-ae41-7f00e3646fba,6009,6.0,12.0,True,81c07f80-3811-4e60-bf37-2ba59362383b,2a392470-f47d-4fff-a8b9-37d9cbbe2361,-9.0,0.0,3.0,,False,False,7fa5ba4b-28df-44e8-a4f2-d87072e98a2b
Krakowskie Manewry 2026,73886888-aec6-40b2-a2cd-a6353423fd49,Runda 3 - OBJECT SCENARIOS,f3e2dad7-04bd-42de-baab-717db7f15511,FINISHED,93662e23-2181-4306-9801-dbb5c860c45b,27.0,2026-07-11T12:22:59.009Z,9298631f-b3d8-4f5a-ac50-2c331ddf92f0,222c2b52-47fd-4345-a6ec-a83ee05ccb12,6015,6.0,16.0,True,ae31b382-5ba6-43fb-8772-ef051982d696,1279e92f-2cd2-4ab8-855a-9630a43d2c60,-15.0,0.0,1.0,,False,False,7fa5ba4b-28df-44e8-a4f2-d87072e98a2b
Krakowskie Manewry 2026,73886888-aec6-40b2-a2cd-a6353423fd49,Runda 3 - OBJECT SCENARIOS,f3e2dad7-04bd-42de-baab-717db7f15511,FINISHED,08e60166-a572-4253-9f36-819efccaf19c,28.0,2026-07-11T12:22:59.009Z,e2ea5d0b-2744-4a43-a2a8-d48ac051c6ed,804c4802-b3bc-41ec-9f1b-de92ffe4897e,-11,0.0,0.0,False,ec18cb8d-dca4-4b58-93d7-fc6aec1ed756,8e40b208-0e62-4a37-8228-f003566dc4a7,6011.0,6.0,11.0,,False,False,7fa5ba4b-28df-44e8-a4f2-d87072e98a2b
Krakowskie Manewry 2026,73886888-aec6-40b2-a2cd-a6353423fd49,Runda 3 - OBJECT SCENARIOS,f3e2dad7-04bd-42de-baab-717db7f15511,FINISHED,5f1f4d48-4adb-48f4-9982-9c5bd789295f,29.0,2026-07-11T12:22:59.009Z,87431f03-fc4d-40b9-b40e-d92aac6da722,59614550-aefe-45cd-b768-5f8310065c35,-4,,3.0,,3f236ad2-9999-4cd9-8a20-bd904f190972,bbbe191e-78cb-42d6-acc6-fd53718b1fd2,6004.0,6.0,7.0,False,False,False,7fa5ba4b-28df-44e8-a4f2-d87072e98a2b
Krakowskie Manewry 2026,73886888-aec6-40b2-a2cd-a6353423fd49,Runda 3 - OBJECT SCENARIOS,f3e2dad7-04bd-42de-baab-717db7f15511,FINISHED,70ffd780-e24d-47fa-8951-6e735ad8424a,30.0,2026-07-11T12:22:59.009Z,31a56152-c7c3-41e4-9b54-2aca7f7bced8,f0b719fd-09d6-4d2a-a87c-bd6e7fcd6990,997,1.0,5.0,,dae4a4fd-90c7-4a2e-8301-b08aca67cb88,6dead819-2363-4244-ab43-933ee534235f,5003.0,5.0,8.0,,False,False,7fa5ba4b-28df-44e8-a4f2-d87072e98a2b
Krakowskie Manewry 2026,73886888-aec6-40b2-a2cd-a6353423fd49,Runda 3 - OBJECT SCENARIOS,f3e2dad7-04bd-42de-baab-717db7f15511,FINISHED,b6fa0086-aad4-44b6-811c-747b733009c3,31.0,2026-07-11T12:22:59.009Z,d17c075d-f702-4814-a361-ca08e0f452e1,4c85220b-667f-4d0b-b719-9c9ae145792d,6014,6.0,14.0,,808d8cc7-988c-45dd-a4dd-efede926b632,9da2af4f-72f3-41ac-94ab-f4d0f86de13d,-14.0,0.0,0.0,,False,False,7fa5ba4b-28df-44e8-a4f2-d87072e98a2b
Krakowskie Manewry 2026,73886888-aec6-40b2-a2cd-a6353423fd49,Runda 3 - OBJECT SCENARIOS,f3e2dad7-04bd-42de-baab-717db7f15511,FINISHED,30b5952f-6681-4678-8005-64de898cf53c,32.0,2026-07-11T12:22:59.009Z,3468111e-d67c-4f84-b6bb-fe52d5801280,dd081a04-8bbb-4409-aed7-f6ceedf4d7d0,2000,2.0,3.0,,3292ee16-abeb-4b67-a5a2-e85a62cc706b,a5f615bb-a42a-4084-98e7-426a4b15d6ac,2000.0,2.0,3.0,,False,False,7fa5ba4b-28df-44e8-a4f2-d87072e98a2b
Krakowskie Manewry 2026,73886888-aec6-40b2-a2cd-a6353423fd49,Runda 3 - OBJECT SCENARIOS,f3e2dad7-04bd-42de-baab-717db7f15511,FINISHED,c174460d-3375-459c-831b-4ac2b0402a0e,33.0,2026-07-11T12:22:59.009Z,1a27ae1e-134a-4d0d-9ea0-db7e81c26032,7f22159a-00df-4a00-9aa9-2f36d60d2455,999,1.0,8.0,,b2f8f233-5386-45b9-9c4d-b5f12b331ef1,c835422a-30a3-4c32-b3c7-e4adf534f128,5001.0,5.0,9.0,,False,False,7fa5ba4b-28df-44e8-a4f2-d87072e98a2b
Krakowskie Manewry 2026,73886888-aec6-40b2-a2cd-a6353423fd49,Runda 3 - OBJECT SCENARIOS,f3e2dad7-04bd-42de-baab-717db7f15511,FINISHED,4be3238b-d353-43cc-aa69-05bdd0d343f7,34.0,2026-07-11T12:22:59.009Z,1bea3999-d2e1-4986-88d2-8e1175474c8a,4775ff22-98bd-4dcb-bfd3-28ee7cd79a08,-11,0.0,0.0,,61613e03-39d1-4aa5-90ab-99bca0a16ff0,d69a27be-2cfc-4695-9551-250b26795a4f,6011.0,6.0,11.0,,False,False,7fa5ba4b-28df-44e8-a4f2-d87072e98a2b
Krakowskie Manewry 2026,73886888-aec6-40b2-a2cd-a6353423fd49,Runda 3 - OBJECT SCENARIOS,f3e2dad7-04bd-42de-baab-717db7f15511,FINISHED,5552feca-92b9-4122-9fae-c3563c30502b,35.0,2026-07-11T12:22:59.009Z,2e0e5ae8-9b07-48f8-9f17-45b5e555b382,7d79e669-7010-4328-bbf5-3f7203dddd9a,6020,6.0,20.0,,89b9ca63-ccd6-47a0-beb7-cec565a8fc6b,7508e7c6-6d9d-46a3-a29f-dc70f0917a46,-20.0,0.0,0.0,,False,False,7fa5ba4b-28df-44e8-a4f2-d87072e98a2b
Krakowskie Manewry 2026,73886888-aec6-40b2-a2cd-a6353423fd49,Runda 3 - OBJECT SCENARIOS,f3e2dad7-04bd-42de-baab-717db7f15511,FINISHED,5c67fb25-8df8-4180-8608-d9b940c02ffb,36.0,2026-07-11T12:22:59.009Z,d5728ab0-3dc9-43e4-9658-bae6384ec00b,1e4b9bdf-6062-4736-aef3-52bc568f8803,-16,0.0,1.0,,37b2c7e2-93c7-43f9-92da-014701887437,76870d30-055b-4a89-a141-78ef032269f2,6016.0,6.0,17.0,,False,False,7fa5ba4b-28df-44e8-a4f2-d87072e98a2b
Krakowskie Manewry 2026,73886888-aec6-40b2-a2cd-a6353423fd49,Runda 3 - OBJECT SCENARIOS,f3e2dad7-04bd-42de-baab-717db7f15511,FINISHED,cc3b1fde-2e99-459c-b228-3860598472fd,37.0,2026-07-11T12:22:59.009Z,c94029a2-c090-483f-a8f5-1c41b3240319,1cd9909c-5aa9-41e1-adef-adc288fad817,6008,6.0,13.0,,dcea1558-c593-49d1-9e06-4c13a626bb3e,6e8fd6ad-52e1-4877-84dc-2fce2d7ab7da,-8.0,0.0,5.0,,False,False,7fa5ba4b-28df-44e8-a4f2-d87072e98a2b
Krakowskie Manewry 2026,73886888-aec6-40b2-a2cd-a6353423fd49,Runda 3 - OBJECT SCENARIOS,f3e2dad7-04bd-42de-baab-717db7f15511,FINISHED,c50bf7ca-068a-40c2-b9ac-cbbfb1f2994e,38.0,2026-07-11T12:22:59.009Z,599449e2-e247-45b5-bad6-195117b0eef5,f48752fd-e96a-49e3-bb78-8c12475d82ae,-14,0.0,1.0,False,93f0d706-b168-4ce9-bc9c-8c28ead1f6b1,0117f017-2d2b-4322-910f-c7c1b3aae435,6014.0,6.0,15.0,,False,False,7fa5ba4b-28df-44e8-a4f2-d87072e98a2b
Krakowskie Manewry 2026,73886888-aec6-40b2-a2cd-a6353423fd49,Runda 3 - OBJECT SCENARIOS,f3e2dad7-04bd-42de-baab-717db7f15511,FINISHED,d6378caa-6f48-4b8d-8ec6-0f388e1a40da,39.0,2026-07-11T12:22:59.009Z,fc61253a-8809-4217-912e-12ab30f5525a,f5bcca05-14a2-4c47-8a81-379d5c4ee992,-9,0.0,3.0,True,05a8e523-bae1-4a7a-a879-9b624e4942e0,3723b773-cadb-46d3-8758-e1260476e981,6009.0,6.0,12.0,False,False,False,7fa5ba4b-28df-44e8-a4f2-d87072e98a2b
Krakowskie Manewry 2026,73886888-aec6-40b2-a2cd-a6353423fd49,Runda 3 - OBJECT SCENARIOS,f3e2dad7-04bd-42de-baab-717db7f15511,FINISHED,9dc24b49-d16c-4721-a098-f6e510f44d58,40.0,2026-07-11T12:22:59.009Z,a35b983b-5ace-4d18-8cd3-ef86d63a3881,55b3019a-a7e5-4c3c-9c51-0643513d2296,996,1.0,0.0,True,ed2cad03-3669-4d58-aa94-55cd46b6425c,081b732c-68ef-4404-bf2c-b56519b96acd,5004.0,5.0,4.0,,False,False,7fa5ba4b-28df-44e8-a4f2-d87072e98a2b
Krakowskie Manewry 2026,73886888-aec6-40b2-a2cd-a6353423fd49,Runda 3 - OBJECT SCENARIOS,f3e2dad7-04bd-42de-baab-717db7f15511,FINISHED,5d52b768-04aa-4665-b6c8-ec449f7f55d6,41.0,2026-07-11T12:22:59.009Z,da1e30e2-fb89-43fc-8eb5-4a54e241f01a,de531847-5760-46e8-b02d-193569efdd23,6010,6.0,12.0,,f3bb9b95-3bb6-4845-88cf-0ff0072b0cc8,9ab573d7-8211-4b81-bf7c-c22f802f9ee7,-10.0,0.0,2.0,,False,False,7fa5ba4b-28df-44e8-a4f2-d87072e98a2b
Krakowskie Manewry 2026,73886888-aec6-40b2-a2cd-a6353423fd49,Runda 3 - OBJECT SCENARIOS,f3e2dad7-04bd-42de-baab-717db7f15511,FINISHED,8e20619a-8b4c-461a-b3cc-ddbce11f7c80,42.0,2026-07-11T12:22:59.009Z,77a57331-49d3-4b77-ac23-1bb29ccd7a3a,bff260e9-d39b-4dfc-9ddd-bfd091a449ba,-20,0.0,0.0,,2ddef458-036f-459a-9b2f-d1c26727e5f4,8076af08-a8fe-455c-8c1a-2e5d7f2ad3eb,6020.0,6.0,20.0,False,False,False,7fa5ba4b-28df-44e8-a4f2-d87072e98a2b
Krakowskie Manewry 2026,73886888-aec6-40b2-a2cd-a6353423fd49,Runda 3 - OBJECT SCENARIOS,f3e2dad7-04bd-42de-baab-717db7f15511,FINISHED,45c111c6-ba54-4f6e-94d7-b07e82dd613e,43.0,2026-07-11T12:22:59.009Z,9ad438b2-67c1-4e86-825c-b4defe9272eb,813e33d8-2b98-45ed-8c3c-00af33dd4697,6006,6.0,7.0,,61f14809-48c4-4362-ac2f-256fcd886fd6,40eca01a-ba05-4c54-afa1-205dbb9e86dc,-6.0,0.0,1.0,False,False,False,7fa5ba4b-28df-44e8-a4f2-d87072e98a2b
Krakowskie Manewry 2026,73886888-aec6-40b2-a2cd-a6353423fd49,Runda 3 - OBJECT SCENARIOS,f3e2dad7-04bd-42de-baab-717db7f15511,FINISHED,81f83ea3-0d05-4efc-8fd7-3abf850e7340,44.0,2026-07-11T12:22:59.009Z,c430aec2-1860-4227-81a9-8d40ddc992e1,6732875f-9e3b-44e5-b4a1-5ce209a9b359,5002,5.0,10.0,,eec4eeec-89c8-4114-8011-bec5670c0a59,3fb17aad-078c-4ea5-ae7e-2ae332f265d4,998.0,1.0,8.0,False,False,False,7fa5ba4b-28df-44e8-a4f2-d87072e98a2b
Krakowskie Manewry 2026,73886888-aec6-40b2-a2cd-a6353423fd49,Runda 3 - OBJECT SCENARIOS,f3e2dad7-04bd-42de-baab-717db7f15511,FINISHED,f5ec0504-5956-4bed-944a-c567f89a9190,45.0,2026-07-11T12:22:59.009Z,653dc560-a6c7-4735-b9f9-5b694895ab5c,47aa3a89-3a24-42bb-b29d-e5b15aef0de7,-15,0.0,0.0,,34a8788b-67e0-4546-b91a-5b0f00a31d81,cd36b01c-87a1-47c9-b877-a65940b24b12,6015.0,6.0,15.0,,False,False,7fa5ba4b-28df-44e8-a4f2-d87072e98a2b
Krakowskie Manewry 2026,73886888-aec6-40b2-a2cd-a6353423fd49,Runda 3 - OBJECT SCENARIOS,f3e2dad7-04bd-42de-baab-717db7f15511,FINISHED,a8fcd9d1-99db-4b5a-9294-b3a949ac0973,46.0,2026-07-11T12:22:59.009Z,cccaecb4-881c-4c42-b74a-329cb4532090,3eb3c237-e910-43c1-b4a4-4c8ada505d6f,5004,5.0,11.0,,b1fe7507-9821-4330-b1b8-82e2dd0469b8,ea7e3e0d-3a78-4a90-8ca4-a55e6505cf5a,996.0,1.0,7.0,False,False,False,7fa5ba4b-28df-44e8-a4f2-d87072e98a2b
Krakowskie Manewry 2026,73886888-aec6-40b2-a2cd-a6353423fd49,Runda 3 - OBJECT SCENARIOS,f3e2dad7-04bd-42de-baab-717db7f15511,FINISHED,c6647d40-4d05-4471-936e-ed5366508053,47.0,2026-07-11T12:22:59.009Z,f63d9501-29f6-428a-8003-e468f76a7f66,0ad1e880-3db6-4577-84e8-1f7bb3702572,998,1.0,5.0,,865e67f8-ee1b-4760-b583-5a3dedee323d,5aa7d708-6938-4f9e-b4d9-ef2e49b6f5f5,5002.0,5.0,7.0,True,False,False,7fa5ba4b-28df-44e8-a4f2-d87072e98a2b
Krakowskie Manewry 2026,73886888-aec6-40b2-a2cd-a6353423fd49,Runda 3 - OBJECT SCENARIOS,f3e2dad7-04bd-42de-baab-717db7f15511,FINISHED,a8778938-a0b7-427a-b27f-36d4ccd0be49,48.0,2026-07-11T12:22:59.009Z,71bef3d8-d941-47ef-8a03-6481cb134e9a,9dbc8e72-3671-4d6d-b5a9-e1f2af80c9ea,998,1.0,6.0,,72d9b316-31de-4afe-8057-6aed7c11b143,b746219c-415e-46e0-8143-e8cbc9ae71d0,5002.0,5.0,8.0,,False,False,7fa5ba4b-28df-44e8-a4f2-d87072e98a2b
Krakowskie Manewry 2026,73886888-aec6-40b2-a2cd-a6353423fd49,Runda 3 - OBJECT SCENARIOS,f3e2dad7-04bd-42de-baab-717db7f15511,FINISHED,8d633161-ab04-4d1b-969d-47ecf34d1321,49.0,2026-07-11T12:22:59.009Z,9ffd7c22-b8cf-4ace-8380-a90f93513045,e193927e-381f-4695-ac85-685e297bb182,-8,0.0,0.0,,8c24e226-f000-4a01-bc62-323db8f80321,b9991a3f-21db-4617-833e-e0341de18725,6008.0,6.0,8.0,,False,False,7fa5ba4b-28df-44e8-a4f2-d87072e98a2b
Krakowskie Manewry 2026,73886888-aec6-40b2-a2cd-a6353423fd49,Runda 3 - OBJECT SCENARIOS,f3e2dad7-04bd-42de-baab-717db7f15511,FINISHED,32b97083-5674-4e62-a112-65f87f1e93b8,50.0,2026-07-11T12:22:59.009Z,4e831c51-51d5-4c7a-a211-027a5cdf51b1,d1928738-701d-4759-abe9-ff1123a28015,-999999,1.0,0.0,,57e1e4c9-47a2-4b91-99b0-21ca266650cc,3f55c328-9c62-4808-8c08-3aa6275710cd,5001.0,5.0,1.0,,False,False,7fa5ba4b-28df-44e8-a4f2-d87072e98a2b
Krakowskie Manewry 2026,73886888-aec6-40b2-a2cd-a6353423fd49,Runda 3 - OBJECT SCENARIOS,f3e2dad7-04bd-42de-baab-717db7f15511,FINISHED,2b413f8a-7a3c-49b6-8832-dff0aba96c2c,51.0,2026-07-11T12:22:59.009Z,95d9e0ab-2a20-4600-8bc6-ddd725295eae,78dcd687-a7f0-4fff-8ba0-8bf91d031f3b,-7,0.0,2.0,,aa92fa8e-5c72-45e6-be07-40a572366961,2a69f764-5cb1-4177-9200-d58b7117a089,6007.0,6.0,9.0,,False,False,7fa5ba4b-28df-44e8-a4f2-d87072e98a2b
Krakowskie Manewry 2026,73886888-aec6-40b2-a2cd-a6353423fd49,Runda 3 - OBJECT SCENARIOS,f3e2dad7-04bd-42de-baab-717db7f15511,FINISHED,2c187335-a8f6-4ae4-bfd7-91c7c746ef77,52.0,2026-07-11T12:22:59.009Z,385ab0f6-b4f9-44e8-b8e5-515ab27af671,7783babb-c470-4763-80c7-8e6bd277ded8,5003,5.0,8.0,False,9b1693b7-140a-42eb-9f79-6a011fe9a6d3,1648e62c-e62a-443c-83be-6fc7ad5a86ff,997.0,1.0,5.0,,False,False,7fa5ba4b-28df-44e8-a4f2-d87072e98a2b
Krakowskie Manewry 2026,73886888-aec6-40b2-a2cd-a6353423fd49,Runda 3 - OBJECT SCENARIOS,f3e2dad7-04bd-42de-baab-717db7f15511,FINISHED,7fd6228a-8af6-459d-b4e5-00d3d18e18cb,53.0,2026-07-11T12:22:59.009Z,231e0e54-cdf1-43b4-bc2b-6bcad904e912,d0007593-ceb7-41c6-a43e-c5541e5eb1c6,6012,6.0,14.0,,c11d18fc-82c7-4231-94ad-c5b9fe4b6504,02e912fd-a2c2-4725-a3a6-e9d4fea52a31,-12.0,0.0,2.0,,False,False,7fa5ba4b-28df-44e8-a4f2-d87072e98a2b
Krakowskie Manewry 2026,73886888-aec6-40b2-a2cd-a6353423fd49,Runda 3 - OBJECT SCENARIOS,f3e2dad7-04bd-42de-baab-717db7f15511,FINISHED,3c46a82e-5f3f-47a9-9712-d2768a3d984d,54.0,2026-07-11T12:22:59.009Z,0deb648c-847a-4ca9-830a-e98f8fb99324,68431330-4907-4fe2-91af-e912792c5c68,-7,0.0,5.0,,8b2cbded-f932-429f-9fd6-7bd90457b9ac,b6f0e023-257d-472b-af43-78e56d559cae,6007.0,6.0,12.0,,False,False,7fa5ba4b-28df-44e8-a4f2-d87072e98a2b
Krakowskie Manewry 2026,73886888-aec6-40b2-a2cd-a6353423fd49,Runda 4 - MANOEUVRING SCENARIO,4be2f913-35f8-4919-8db9-b102955e8b44,FINISHED,71666de4-5711-4bbd-8b98-f34cbbdc2455,0.0,2026-07-11T15:27:58.055Z,e42584b7-b82d-4f2d-97e4-5cc62546bdfb,15e5a444-91c2-43fe-8b7b-c927354ca51a,-14,0.0,1.0,False,023b18d3-1028-4278-9db5-753df209c4a6,6a2a00f2-2511-49bb-abf4-034ba4382126,6014.0,6.0,15.0,,False,False,7fa5ba4b-28df-44e8-a4f2-d87072e98a2b
Krakowskie Manewry 2026,73886888-aec6-40b2-a2cd-a6353423fd49,Runda 4 - MANOEUVRING SCENARIO,4be2f913-35f8-4919-8db9-b102955e8b44,FINISHED,f5263f7e-3492-4bd2-a700-8e6b22aa606b,1.0,2026-07-11T15:27:58.055Z,29de3e80-9f97-42b5-802c-c2d9a30a2b4d,2fa7f179-c8a2-4ee8-913e-2bcfb9ea1f59,2000,2.0,2.0,False,a3aad21c-c763-4208-90db-fc3fdfb0ae9b,6f641816-8973-4f1f-b906-3b33d5710be9,2000.0,2.0,2.0,,False,False,7fa5ba4b-28df-44e8-a4f2-d87072e98a2b
Krakowskie Manewry 2026,73886888-aec6-40b2-a2cd-a6353423fd49,Runda 4 - MANOEUVRING SCENARIO,4be2f913-35f8-4919-8db9-b102955e8b44,FINISHED,bec5c098-8aa5-4a51-afcc-3826163c9089,2.0,2026-07-11T15:27:58.055Z,afc89eef-4930-4043-80d7-5a24bea73bc3,5f6a7ffa-1a94-4176-a2f0-42f18d04a39e,6013,6.0,17.0,,dfbafb33-07f0-4790-bfc8-a096f38d53ba,e0392558-e263-4874-b380-e33152fcecbe,-13.0,0.0,4.0,False,False,False,7fa5ba4b-28df-44e8-a4f2-d87072e98a2b
Krakowskie Manewry 2026,73886888-aec6-40b2-a2cd-a6353423fd49,Runda 4 - MANOEUVRING SCENARIO,4be2f913-35f8-4919-8db9-b102955e8b44,FINISHED,5c20e323-9869-4282-83be-72a662a0c711,3.0,2026-07-11T15:27:58.055Z,2a6c0691-22ef-4ce5-9fe5-6a8aed023eb7,21c12fb0-4289-4df3-8bad-f18c2a49fd0d,2000,2.0,2.0,True,3d5bb992-610f-4dd3-8925-4ba2a4a9a407,475ff286-fcbc-4c49-bac5-e3002c4bdf14,2000.0,2.0,2.0,False,False,False,7fa5ba4b-28df-44e8-a4f2-d87072e98a2b
Krakowskie Manewry 2026,73886888-aec6-40b2-a2cd-a6353423fd49,Runda 4 - MANOEUVRING SCENARIO,4be2f913-35f8-4919-8db9-b102955e8b44,FINISHED,d21b24b8-958d-4e4f-b5c7-dcb7ea656597,4.0,2026-07-11T15:27:58.055Z,5f06bd6f-5142-45d9-9bfa-9f81b21d3654,9d5bc521-d1ac-416e-952c-926b6aef9e60,5004,5.0,4.0,,a002f115-b9a9-4fbb-94fd-4e387381af67,448193ff-e2b4-4650-898a-1dd8dc3fd5e1,996.0,1.0,0.0,,False,False,7fa5ba4b-28df-44e8-a4f2-d87072e98a2b
Krakowskie Manewry 2026,73886888-aec6-40b2-a2cd-a6353423fd49,Runda 4 - MANOEUVRING SCENARIO,4be2f913-35f8-4919-8db9-b102955e8b44,FINISHED,b7703587-e895-422a-a106-a545453854e3,5.0,2026-07-11T15:27:58.055Z,320b9c5a-2bfc-4f4f-aac5-ebf172ac116e,1403a8fb-39a4-4e2f-b6cd-5d7e334df789,5001,5.0,7.0,True,1e2b3a11-52a8-4e29-bd35-7e2d8f063df1,d46af0a2-c60d-45ef-9286-540bdc4ee510,999.0,1.0,6.0,,False,False,7fa5ba4b-28df-44e8-a4f2-d87072e98a2b
Krakowskie Manewry 2026,73886888-aec6-40b2-a2cd-a6353423fd49,Runda 4 - MANOEUVRING SCENARIO,4be2f913-35f8-4919-8db9-b102955e8b44,FINISHED,d6e35b1f-6482-4e44-990a-aaf2252ff1bd,6.0,2026-07-11T15:27:58.055Z,00ea2713-5af8-42e0-b992-83a3442fc4c0,6d76eb6c-3cb2-419b-87ac-ac387640fbad,-14,0.0,2.0,,e021b740-814b-4d3c-8815-a571bfffbe35,c451779b-6172-4e1a-acbd-1b387949849d,6014.0,6.0,16.0,,False,False,7fa5ba4b-28df-44e8-a4f2-d87072e98a2b
Krakowskie Manewry 2026,73886888-aec6-40b2-a2cd-a6353423fd49,Runda 4 - MANOEUVRING SCENARIO,4be2f913-35f8-4919-8db9-b102955e8b44,FINISHED,2fbd8625-c468-4d93-840d-8a37c3ef38fe,7.0,2026-07-11T15:27:58.055Z,04826928-1eda-4443-9d1b-ff760d36d77a,97c5e5bc-7502-4f16-9c1b-53ead4fab5b2,997,1.0,2.0,True,6ba9ed44-9d14-4402-9345-da9156b38a7c,9641c0c9-16e9-4bb7-a7f4-e73245f48db2,5003.0,5.0,5.0,,False,False,7fa5ba4b-28df-44e8-a4f2-d87072e98a2b
Krakowskie Manewry 2026,73886888-aec6-40b2-a2cd-a6353423fd49,Runda 4 - MANOEUVRING SCENARIO,4be2f913-35f8-4919-8db9-b102955e8b44,FINISHED,68397645-ff9a-4a1c-a701-a33e93013d9f,8.0,2026-07-11T15:27:58.055Z,b61a50cc-9fac-4a4c-8d38-52196a80a22a,4edd7b4a-f5e4-4136-9363-aa93d7e9b8e3,996,1.0,9.0,False,f39fe672-eaaa-4d28-9520-995dc3e7b0ea,6bec13b2-87d9-4e6d-b7ca-06b9e90bf3ba,5004.0,5.0,13.0,,False,False,7fa5ba4b-28df-44e8-a4f2-d87072e98a2b
Krakowskie Manewry 2026,73886888-aec6-40b2-a2cd-a6353423fd49,Runda 4 - MANOEUVRING SCENARIO,4be2f913-35f8-4919-8db9-b102955e8b44,FINISHED,8d6c2a82-fd72-4328-ba49-b9ea4f3423b3,9.0,2026-07-11T15:27:58.055Z,5c5b25e8-e243-4495-bd28-d72500c38f81,71f045ad-ce24-4e8b-865a-1dc0f634a42d,5001,5.0,10.0,False,e19f748f-43d7-4f8e-ad6c-a96d6ebd9be8,beec30f8-4a47-431b-b7ed-e7f37e95bbbc,999.0,1.0,9.0,False,False,False,7fa5ba4b-28df-44e8-a4f2-d87072e98a2b
Krakowskie Manewry 2026,73886888-aec6-40b2-a2cd-a6353423fd49,Runda 4 - MANOEUVRING SCENARIO,4be2f913-35f8-4919-8db9-b102955e8b44,FINISHED,84c96ac9-49ff-405c-bffd-de48afd8d95a,10.0,2026-07-11T15:27:58.055Z,cdcb793f-fd67-47f1-9202-39354c6e86c5,fe2829dd-d3d5-4397-9c63-f65a285aba6e,6007,6.0,13.0,,f1c1e0a4-ff1b-4e5f-91c8-f745d3891e75,e2d714cd-6b6f-42d3-a62d-ae0b293e4413,-7.0,0.0,6.0,,False,False,7fa5ba4b-28df-44e8-a4f2-d87072e98a2b
Krakowskie Manewry 2026,73886888-aec6-40b2-a2cd-a6353423fd49,Runda 4 - MANOEUVRING SCENARIO,4be2f913-35f8-4919-8db9-b102955e8b44,FINISHED,5052a90d-fc4b-43b4-b1f8-86403a0d8f9c,11.0,2026-07-11T15:27:58.055Z,9da2240a-42c6-41cd-8261-856bf8b10d78,b802b217-7d71-4af6-bee4-c7f6e8879b94,999,1.0,2.0,,402fe5d4-92d5-4b53-88b3-911c6f9d9d89,18bc28b3-714d-4a11-972d-514a54145413,5001.0,5.0,3.0,True,False,False,7fa5ba4b-28df-44e8-a4f2-d87072e98a2b
Krakowskie Manewry 2026,73886888-aec6-40b2-a2cd-a6353423fd49,Runda 4 - MANOEUVRING SCENARIO,4be2f913-35f8-4919-8db9-b102955e8b44,FINISHED,c7434bce-da7a-4e5f-91a9-f44383ec9001,12.0,2026-07-11T15:27:58.055Z,b5911ef1-275c-4a0c-ac5d-ad16b6628194,d96af431-77bb-4909-bb15-61df62e81b15,6015,6.0,15.0,,024e87b7-2124-4e29-b89e-cd838642baca,9f05193d-1c9b-426c-b9b7-06281f9f887e,-15.0,0.0,0.0,,False,False,7fa5ba4b-28df-44e8-a4f2-d87072e98a2b
Krakowskie Manewry 2026,73886888-aec6-40b2-a2cd-a6353423fd49,Runda 4 - MANOEUVRING SCENARIO,4be2f913-35f8-4919-8db9-b102955e8b44,FINISHED,66cbcf50-e23e-4442-b1be-0c914a3b42f7,13.0,2026-07-11T15:27:58.055Z,eb208b6a-2c9a-4a92-af06-991bb07828ba,222c2b52-47fd-4345-a6ec-a83ee05ccb12,994,1.0,8.0,False,f98a0eb4-9c32-4da3-81a7-ac6361253f29,4c85220b-667f-4d0b-b719-9c9ae145792d,5006.0,5.0,14.0,,False,False,7fa5ba4b-28df-44e8-a4f2-d87072e98a2b
Krakowskie Manewry 2026,73886888-aec6-40b2-a2cd-a6353423fd49,Runda 4 - MANOEUVRING SCENARIO,4be2f913-35f8-4919-8db9-b102955e8b44,FINISHED,53ba8523-9403-4030-b009-5c063f36c8c8,14.0,2026-07-11T15:27:58.055Z,bc25c1a3-2e02-46d6-980e-8604ba9f15dd,8e40b208-0e62-4a37-8228-f003566dc4a7,995,1.0,0.0,,9e337d8b-69a7-457e-9662-4a8b3d0733db,457f9c1a-0e9a-4c0e-ae41-7f00e3646fba,5005.0,5.0,5.0,True,False,False,7fa5ba4b-28df-44e8-a4f2-d87072e98a2b
Krakowskie Manewry 2026,73886888-aec6-40b2-a2cd-a6353423fd49,Runda 4 - MANOEUVRING SCENARIO,4be2f913-35f8-4919-8db9-b102955e8b44,FINISHED,7d13bd32-ad85-4884-aad8-5c2eafae1fff,15.0,2026-07-11T15:27:58.055Z,1fe224d9-569d-43e4-8249-c131a241d984,6df80142-0804-43f3-910e-3d51131586cf,-16,0.0,0.0,False,7430880f-afcd-449f-a7a4-9a6d15b5f85c,4312b892-eb2e-491a-b14a-6f7cff1ab128,6016.0,6.0,16.0,True,False,False,7fa5ba4b-28df-44e8-a4f2-d87072e98a2b
Krakowskie Manewry 2026,73886888-aec6-40b2-a2cd-a6353423fd49,Runda 4 - MANOEUVRING SCENARIO,4be2f913-35f8-4919-8db9-b102955e8b44,FINISHED,86ae2c07-9f5c-4ed1-b0c5-c2b88077ff12,16.0,2026-07-11T15:27:58.055Z,172ba0f3-6840-4fda-93ad-ccf9aa7f54a1,6f0c7a5d-76ae-4136-81a4-1cb5150ad51d,6009,6.0,9.0,,572dc073-3cde-4b43-8818-1b707ff7d818,b8dd1de2-9dd2-40d6-8a9b-5b3403be9f37,-9.0,0.0,0.0,False,False,False,7fa5ba4b-28df-44e8-a4f2-d87072e98a2b
Krakowskie Manewry 2026,73886888-aec6-40b2-a2cd-a6353423fd49,Runda 4 - MANOEUVRING SCENARIO,4be2f913-35f8-4919-8db9-b102955e8b44,FINISHED,8a469cb7-a1bd-4943-806e-d298f3077749,17.0,2026-07-11T15:27:58.055Z,39148434-6b4f-4976-9fb2-2a412a2033c0,e11c9221-5fee-4a26-b4a8-23f3ee654de2,2000,2.0,0.0,,d2fa15bc-eeac-4dd4-8dd4-922f5a870a1b,bbbe191e-78cb-42d6-acc6-fd53718b1fd2,2000.0,2.0,0.0,True,False,False,7fa5ba4b-28df-44e8-a4f2-d87072e98a2b
Krakowskie Manewry 2026,73886888-aec6-40b2-a2cd-a6353423fd49,Runda 4 - MANOEUVRING SCENARIO,4be2f913-35f8-4919-8db9-b102955e8b44,FINISHED,b0c51642-152b-4840-a944-b2644a2d3583,18.0,2026-07-11T15:27:58.055Z,68150228-d9c5-4ca1-93dc-9a28ee70aa1b,d69a27be-2cfc-4695-9551-250b26795a4f,-14,0.0,3.0,,a235068b-e7d8-42df-9a15-81ab56d46431,63c2331e-0577-4bdc-a5fa-98ec6d23cbc5,6014.0,6.0,17.0,False,False,False,7fa5ba4b-28df-44e8-a4f2-d87072e98a2b
Krakowskie Manewry 2026,73886888-aec6-40b2-a2cd-a6353423fd49,Runda 4 - MANOEUVRING SCENARIO,4be2f913-35f8-4919-8db9-b102955e8b44,FINISHED,53439828-aa58-400b-a08e-cdfa6661131e,19.0,2026-07-11T15:27:58.055Z,a4c4afcb-6a3d-4fe7-a058-1a5bbe48cf7e,9357ea2e-af38-453d-9c2f-b828d5ccdfb6,5004,5.0,9.0,True,30e0ebd2-1b9d-4373-9252-c64b19f15e59,4d2a70a2-c8e1-4ab9-a886-3a945d216f71,996.0,1.0,5.0,False,False,False,7fa5ba4b-28df-44e8-a4f2-d87072e98a2b
Krakowskie Manewry 2026,73886888-aec6-40b2-a2cd-a6353423fd49,Runda 4 - MANOEUVRING SCENARIO,4be2f913-35f8-4919-8db9-b102955e8b44,FINISHED,dc9e396f-c8d6-4796-8014-9c030d820cf4,20.0,2026-07-11T15:27:58.055Z,cd1b2b77-722f-47e0-88d1-943ac008bbeb,7d79e669-7010-4328-bbf5-3f7203dddd9a,6011,6.0,12.0,,cd9b171e-6f9a-410c-8305-d92137ea551c,9f838a1a-8b9b-4c57-9faa-251f6768a5e9,-11.0,0.0,1.0,,False,False,7fa5ba4b-28df-44e8-a4f2-d87072e98a2b
Krakowskie Manewry 2026,73886888-aec6-40b2-a2cd-a6353423fd49,Runda 4 - MANOEUVRING SCENARIO,4be2f913-35f8-4919-8db9-b102955e8b44,FINISHED,cae6b57d-c68b-45b6-a92c-eee2984c2c3b,21.0,2026-07-11T15:27:58.055Z,9b4db01e-777e-4a90-a9de-d29ccef3dcf2,5f55d7f6-e77c-45a0-b083-60691560a665,998,1.0,5.0,,66bb5768-5973-40ec-a012-0c3acd9e4b25,76870d30-055b-4a89-a141-78ef032269f2,5002.0,5.0,7.0,,False,False,7fa5ba4b-28df-44e8-a4f2-d87072e98a2b
Krakowskie Manewry 2026,73886888-aec6-40b2-a2cd-a6353423fd49,Runda 4 - MANOEUVRING SCENARIO,4be2f913-35f8-4919-8db9-b102955e8b44,FINISHED,8f05629e-5b54-43df-8c7d-162ad21eeccd,22.0,2026-07-11T15:27:58.055Z,4ab1804c-d17c-4741-a899-6e4c837c4da0,6dead819-2363-4244-ab43-933ee534235f,-10,0.0,3.0,,72dabb38-dcfa-43c6-a384-f7674f00afb0,0117f017-2d2b-4322-910f-c7c1b3aae435,6010.0,6.0,13.0,,False,False,7fa5ba4b-28df-44e8-a4f2-d87072e98a2b
Krakowskie Manewry 2026,73886888-aec6-40b2-a2cd-a6353423fd49,Runda 4 - MANOEUVRING SCENARIO,4be2f913-35f8-4919-8db9-b102955e8b44,FINISHED,f3aa561f-68a7-4512-9bb7-51e723eadf3b,23.0,2026-07-11T15:27:58.055Z,d7b8d9c2-53b4-48f5-bc11-8737b86438c8,1cd9909c-5aa9-41e1-adef-adc288fad817,5003,5.0,3.0,,f06e20cc-73b8-4eff-b701-b776e091ee75,c835422a-30a3-4c32-b3c7-e4adf534f128,997.0,1.0,0.0,,False,False,7fa5ba4b-28df-44e8-a4f2-d87072e98a2b
Krakowskie Manewry 2026,73886888-aec6-40b2-a2cd-a6353423fd49,Runda 4 - MANOEUVRING SCENARIO,4be2f913-35f8-4919-8db9-b102955e8b44,FINISHED,5c20f814-aad6-45b3-b057-ac394aadb7c4,24.0,2026-07-11T15:27:58.055Z,8c5204ef-c025-435f-9a1b-99c8eaf6a1d2,08219a4e-e2d0-4904-b18d-f0320cd8d48b,-5,0.0,5.0,False,5a77bba2-a837-4d7c-9b48-f38cc92d5a82,ef46c5bc-e9ab-450b-85f5-4b88323ef1b8,6005.0,6.0,10.0,,False,False,7fa5ba4b-28df-44e8-a4f2-d87072e98a2b
Krakowskie Manewry 2026,73886888-aec6-40b2-a2cd-a6353423fd49,Runda 4 - MANOEUVRING SCENARIO,4be2f913-35f8-4919-8db9-b102955e8b44,FINISHED,6c53dff0-0178-4189-9296-f7f07f771904,25.0,2026-07-11T15:27:58.055Z,5af8e2de-81e2-49ec-9dc2-c6e356d262ad,3723b773-cadb-46d3-8758-e1260476e981,6013,6.0,15.0,False,061ef448-2639-475d-aa2f-2c8f9941de2f,de531847-5760-46e8-b02d-193569efdd23,-13.0,0.0,2.0,,False,False,7fa5ba4b-28df-44e8-a4f2-d87072e98a2b
Krakowskie Manewry 2026,73886888-aec6-40b2-a2cd-a6353423fd49,Runda 4 - MANOEUVRING SCENARIO,4be2f913-35f8-4919-8db9-b102955e8b44,FINISHED,3e0241d8-7f96-4cc7-9a3f-e3e7c3fc3e2d,26.0,2026-07-11T15:27:58.055Z,ae6ace6a-f060-430b-bb32-0951dbff2988,1b3a7062-b9d5-4a5a-b5b4-47543d96425e,-6,0.0,3.0,,0b92a709-4d58-4657-acb8-b4a88d6e6432,20a238b0-37e6-400b-a2a1-20935ab4cc00,6006.0,6.0,9.0,,False,False,7fa5ba4b-28df-44e8-a4f2-d87072e98a2b
Krakowskie Manewry 2026,73886888-aec6-40b2-a2cd-a6353423fd49,Runda 4 - MANOEUVRING SCENARIO,4be2f913-35f8-4919-8db9-b102955e8b44,FINISHED,85b783c1-0b8f-4cf0-a55f-a65613834f51,27.0,2026-07-11T15:27:58.055Z,aa758e48-b248-4f66-951f-7c381f861bbf,809fc623-68b5-4bf3-933b-81f3ab3b689f,-12,0.0,0.0,,3efc7d01-d1ec-4855-ad1b-95d05fe8ec82,8076af08-a8fe-455c-8c1a-2e5d7f2ad3eb,6012.0,6.0,12.0,False,False,False,7fa5ba4b-28df-44e8-a4f2-d87072e98a2b
Krakowskie Manewry 2026,73886888-aec6-40b2-a2cd-a6353423fd49,Runda 4 - MANOEUVRING SCENARIO,4be2f913-35f8-4919-8db9-b102955e8b44,FINISHED,3407fcce-8a6f-4c81-b633-e70f03349211,28.0,2026-07-11T15:27:58.055Z,839eb1cd-d91d-49d6-a1a5-55361b0fad43,a15d42d2-401a-42d5-a0e7-e8f88c780302,6010,6.0,11.0,,4c6af0cd-ed13-444d-ba6b-e61dd43b9492,3d9c2b85-855a-4af5-9786-5280365b2d7d,-10.0,0.0,1.0,,False,False,7fa5ba4b-28df-44e8-a4f2-d87072e98a2b
Krakowskie Manewry 2026,73886888-aec6-40b2-a2cd-a6353423fd49,Runda 4 - MANOEUVRING SCENARIO,4be2f913-35f8-4919-8db9-b102955e8b44,FINISHED,0916342d-a4d2-4de8-a448-f23fcf00e869,29.0,2026-07-11T15:27:58.055Z,6564641e-f209-493b-bba5-45583ee6da71,081b732c-68ef-4404-bf2c-b56519b96acd,6009,6.0,9.0,,9a5b5e2e-4357-4bef-9448-63b9de6c10f9,813e33d8-2b98-45ed-8c3c-00af33dd4697,-9.0,0.0,0.0,,False,False,7fa5ba4b-28df-44e8-a4f2-d87072e98a2b
Krakowskie Manewry 2026,73886888-aec6-40b2-a2cd-a6353423fd49,Runda 4 - MANOEUVRING SCENARIO,4be2f913-35f8-4919-8db9-b102955e8b44,FINISHED,b9573ab8-b208-41de-a5c7-8e45b0a09cb4,30.0,2026-07-11T15:27:58.055Z,03524ce9-bd5a-4d31-8ebc-daa841b48293,dd081a04-8bbb-4409-aed7-f6ceedf4d7d0,5001,5.0,3.0,,d6678fb2-34cc-4ffc-a8b3-6a0d7b7666a5,83f6f224-a83f-4b8a-8284-e19085482720,999.0,1.0,2.0,,False,False,7fa5ba4b-28df-44e8-a4f2-d87072e98a2b
Krakowskie Manewry 2026,73886888-aec6-40b2-a2cd-a6353423fd49,Runda 4 - MANOEUVRING SCENARIO,4be2f913-35f8-4919-8db9-b102955e8b44,FINISHED,79663153-6483-4716-8ad9-2e3aee99d972,31.0,2026-07-11T15:27:58.055Z,5df08584-f9ae-4eec-998c-2b4e3635200f,a5f615bb-a42a-4084-98e7-426a4b15d6ac,-9,0.0,1.0,,1c603743-9d01-4789-ba68-27b29096744a,cd36b01c-87a1-47c9-b877-a65940b24b12,6009.0,6.0,10.0,,False,False,7fa5ba4b-28df-44e8-a4f2-d87072e98a2b
Krakowskie Manewry 2026,73886888-aec6-40b2-a2cd-a6353423fd49,Runda 4 - MANOEUVRING SCENARIO,4be2f913-35f8-4919-8db9-b102955e8b44,FINISHED,e689c9dd-f765-4b08-b11b-6864ef0a5f9d,32.0,2026-07-11T15:27:58.055Z,5cea9632-e5ee-40be-b6f8-8bcac287f71f,a6fc8598-2a54-4bb6-bbe1-4501ff1cee61,5003,5.0,3.0,,0f2ae258-d9d8-42b7-a962-9fa88dc267a1,f0b719fd-09d6-4d2a-a87c-bd6e7fcd6990,997.0,1.0,0.0,,False,False,7fa5ba4b-28df-44e8-a4f2-d87072e98a2b
Krakowskie Manewry 2026,73886888-aec6-40b2-a2cd-a6353423fd49,Runda 4 - MANOEUVRING SCENARIO,4be2f913-35f8-4919-8db9-b102955e8b44,FINISHED,cb97bfe7-a896-4b9e-a368-8d195cafd75f,33.0,2026-07-11T15:27:58.055Z,bd912c70-9df1-45c0-b6ea-594c09935a64,7f22159a-00df-4a00-9aa9-2f36d60d2455,2000,2.0,9.0,,a41d3ae9-46af-43a0-b2dc-3b51918f168b,f1143858-3e87-4afe-807d-f33f21de6d7e,2000.0,2.0,9.0,,False,False,7fa5ba4b-28df-44e8-a4f2-d87072e98a2b
Krakowskie Manewry 2026,73886888-aec6-40b2-a2cd-a6353423fd49,Runda 4 - MANOEUVRING SCENARIO,4be2f913-35f8-4919-8db9-b102955e8b44,FINISHED,091cef96-ec7c-4aae-97f8-37caeb608d88,34.0,2026-07-11T15:27:58.055Z,ae1b3a71-e7fe-4056-8549-0c2eaeb87224,59614550-aefe-45cd-b768-5f8310065c35,6016,6.0,18.0,,0b8364d9-c244-49ec-8242-a740078aecc0,795b46a8-5f87-4929-9f90-8af5cf04da90,-16.0,0.0,2.0,,False,False,7fa5ba4b-28df-44e8-a4f2-d87072e98a2b
Krakowskie Manewry 2026,73886888-aec6-40b2-a2cd-a6353423fd49,Runda 4 - MANOEUVRING SCENARIO,4be2f913-35f8-4919-8db9-b102955e8b44,FINISHED,d64d4a93-8820-47d7-bf5f-eda49b1f5395,35.0,2026-07-11T15:27:58.055Z,7ed39b46-9688-48ee-993f-abd81d0bed05,60bafdc5-b190-426c-b9e7-f5e0a369a294,995,1.0,7.0,,f9500b53-c515-4e5b-88eb-31ef5c6fc399,5de541e0-dfa6-4c41-b224-90684a3b5e1c,5005.0,5.0,12.0,True,False,False,7fa5ba4b-28df-44e8-a4f2-d87072e98a2b
Krakowskie Manewry 2026,73886888-aec6-40b2-a2cd-a6353423fd49,Runda 4 - MANOEUVRING SCENARIO,4be2f913-35f8-4919-8db9-b102955e8b44,FINISHED,6a4bbf4a-991f-46ac-8962-cfb6b80732fb,36.0,2026-07-11T15:27:58.055Z,a8d341c9-780a-40d4-ac9f-352c321e4316,6732875f-9e3b-44e5-b4a1-5ce209a9b359,6011,6.0,14.0,,86e32663-b6ad-43c0-b3b3-f0c675528015,2a392470-f47d-4fff-a8b9-37d9cbbe2361,-11.0,0.0,3.0,,False,False,7fa5ba4b-28df-44e8-a4f2-d87072e98a2b
Krakowskie Manewry 2026,73886888-aec6-40b2-a2cd-a6353423fd49,Runda 4 - MANOEUVRING SCENARIO,4be2f913-35f8-4919-8db9-b102955e8b44,FINISHED,81c9afb1-7db1-400b-bbaa-5385b2971d75,37.0,2026-07-11T15:27:58.055Z,c110e8a1-3e7b-4bdb-b440-bcdaccab6bd8,b9991a3f-21db-4617-833e-e0341de18725,-10,0.0,5.0,,5808c612-c7b4-4fe0-b224-4cb4e6741554,804c4802-b3bc-41ec-9f1b-de92ffe4897e,6010.0,6.0,15.0,False,False,False,7fa5ba4b-28df-44e8-a4f2-d87072e98a2b
Krakowskie Manewry 2026,73886888-aec6-40b2-a2cd-a6353423fd49,Runda 4 - MANOEUVRING SCENARIO,4be2f913-35f8-4919-8db9-b102955e8b44,FINISHED,394064c3-3628-41eb-9dc5-9225651dbbf5,38.0,2026-07-11T15:27:58.055Z,0cbea3af-a137-44b8-a475-98e286182efd,3eb3c237-e910-43c1-b4a4-4c8ada505d6f,5001,5.0,3.0,,d94abfbe-fa40-40bd-8c9e-f325b4e92b3d,d0007593-ceb7-41c6-a43e-c5541e5eb1c6,999.0,1.0,2.0,,False,False,7fa5ba4b-28df-44e8-a4f2-d87072e98a2b
Krakowskie Manewry 2026,73886888-aec6-40b2-a2cd-a6353423fd49,Runda 4 - MANOEUVRING SCENARIO,4be2f913-35f8-4919-8db9-b102955e8b44,FINISHED,8a0f37f7-d571-4508-9605-d1ffd6b90ba6,39.0,2026-07-11T15:27:58.055Z,c0afba63-bdb7-4fa1-a717-93007f2e2ff6,cbfbcd40-cbf7-4546-885f-4d061496fe8c,998,1.0,6.0,True,2fd4ff3b-314a-49bf-a85c-6a769f610ffc,2a69f764-5cb1-4177-9200-d58b7117a089,5002.0,5.0,8.0,,False,False,7fa5ba4b-28df-44e8-a4f2-d87072e98a2b
Krakowskie Manewry 2026,73886888-aec6-40b2-a2cd-a6353423fd49,Runda 4 - MANOEUVRING SCENARIO,4be2f913-35f8-4919-8db9-b102955e8b44,FINISHED,dcbae9ad-b6b2-4db0-bd83-b752de5079ee,40.0,2026-07-11T15:27:58.055Z,87da91ba-3676-4ff9-8b4a-04adffbb2d10,1279e92f-2cd2-4ab8-855a-9630a43d2c60,5002,5.0,13.0,,084647ff-bb0c-44d3-b75a-0a6a7ea91999,7562fb11-cb65-4132-ada1-93cd2fc58f9f,998.0,1.0,11.0,,False,False,7fa5ba4b-28df-44e8-a4f2-d87072e98a2b
Krakowskie Manewry 2026,73886888-aec6-40b2-a2cd-a6353423fd49,Runda 4 - MANOEUVRING SCENARIO,4be2f913-35f8-4919-8db9-b102955e8b44,FINISHED,951d9674-4d26-439c-aefb-8da22f5d397a,41.0,2026-07-11T15:27:58.055Z,5e004319-b3e5-45bd-9354-7686a7752e2f,9da2af4f-72f3-41ac-94ab-f4d0f86de13d,6010,6.0,11.0,,5be7f6c7-1d4d-4142-812e-e996c205e97a,5aa7d708-6938-4f9e-b4d9-ef2e49b6f5f5,-10.0,0.0,1.0,True,False,False,7fa5ba4b-28df-44e8-a4f2-d87072e98a2b
Krakowskie Manewry 2026,73886888-aec6-40b2-a2cd-a6353423fd49,Runda 4 - MANOEUVRING SCENARIO,4be2f913-35f8-4919-8db9-b102955e8b44,FINISHED,18eded6a-b55b-4223-98ec-ad9a4430f6f5,42.0,2026-07-11T15:27:58.055Z,167de94c-597d-43cd-a29b-4bb10d28a9f0,4775ff22-98bd-4dcb-bfd3-28ee7cd79a08,-6,0.0,5.0,,c0dbb53a-1a10-405e-92c3-f23e514dff29,b6f0e023-257d-472b-af43-78e56d559cae,6006.0,6.0,11.0,,False,False,7fa5ba4b-28df-44e8-a4f2-d87072e98a2b
Krakowskie Manewry 2026,73886888-aec6-40b2-a2cd-a6353423fd49,Runda 4 - MANOEUVRING SCENARIO,4be2f913-35f8-4919-8db9-b102955e8b44,FINISHED,8514de0b-856c-4cd7-8054-a5d0682c4c22,43.0,2026-07-11T15:27:58.055Z,68094bc5-7a84-430a-a905-ec1d4da8d88d,b746219c-415e-46e0-8143-e8cbc9ae71d0,996,1.0,10.0,,9010a385-dbb0-4d12-8c6e-9043b8b8e7af,6e8fd6ad-52e1-4877-84dc-2fce2d7ab7da,5004.0,5.0,14.0,,False,False,7fa5ba4b-28df-44e8-a4f2-d87072e98a2b
Krakowskie Manewry 2026,73886888-aec6-40b2-a2cd-a6353423fd49,Runda 4 - MANOEUVRING SCENARIO,4be2f913-35f8-4919-8db9-b102955e8b44,FINISHED,771e8803-a4ec-4fa2-a1cf-606a3aa76540,44.0,2026-07-11T15:27:58.055Z,a8b71a03-1a7a-46b9-8760-f638f53cebde,3f55c328-9c62-4808-8c08-3aa6275710cd,-15,0.0,1.0,True,46278a5c-b993-4add-b574-36ffd3c0de03,7783babb-c470-4763-80c7-8e6bd277ded8,6015.0,6.0,16.0,False,False,False,7fa5ba4b-28df-44e8-a4f2-d87072e98a2b
Krakowskie Manewry 2026,73886888-aec6-40b2-a2cd-a6353423fd49,Runda 4 - MANOEUVRING SCENARIO,4be2f913-35f8-4919-8db9-b102955e8b44,FINISHED,dfc947fc-3fcf-4965-b473-b9be0d9ce4f7,45.0,2026-07-11T15:27:58.055Z,50cc1c28-424a-47db-b319-a71764ae7b66,1e4b9bdf-6062-4736-aef3-52bc568f8803,2000,2.0,0.0,,12e2d668-0268-4b75-8998-790e7fb68432,f48752fd-e96a-49e3-bb78-8c12475d82ae,2000.0,2.0,0.0,False,False,False,7fa5ba4b-28df-44e8-a4f2-d87072e98a2b
Krakowskie Manewry 2026,73886888-aec6-40b2-a2cd-a6353423fd49,Runda 4 - MANOEUVRING SCENARIO,4be2f913-35f8-4919-8db9-b102955e8b44,FINISHED,07303da5-8275-4638-901c-8dc8faaf8059,46.0,2026-07-11T15:27:58.055Z,5eeef229-155b-4f71-950a-7ee2ed0ad278,7508e7c6-6d9d-46a3-a29f-dc70f0917a46,-14,0.0,2.0,,e5b88a33-1a8f-49f6-9e74-9403506a16b1,f5bcca05-14a2-4c47-8a81-379d5c4ee992,6014.0,6.0,16.0,False,False,False,7fa5ba4b-28df-44e8-a4f2-d87072e98a2b
Krakowskie Manewry 2026,73886888-aec6-40b2-a2cd-a6353423fd49,Runda 4 - MANOEUVRING SCENARIO,4be2f913-35f8-4919-8db9-b102955e8b44,FINISHED,60886f28-7b9b-4562-acde-c4d8c70cf72f,47.0,2026-07-11T15:27:58.055Z,10ad2b48-43c1-4f83-8590-a089eb3f673a,55b3019a-a7e5-4c3c-9c51-0643513d2296,-8,0.0,0.0,False,b90c2ac3-d6a3-496b-a29a-219aca4a5635,3fb17aad-078c-4ea5-ae7e-2ae332f265d4,6008.0,6.0,8.0,True,False,False,7fa5ba4b-28df-44e8-a4f2-d87072e98a2b
Krakowskie Manewry 2026,73886888-aec6-40b2-a2cd-a6353423fd49,Runda 4 - MANOEUVRING SCENARIO,4be2f913-35f8-4919-8db9-b102955e8b44,FINISHED,efb63211-27ae-4293-90b3-bfdf4f7a565e,48.0,2026-07-11T15:27:58.055Z,cea22e85-cc20-44cd-9cbd-e1a9cf48a691,9ab573d7-8211-4b81-bf7c-c22f802f9ee7,6006,6.0,6.0,,5a7833ec-69b7-4ed2-a54f-c4ab997c111a,ea7e3e0d-3a78-4a90-8ca4-a55e6505cf5a,-99999.0,0.0,0.0,,False,False,7fa5ba4b-28df-44e8-a4f2-d87072e98a2b
Krakowskie Manewry 2026,73886888-aec6-40b2-a2cd-a6353423fd49,Runda 4 - MANOEUVRING SCENARIO,4be2f913-35f8-4919-8db9-b102955e8b44,FINISHED,6a7dd765-52a4-4094-b2e2-396d4afa6c18,49.0,2026-07-11T15:27:58.055Z,d67d3d50-bc4d-4725-b449-48d21b34257c,40eca01a-ba05-4c54-afa1-205dbb9e86dc,996,1.0,0.0,False,6a12dcca-d047-4275-a4f9-cb7f16d7ba41,0ad1e880-3db6-4577-84e8-1f7bb3702572,5004.0,5.0,5.0,,False,False,7fa5ba4b-28df-44e8-a4f2-d87072e98a2b
Krakowskie Manewry 2026,73886888-aec6-40b2-a2cd-a6353423fd49,Runda 4 - MANOEUVRING SCENARIO,4be2f913-35f8-4919-8db9-b102955e8b44,FINISHED,e4eacf46-c498-4549-a2f7-00f384d7346c,50.0,2026-07-11T15:27:58.055Z,635253e2-4485-4cf8-a979-bef3fb115aab,bff260e9-d39b-4dfc-9ddd-bfd091a449ba,6006,6.0,6.0,,90900409-d502-47ed-a1af-6f919ddc5a54,9dbc8e72-3671-4d6d-b5a9-e1f2af80c9ea,-6.0,0.0,0.0,,False,False,7fa5ba4b-28df-44e8-a4f2-d87072e98a2b
Krakowskie Manewry 2026,73886888-aec6-40b2-a2cd-a6353423fd49,Runda 4 - MANOEUVRING SCENARIO,4be2f913-35f8-4919-8db9-b102955e8b44,FINISHED,629c22e6-ddfc-4b29-ae0f-86ced3fb9fed,51.0,2026-07-11T15:27:58.055Z,af38c45d-4bce-42d6-b961-88e5d6500f66,1648e62c-e62a-443c-83be-6fc7ad5a86ff,996,1.0,3.0,,4d33450b-768d-4533-a7ea-556e62501ab0,47aa3a89-3a24-42bb-b29d-e5b15aef0de7,5004.0,5.0,7.0,,False,False,7fa5ba4b-28df-44e8-a4f2-d87072e98a2b
Krakowskie Manewry 2026,73886888-aec6-40b2-a2cd-a6353423fd49,Runda 4 - MANOEUVRING SCENARIO,4be2f913-35f8-4919-8db9-b102955e8b44,FINISHED,fd01361d-a825-4b12-9b7b-4127319abd23,52.0,2026-07-11T15:27:58.055Z,4eed4d36-2937-4a89-b10a-726f618b1fdf,e193927e-381f-4695-ac85-685e297bb182,-9,0.0,3.0,,849f9791-c32d-480c-bb10-289eb4be9e8f,78dcd687-a7f0-4fff-8ba0-8bf91d031f3b,6009.0,6.0,12.0,,False,False,7fa5ba4b-28df-44e8-a4f2-d87072e98a2b
Krakowskie Manewry 2026,73886888-aec6-40b2-a2cd-a6353423fd49,Runda 4 - MANOEUVRING SCENARIO,4be2f913-35f8-4919-8db9-b102955e8b44,FINISHED,219eb410-ef48-4bec-88f5-e564d5e46d49,53.0,2026-07-11T15:27:58.055Z,035f6bb2-929f-499b-b8eb-f7605610272c,68431330-4907-4fe2-91af-e912792c5c68,-15,0.0,0.0,,55a50c56-736f-4d8f-aa24-c379bf0cd3ff,02e912fd-a2c2-4725-a3a6-e9d4fea52a31,6015.0,6.0,15.0,,False,False,7fa5ba4b-28df-44e8-a4f2-d87072e98a2b
Krakowskie Manewry 2026,73886888-aec6-40b2-a2cd-a6353423fd49,Runda 5 - KILL THE ENEMY SCENA,27126afd-9689-4d35-b3ec-4645d6e8e8f9,FINISHED,30cc1e6b-c6e6-45ff-990d-fce4625151de,0.0,2026-07-12T07:19:28.379Z,66c0e3ab-c78b-4738-b830-ad8c2f5566b1,6a2a00f2-2511-49bb-abf4-034ba4382126,6014,6.0,17.0,,7f18e1f2-4ab0-45ad-a2ea-306ceef7a624,5f6a7ffa-1a94-4176-a2f0-42f18d04a39e,-14.0,0.0,3.0,,False,False,7fa5ba4b-28df-44e8-a4f2-d87072e98a2b
Krakowskie Manewry 2026,73886888-aec6-40b2-a2cd-a6353423fd49,Runda 5 - KILL THE ENEMY SCENA,27126afd-9689-4d35-b3ec-4645d6e8e8f9,FINISHED,bfb06fea-bb71-41f6-9aae-e79b669a10c9,1.0,2026-07-12T07:19:28.379Z,5d3605c3-cd13-4a00-9ca4-d20e1f49363f,9d5bc521-d1ac-416e-952c-926b6aef9e60,6013,6.0,14.0,,457f5e7a-4586-42e9-828d-c5e810c6e4bd,2fa7f179-c8a2-4ee8-913e-2bcfb9ea1f59,-13.0,0.0,1.0,False,False,False,7fa5ba4b-28df-44e8-a4f2-d87072e98a2b
Krakowskie Manewry 2026,73886888-aec6-40b2-a2cd-a6353423fd49,Runda 5 - KILL THE ENEMY SCENA,27126afd-9689-4d35-b3ec-4645d6e8e8f9,FINISHED,8e770f56-c6c7-45c8-adb4-66c7c8d7e99f,2.0,2026-07-12T07:19:28.379Z,fc36d210-94f5-4b7f-91ca-524b59ede4ee,6f641816-8973-4f1f-b906-3b33d5710be9,6016,6.0,16.0,,0f3c35c0-c71b-4b5e-aa53-6f4f1e1fa7dc,1403a8fb-39a4-4e2f-b6cd-5d7e334df789,-16.0,0.0,0.0,True,False,False,7fa5ba4b-28df-44e8-a4f2-d87072e98a2b
Krakowskie Manewry 2026,73886888-aec6-40b2-a2cd-a6353423fd49,Runda 5 - KILL THE ENEMY SCENA,27126afd-9689-4d35-b3ec-4645d6e8e8f9,FINISHED,21f922d1-c8d3-47eb-9c3a-d07a4ee4ed61,3.0,2026-07-12T07:19:28.379Z,287f8072-0122-469c-928b-e115829d077a,c451779b-6172-4e1a-acbd-1b387949849d,6007,6.0,13.0,,380ba3ec-aec6-4481-a934-9efcc630ddae,21c12fb0-4289-4df3-8bad-f18c2a49fd0d,-7.0,0.0,6.0,False,False,False,7fa5ba4b-28df-44e8-a4f2-d87072e98a2b
Krakowskie Manewry 2026,73886888-aec6-40b2-a2cd-a6353423fd49,Runda 5 - KILL THE ENEMY SCENA,27126afd-9689-4d35-b3ec-4645d6e8e8f9,FINISHED,77911095-b378-441f-9eed-2b2594a65afa,4.0,2026-07-12T07:19:28.379Z,c523138f-d0f0-4a0e-b2c2-1984f9cc8fc6,fe2829dd-d3d5-4397-9c63-f65a285aba6e,999,1.0,0.0,,3d2f676f-fa68-4128-aa52-1432898e730f,d96af431-77bb-4909-bb15-61df62e81b15,5001.0,5.0,1.0,,False,False,7fa5ba4b-28df-44e8-a4f2-d87072e98a2b
Krakowskie Manewry 2026,73886888-aec6-40b2-a2cd-a6353423fd49,Runda 5 - KILL THE ENEMY SCENA,27126afd-9689-4d35-b3ec-4645d6e8e8f9,FINISHED,14092a4a-1517-4a5d-b712-f63119a4dd10,5.0,2026-07-12T07:19:28.379Z,e12897f9-1bcf-44ff-ae01-2034489453dc,4312b892-eb2e-491a-b14a-6f7cff1ab128,6014,6.0,15.0,False,9044579e-1df7-41dd-bea1-f6ef52d10d15,9641c0c9-16e9-4bb7-a7f4-e73245f48db2,-14.0,0.0,1.0,,False,False,7fa5ba4b-28df-44e8-a4f2-d87072e98a2b
Krakowskie Manewry 2026,73886888-aec6-40b2-a2cd-a6353423fd49,Runda 5 - KILL THE ENEMY SCENA,27126afd-9689-4d35-b3ec-4645d6e8e8f9,FINISHED,0fae9674-c2b7-41b0-8d97-7b7524a77731,6.0,2026-07-12T07:19:28.379Z,33eafdad-cada-44f8-be22-e294c3ddaf50,15e5a444-91c2-43fe-8b7b-c927354ca51a,6017,6.0,17.0,False,3b1e7616-aa90-4cd7-a9be-0f4136e40ade,6bec13b2-87d9-4e6d-b7ca-06b9e90bf3ba,-17.0,0.0,0.0,,False,False,7fa5ba4b-28df-44e8-a4f2-d87072e98a2b
Krakowskie Manewry 2026,73886888-aec6-40b2-a2cd-a6353423fd49,Runda 5 - KILL THE ENEMY SCENA,27126afd-9689-4d35-b3ec-4645d6e8e8f9,FINISHED,06839e89-e173-4dbb-9a01-d8355caded83,7.0,2026-07-12T07:19:28.379Z,f815276f-a76d-4d2d-a49a-529f2ea2011e,475ff286-fcbc-4c49-bac5-e3002c4bdf14,6008,6.0,10.0,False,3b46c76b-5bb5-4019-8571-4b481d7bf2b9,63c2331e-0577-4bdc-a5fa-98ec6d23cbc5,-8.0,0.0,2.0,False,False,False,7fa5ba4b-28df-44e8-a4f2-d87072e98a2b
Krakowskie Manewry 2026,73886888-aec6-40b2-a2cd-a6353423fd49,Runda 5 - KILL THE ENEMY SCENA,27126afd-9689-4d35-b3ec-4645d6e8e8f9,FINISHED,65e5e492-afb8-4a50-8953-68372793cb8e,8.0,2026-07-12T07:19:28.379Z,26c62e2c-2088-42d9-9964-1b10075a2731,6f0c7a5d-76ae-4136-81a4-1cb5150ad51d,995,1.0,6.0,,0af9e04d-bf1f-4542-a99d-b60cf7939935,71f045ad-ce24-4e8b-865a-1dc0f634a42d,5005.0,5.0,11.0,False,False,False,7fa5ba4b-28df-44e8-a4f2-d87072e98a2b
Krakowskie Manewry 2026,73886888-aec6-40b2-a2cd-a6353423fd49,Runda 5 - KILL THE ENEMY SCENA,27126afd-9689-4d35-b3ec-4645d6e8e8f9,FINISHED,a7b2c221-d20a-4098-8427-26235acb6091,9.0,2026-07-12T07:19:28.379Z,917cd78f-d3d6-4ee4-a0c8-d2233620c075,7d79e669-7010-4328-bbf5-3f7203dddd9a,5003,5.0,5.0,,5d570611-2154-4f5b-8036-fc4410c1ea1a,18bc28b3-714d-4a11-972d-514a54145413,997.0,1.0,2.0,False,False,False,7fa5ba4b-28df-44e8-a4f2-d87072e98a2b
Krakowskie Manewry 2026,73886888-aec6-40b2-a2cd-a6353423fd49,Runda 5 - KILL THE ENEMY SCENA,27126afd-9689-4d35-b3ec-4645d6e8e8f9,FINISHED,2c4c6900-21ae-4a7d-82ed-2acd820ea2f2,10.0,2026-07-12T07:19:28.379Z,2fcabba4-1daa-496a-a31a-3292e0da2752,4c85220b-667f-4d0b-b719-9c9ae145792d,5003,5.0,7.0,,d7626368-b98c-4390-9313-008eb5cca7ac,457f9c1a-0e9a-4c0e-ae41-7f00e3646fba,997.0,1.0,4.0,False,False,False,7fa5ba4b-28df-44e8-a4f2-d87072e98a2b
Krakowskie Manewry 2026,73886888-aec6-40b2-a2cd-a6353423fd49,Runda 5 - KILL THE ENEMY SCENA,27126afd-9689-4d35-b3ec-4645d6e8e8f9,FINISHED,686a9a66-cee4-4248-b3c7-b64a0e767821,11.0,2026-07-12T07:19:28.379Z,dfb72d0d-9cd0-4e15-b454-598741ed7ae7,e0392558-e263-4874-b380-e33152fcecbe,6012,6.0,12.0,False,2434a140-344f-45a6-a0e2-a1849239f446,0117f017-2d2b-4322-910f-c7c1b3aae435,-12.0,0.0,0.0,,False,False,7fa5ba4b-28df-44e8-a4f2-d87072e98a2b
Krakowskie Manewry 2026,73886888-aec6-40b2-a2cd-a6353423fd49,Runda 5 - KILL THE ENEMY SCENA,27126afd-9689-4d35-b3ec-4645d6e8e8f9,FINISHED,a98671fb-8f15-41c9-9e8b-ce126e2c779f,12.0,2026-07-12T07:19:28.379Z,8a0ddc63-ccb5-4237-b1dd-f5db81291c51,448193ff-e2b4-4650-898a-1dd8dc3fd5e1,5003,5.0,9.0,,211ca47c-9f28-4438-80df-a91003274f7a,9357ea2e-af38-453d-9c2f-b828d5ccdfb6,997.0,1.0,8.0,True,False,False,7fa5ba4b-28df-44e8-a4f2-d87072e98a2b
Krakowskie Manewry 2026,73886888-aec6-40b2-a2cd-a6353423fd49,Runda 5 - KILL THE ENEMY SCENA,27126afd-9689-4d35-b3ec-4645d6e8e8f9,FINISHED,ef4e7eb8-2e90-4ddc-9737-9dec0486f2da,13.0,2026-07-12T07:19:28.379Z,74354424-a78f-4a53-854f-2c5be5280038,76870d30-055b-4a89-a141-78ef032269f2,6006,6.0,8.0,,4baa7948-db2a-4270-856b-e82795df6ffb,1cd9909c-5aa9-41e1-adef-adc288fad817,-6.0,0.0,2.0,,False,False,7fa5ba4b-28df-44e8-a4f2-d87072e98a2b
Krakowskie Manewry 2026,73886888-aec6-40b2-a2cd-a6353423fd49,Runda 5 - KILL THE ENEMY SCENA,27126afd-9689-4d35-b3ec-4645d6e8e8f9,FINISHED,207e0927-f0bc-4c7f-b880-2ba0971dc0f9,14.0,2026-07-12T07:19:28.379Z,bc96e141-b72a-4db3-b7c1-b5eb4b2fb4e9,3723b773-cadb-46d3-8758-e1260476e981,2000,2.0,1.0,False,487b4579-103f-4f21-8459-5bfdff43aebe,d46af0a2-c60d-45ef-9286-540bdc4ee510,2000.0,2.0,1.0,,False,False,7fa5ba4b-28df-44e8-a4f2-d87072e98a2b
Krakowskie Manewry 2026,73886888-aec6-40b2-a2cd-a6353423fd49,Runda 5 - KILL THE ENEMY SCENA,27126afd-9689-4d35-b3ec-4645d6e8e8f9,FINISHED,a636fff6-f22e-4f77-81af-d0a58cba2576,15.0,2026-07-12T07:19:28.379Z,b45d970e-abac-44db-abc7-be2e30141a53,ef46c5bc-e9ab-450b-85f5-4b88323ef1b8,6008,6.0,11.0,,a44acd7c-9de8-4c4b-9666-1d037efa2043,20a238b0-37e6-400b-a2a1-20935ab4cc00,-8.0,0.0,3.0,,False,False,7fa5ba4b-28df-44e8-a4f2-d87072e98a2b
Krakowskie Manewry 2026,73886888-aec6-40b2-a2cd-a6353423fd49,Runda 5 - KILL THE ENEMY SCENA,27126afd-9689-4d35-b3ec-4645d6e8e8f9,FINISHED,71d65f6e-727d-42f7-a998-adc084edccb8,16.0,2026-07-12T07:19:28.379Z,4afea5af-15a2-4e9f-aa65-de67be284eae,8076af08-a8fe-455c-8c1a-2e5d7f2ad3eb,6020,6.0,20.0,False,e8e12407-9e7b-4094-ada7-18ff1128d00d,97c5e5bc-7502-4f16-9c1b-53ead4fab5b2,-20.0,0.0,6.0,False,False,False,7fa5ba4b-28df-44e8-a4f2-d87072e98a2b
Krakowskie Manewry 2026,73886888-aec6-40b2-a2cd-a6353423fd49,Runda 5 - KILL THE ENEMY SCENA,27126afd-9689-4d35-b3ec-4645d6e8e8f9,FINISHED,2a6cb49b-89c8-4f71-b993-76bbd89a2fee,17.0,2026-07-12T07:19:28.379Z,0f77d39c-e042-48d9-aa45-8f57aaa7e66e,a15d42d2-401a-42d5-a0e7-e8f88c780302,992,1.0,10.0,,7fe6cfa5-cbbb-47d9-be00-387134bdd9b2,4edd7b4a-f5e4-4136-9363-aa93d7e9b8e3,5008.0,5.0,18.0,True,False,False,7fa5ba4b-28df-44e8-a4f2-d87072e98a2b
Krakowskie Manewry 2026,73886888-aec6-40b2-a2cd-a6353423fd49,Runda 5 - KILL THE ENEMY SCENA,27126afd-9689-4d35-b3ec-4645d6e8e8f9,FINISHED,70363a96-44bd-41f5-9d03-6928d0ce3638,18.0,2026-07-12T07:19:28.379Z,086dba8a-d49c-45de-879c-9b2a6d0e8131,081b732c-68ef-4404-bf2c-b56519b96acd,2000,2.0,1.0,,d388876c-c83f-4e9d-a26c-0d3a39e3268f,e11c9221-5fee-4a26-b4a8-23f3ee654de2,2000.0,2.0,1.0,,False,False,7fa5ba4b-28df-44e8-a4f2-d87072e98a2b
Krakowskie Manewry 2026,73886888-aec6-40b2-a2cd-a6353423fd49,Runda 5 - KILL THE ENEMY SCENA,27126afd-9689-4d35-b3ec-4645d6e8e8f9,FINISHED,a07a18da-1635-48ca-9bfa-c97143d18fad,19.0,2026-07-12T07:19:28.379Z,7a95ea3b-b2b8-43e5-8d39-c3d741f42546,bbbe191e-78cb-42d6-acc6-fd53718b1fd2,-9,0.0,0.0,,78ff7636-caee-429b-833d-258372007eff,6d76eb6c-3cb2-419b-87ac-ac387640fbad,6009.0,6.0,9.0,,False,False,7fa5ba4b-28df-44e8-a4f2-d87072e98a2b
Krakowskie Manewry 2026,73886888-aec6-40b2-a2cd-a6353423fd49,Runda 5 - KILL THE ENEMY SCENA,27126afd-9689-4d35-b3ec-4645d6e8e8f9,FINISHED,e6efb650-a241-4170-88d4-538b92e3cf78,20.0,2026-07-12T07:19:28.379Z,4df978a0-9da7-4b54-b75a-f2b62d3194b1,beec30f8-4a47-431b-b7ed-e7f37e95bbbc,5002,5.0,6.0,True,68d05f5d-bbcd-44a5-a75f-ec82fd7f8c63,222c2b52-47fd-4345-a6ec-a83ee05ccb12,998.0,1.0,4.0,False,False,False,7fa5ba4b-28df-44e8-a4f2-d87072e98a2b
Krakowskie Manewry 2026,73886888-aec6-40b2-a2cd-a6353423fd49,Runda 5 - KILL THE ENEMY SCENA,27126afd-9689-4d35-b3ec-4645d6e8e8f9,FINISHED,5c189dd1-7a42-4e53-8356-2d297d0f756d,21.0,2026-07-12T07:19:28.379Z,a5ed8210-6dbd-4f93-8813-ed809b3f0026,cd36b01c-87a1-47c9-b877-a65940b24b12,6008,6.0,14.0,,ed8fe541-5913-43e6-9609-f4d81e1d4c0a,8e40b208-0e62-4a37-8228-f003566dc4a7,-8.0,0.0,6.0,,False,False,7fa5ba4b-28df-44e8-a4f2-d87072e98a2b
Krakowskie Manewry 2026,73886888-aec6-40b2-a2cd-a6353423fd49,Runda 5 - KILL THE ENEMY SCENA,27126afd-9689-4d35-b3ec-4645d6e8e8f9,FINISHED,17b38f5d-d5ce-4c8a-93b1-12bc4d1ac2b5,22.0,2026-07-12T07:19:28.379Z,c7f9b4dd-28d6-4717-9408-a92676ac4571,dd081a04-8bbb-4409-aed7-f6ceedf4d7d0,5001,5.0,6.0,,cb38d800-0015-4e36-ab76-691dbada9c69,e2d714cd-6b6f-42d3-a62d-ae0b293e4413,999.0,1.0,5.0,,False,False,7fa5ba4b-28df-44e8-a4f2-d87072e98a2b
Krakowskie Manewry 2026,73886888-aec6-40b2-a2cd-a6353423fd49,Runda 5 - KILL THE ENEMY SCENA,27126afd-9689-4d35-b3ec-4645d6e8e8f9,FINISHED,debcb3fd-8a04-45d5-a399-4affdb0c3003,23.0,2026-07-12T07:19:28.379Z,87dc95fd-8a21-4156-9abe-dcd5669ed31e,4d2a70a2-c8e1-4ab9-a886-3a945d216f71,-10,0.0,2.0,True,0c720f48-1158-46bb-b7ea-75866c56880f,59614550-aefe-45cd-b768-5f8310065c35,6010.0,6.0,12.0,,False,False,7fa5ba4b-28df-44e8-a4f2-d87072e98a2b
Krakowskie Manewry 2026,73886888-aec6-40b2-a2cd-a6353423fd49,Runda 5 - KILL THE ENEMY SCENA,27126afd-9689-4d35-b3ec-4645d6e8e8f9,FINISHED,b1d36426-805a-4015-8e13-f7568a6d5954,24.0,2026-07-12T07:19:28.379Z,6e65c8a4-dfce-4199-9ab0-f4d1fd628f11,5f55d7f6-e77c-45a0-b083-60691560a665,6020,6.0,20.0,,f3b37172-8f88-4e5c-8f04-cdd39942d924,6732875f-9e3b-44e5-b4a1-5ce209a9b359,-20.0,0.0,0.0,,False,False,7fa5ba4b-28df-44e8-a4f2-d87072e98a2b
Krakowskie Manewry 2026,73886888-aec6-40b2-a2cd-a6353423fd49,Runda 5 - KILL THE ENEMY SCENA,27126afd-9689-4d35-b3ec-4645d6e8e8f9,FINISHED,6f80498d-1d14-4fc7-a7bf-b50c61a5ba47,25.0,2026-07-12T07:19:28.379Z,68206f51-42de-4954-af55-23fcc5d7f491,a6fc8598-2a54-4bb6-bbe1-4501ff1cee61,2000,2.0,2.0,,1c7f5ff3-41f3-45f0-8883-a9dfcc429c3e,9f05193d-1c9b-426c-b9b7-06281f9f887e,2000.0,2.0,2.0,,False,False,7fa5ba4b-28df-44e8-a4f2-d87072e98a2b
Krakowskie Manewry 2026,73886888-aec6-40b2-a2cd-a6353423fd49,Runda 5 - KILL THE ENEMY SCENA,27126afd-9689-4d35-b3ec-4645d6e8e8f9,FINISHED,d44202f9-3e3e-4278-a98b-d40febb89176,26.0,2026-07-12T07:19:28.379Z,8ed621a7-e51c-4025-980c-4e7ff26c1a69,804c4802-b3bc-41ec-9f1b-de92ffe4897e,-20,0.0,0.0,False,b5c8e5b7-ac78-46df-b9b1-386bdc618b5e,b8dd1de2-9dd2-40d6-8a9b-5b3403be9f37,6020.0,6.0,20.0,True,False,False,7fa5ba4b-28df-44e8-a4f2-d87072e98a2b
Krakowskie Manewry 2026,73886888-aec6-40b2-a2cd-a6353423fd49,Runda 5 - KILL THE ENEMY SCENA,27126afd-9689-4d35-b3ec-4645d6e8e8f9,FINISHED,ad8655a1-51ce-41d2-841a-944f8d04f221,27.0,2026-07-12T07:19:28.379Z,0d7503c4-e2dc-473a-bae1-89619c0107d7,6df80142-0804-43f3-910e-3d51131586cf,-15,0.0,1.0,True,87f82321-6891-411b-8613-b53a4cfd007a,9da2af4f-72f3-41ac-94ab-f4d0f86de13d,6015.0,6.0,16.0,,False,False,7fa5ba4b-28df-44e8-a4f2-d87072e98a2b
Krakowskie Manewry 2026,73886888-aec6-40b2-a2cd-a6353423fd49,Runda 5 - KILL THE ENEMY SCENA,27126afd-9689-4d35-b3ec-4645d6e8e8f9,FINISHED,abbcf152-7cb2-4457-a63f-24718e5a5460,28.0,2026-07-12T07:19:28.379Z,72540139-f9bd-47e6-afb0-a0cb0d9af24a,c835422a-30a3-4c32-b3c7-e4adf534f128,-13,0.0,1.0,,670d2288-880f-431b-a02d-4d2b4cf476c7,b6f0e023-257d-472b-af43-78e56d559cae,6013.0,6.0,14.0,,False,False,7fa5ba4b-28df-44e8-a4f2-d87072e98a2b
Krakowskie Manewry 2026,73886888-aec6-40b2-a2cd-a6353423fd49,Runda 5 - KILL THE ENEMY SCENA,27126afd-9689-4d35-b3ec-4645d6e8e8f9,FINISHED,135434af-5550-4ff6-8cc1-23c31e36bf9f,29.0,2026-07-12T07:19:28.379Z,81e7cc15-211c-413f-ac6b-98b65102f1f2,9f838a1a-8b9b-4c57-9faa-251f6768a5e9,-16,0.0,0.0,,61cf7ecc-16e8-4f3f-878b-40fdb122d130,5de541e0-dfa6-4c41-b224-90684a3b5e1c,6016.0,6.0,16.0,False,False,False,7fa5ba4b-28df-44e8-a4f2-d87072e98a2b
Krakowskie Manewry 2026,73886888-aec6-40b2-a2cd-a6353423fd49,Runda 5 - KILL THE ENEMY SCENA,27126afd-9689-4d35-b3ec-4645d6e8e8f9,FINISHED,f54e58d9-21e3-4275-af44-defc685a1f6e,30.0,2026-07-12T07:19:28.379Z,6b666347-8f8e-4887-878c-26f00791e326,7783babb-c470-4763-80c7-8e6bd277ded8,-16,0.0,0.0,False,2cc22dcf-16b9-4d22-8cc9-f95647c1fde1,6dead819-2363-4244-ab43-933ee534235f,6016.0,6.0,16.0,,False,False,7fa5ba4b-28df-44e8-a4f2-d87072e98a2b
Krakowskie Manewry 2026,73886888-aec6-40b2-a2cd-a6353423fd49,Runda 5 - KILL THE ENEMY SCENA,27126afd-9689-4d35-b3ec-4645d6e8e8f9,FINISHED,894f08d3-8bf2-4145-a43e-4aa12095e7d7,31.0,2026-07-12T07:19:28.379Z,f3a64376-265e-4671-97aa-31e127be92bc,3eb3c237-e910-43c1-b4a4-4c8ada505d6f,5006,5.0,13.0,,a5c48f02-bd6d-43da-9eed-20d8ccd1d1de,2a69f764-5cb1-4177-9200-d58b7117a089,994.0,1.0,7.0,,False,False,7fa5ba4b-28df-44e8-a4f2-d87072e98a2b
Krakowskie Manewry 2026,73886888-aec6-40b2-a2cd-a6353423fd49,Runda 5 - KILL THE ENEMY SCENA,27126afd-9689-4d35-b3ec-4645d6e8e8f9,FINISHED,2ff48322-2438-4ba0-a608-b3ab2c789ff7,32.0,2026-07-12T07:19:28.379Z,a6f54734-144a-4d50-84c1-84d4b98bc564,1279e92f-2cd2-4ab8-855a-9630a43d2c60,-9,0.0,1.0,,33b6b1e3-2860-4e5d-8598-865c66ad6901,f5bcca05-14a2-4c47-8a81-379d5c4ee992,6009.0,6.0,10.0,True,False,False,7fa5ba4b-28df-44e8-a4f2-d87072e98a2b
Krakowskie Manewry 2026,73886888-aec6-40b2-a2cd-a6353423fd49,Runda 5 - KILL THE ENEMY SCENA,27126afd-9689-4d35-b3ec-4645d6e8e8f9,FINISHED,56ba6c4b-0b73-4d0e-ab59-48c12b902019,33.0,2026-07-12T07:19:28.379Z,960f7c30-8be4-48c6-8693-98203be14a62,6e8fd6ad-52e1-4877-84dc-2fce2d7ab7da,6016,6.0,18.0,,749f4591-57fd-4ed8-91a2-7f85f79e2ac8,08219a4e-e2d0-4904-b18d-f0320cd8d48b,-16.0,0.0,2.0,True,False,False,7fa5ba4b-28df-44e8-a4f2-d87072e98a2b
Krakowskie Manewry 2026,73886888-aec6-40b2-a2cd-a6353423fd49,Runda 5 - KILL THE ENEMY SCENA,27126afd-9689-4d35-b3ec-4645d6e8e8f9,FINISHED,3c716ebf-b2d4-4997-b92c-0caac5fb66c8,34.0,2026-07-12T07:19:28.379Z,27c7a1b3-08bd-48e2-b789-a323ca7b88af,1b3a7062-b9d5-4a5a-b5b4-47543d96425e,5002,5.0,10.0,,68888427-5616-4ff7-9fba-5814bda62681,de531847-5760-46e8-b02d-193569efdd23,998.0,1.0,8.0,,False,False,7fa5ba4b-28df-44e8-a4f2-d87072e98a2b
Krakowskie Manewry 2026,73886888-aec6-40b2-a2cd-a6353423fd49,Runda 5 - KILL THE ENEMY SCENA,27126afd-9689-4d35-b3ec-4645d6e8e8f9,FINISHED,afb9232b-c392-4c81-b1ee-7ab1c077219f,35.0,2026-07-12T07:19:28.379Z,2618b2b4-f6a0-47a0-8029-ae0198d07f5e,7f22159a-00df-4a00-9aa9-2f36d60d2455,5004,5.0,4.0,,1aa5cedb-cfb0-47d7-9ea9-153353c3e334,809fc623-68b5-4bf3-933b-81f3ab3b689f,996.0,1.0,0.0,,False,False,7fa5ba4b-28df-44e8-a4f2-d87072e98a2b
Krakowskie Manewry 2026,73886888-aec6-40b2-a2cd-a6353423fd49,Runda 5 - KILL THE ENEMY SCENA,27126afd-9689-4d35-b3ec-4645d6e8e8f9,FINISHED,f467b0a8-73b9-4a2f-9851-20a2880fecb5,36.0,2026-07-12T07:43:30.050Z,f75c1689-8e6a-4a76-b99b-c53354ac5edc,83f6f224-a83f-4b8a-8284-e19085482720,-20,0.0,0.0,,cf60351f-bd36-4830-a592-7373d57e29d2,f1143858-3e87-4afe-807d-f33f21de6d7e,6020.0,6.0,20.0,,False,False,7fa5ba4b-28df-44e8-a4f2-d87072e98a2b
Krakowskie Manewry 2026,73886888-aec6-40b2-a2cd-a6353423fd49,Runda 5 - KILL THE ENEMY SCENA,27126afd-9689-4d35-b3ec-4645d6e8e8f9,FINISHED,57b52048-f784-488d-80aa-a8c7150ab14b,37.0,2026-07-12T07:19:28.379Z,0f4f7466-c88f-48da-9321-7e4348cc46d2,3fb17aad-078c-4ea5-ae7e-2ae332f265d4,5002,5.0,15.0,True,7d786bfa-3bcd-4007-8c65-bc0bf2367ba5,f0b719fd-09d6-4d2a-a87c-bd6e7fcd6990,998.0,1.0,13.0,,False,False,7fa5ba4b-28df-44e8-a4f2-d87072e98a2b
Krakowskie Manewry 2026,73886888-aec6-40b2-a2cd-a6353423fd49,Runda 5 - KILL THE ENEMY SCENA,27126afd-9689-4d35-b3ec-4645d6e8e8f9,FINISHED,035f4a47-a498-45df-8d43-413a649b9968,38.0,2026-07-12T07:43:30.050Z,fcef2d1a-0e98-4305-8333-066037e070c4,60bafdc5-b190-426c-b9e7-f5e0a369a294,5001,5.0,1.0,,687d7815-47a1-4ffb-90f1-c43712638a02,9ab573d7-8211-4b81-bf7c-c22f802f9ee7,-99999.0,1.0,0.0,,False,False,7fa5ba4b-28df-44e8-a4f2-d87072e98a2b
Krakowskie Manewry 2026,73886888-aec6-40b2-a2cd-a6353423fd49,Runda 5 - KILL THE ENEMY SCENA,27126afd-9689-4d35-b3ec-4645d6e8e8f9,FINISHED,21218a55-51fc-447d-8b06-a4fc21be42e5,39.0,2026-07-12T07:19:28.379Z,641c4cd4-e684-46d5-ab2c-7b197e8f64db,813e33d8-2b98-45ed-8c3c-00af33dd4697,6014,6.0,14.0,,42f9b974-5604-4a4d-bbec-63b637626d20,a5f615bb-a42a-4084-98e7-426a4b15d6ac,-14.0,0.0,0.0,,False,False,7fa5ba4b-28df-44e8-a4f2-d87072e98a2b
Krakowskie Manewry 2026,73886888-aec6-40b2-a2cd-a6353423fd49,Runda 5 - KILL THE ENEMY SCENA,27126afd-9689-4d35-b3ec-4645d6e8e8f9,FINISHED,e88616dd-ec09-47b2-ab91-719d7c53fb03,40.0,2026-07-12T07:43:30.050Z,376ae8c7-e186-4d87-b3fe-6259702f5ec4,3d9c2b85-855a-4af5-9786-5280365b2d7d,-8,0.0,6.0,,59edc537-7d9b-47a0-9f3b-004a234d0abd,d0007593-ceb7-41c6-a43e-c5541e5eb1c6,6008.0,6.0,14.0,,False,False,7fa5ba4b-28df-44e8-a4f2-d87072e98a2b
Krakowskie Manewry 2026,73886888-aec6-40b2-a2cd-a6353423fd49,Runda 5 - KILL THE ENEMY SCENA,27126afd-9689-4d35-b3ec-4645d6e8e8f9,FINISHED,68290afd-6c29-42cf-bad5-b66002f1face,41.0,2026-07-12T07:19:28.379Z,b6250004-0d92-4b4b-8eb2-b322013c2951,cbfbcd40-cbf7-4546-885f-4d061496fe8c,6006,6.0,6.0,True,a1e1f8ca-3bfa-4c27-819c-8ffc891bc080,0ad1e880-3db6-4577-84e8-1f7bb3702572,-99999.0,0.0,0.0,,False,False,7fa5ba4b-28df-44e8-a4f2-d87072e98a2b
Krakowskie Manewry 2026,73886888-aec6-40b2-a2cd-a6353423fd49,Runda 5 - KILL THE ENEMY SCENA,27126afd-9689-4d35-b3ec-4645d6e8e8f9,FINISHED,9ca23111-c4f7-4d4e-88bc-efd916737d5e,42.0,2026-07-12T07:19:28.379Z,427a006f-ecca-4a19-84e2-db898a3763c2,1e4b9bdf-6062-4736-aef3-52bc568f8803,996,1.0,6.0,,40618d35-3edc-40d3-a910-1fd0c93376a8,78dcd687-a7f0-4fff-8ba0-8bf91d031f3b,5004.0,5.0,10.0,,False,False,7fa5ba4b-28df-44e8-a4f2-d87072e98a2b
Krakowskie Manewry 2026,73886888-aec6-40b2-a2cd-a6353423fd49,Runda 5 - KILL THE ENEMY SCENA,27126afd-9689-4d35-b3ec-4645d6e8e8f9,FINISHED,30859b2f-efed-4e29-a6f6-dd2bebfb9122,43.0,2026-07-12T07:19:28.379Z,fb1da46e-bff1-49b2-b9bd-1e62bd5ffca4,f48752fd-e96a-49e3-bb78-8c12475d82ae,5004,5.0,4.0,True,15661277-cf95-4812-8cb6-686ebf4177c3,b746219c-415e-46e0-8143-e8cbc9ae71d0,996.0,1.0,0.0,,False,False,7fa5ba4b-28df-44e8-a4f2-d87072e98a2b
Krakowskie Manewry 2026,73886888-aec6-40b2-a2cd-a6353423fd49,Runda 5 - KILL THE ENEMY SCENA,27126afd-9689-4d35-b3ec-4645d6e8e8f9,FINISHED,8ba71061-2d0a-4280-b679-31f108429885,44.0,2026-07-12T07:19:28.379Z,c5aecce3-23e9-4521-929e-d9d8cf69ef57,b9991a3f-21db-4617-833e-e0341de18725,-10,0.0,1.0,,71562935-b359-4ddb-aa9a-72998dc3214b,795b46a8-5f87-4929-9f90-8af5cf04da90,6010.0,6.0,11.0,,False,False,7fa5ba4b-28df-44e8-a4f2-d87072e98a2b
Krakowskie Manewry 2026,73886888-aec6-40b2-a2cd-a6353423fd49,Runda 5 - KILL THE ENEMY SCENA,27126afd-9689-4d35-b3ec-4645d6e8e8f9,FINISHED,bd515d3a-4bc2-470e-8881-932f9895f807,45.0,2026-07-12T07:19:28.379Z,953c7889-a909-4241-b5a4-434f3bebb5e6,4775ff22-98bd-4dcb-bfd3-28ee7cd79a08,6007,6.0,8.0,,208b2668-00ac-4810-bf9d-6245da34f2a3,47aa3a89-3a24-42bb-b29d-e5b15aef0de7,-7.0,0.0,1.0,,False,False,7fa5ba4b-28df-44e8-a4f2-d87072e98a2b
Krakowskie Manewry 2026,73886888-aec6-40b2-a2cd-a6353423fd49,Runda 5 - KILL THE ENEMY SCENA,27126afd-9689-4d35-b3ec-4645d6e8e8f9,FINISHED,713b9e6b-604f-4ed3-9948-a4be86aa30e4,46.0,2026-07-12T07:19:28.379Z,8a4272aa-285e-48e4-a012-fcb2d3dac9cc,5aa7d708-6938-4f9e-b4d9-ef2e49b6f5f5,6020,6.0,20.0,True,4b066e7f-d4f7-4c9d-81bf-b59a566b39e6,02e912fd-a2c2-4725-a3a6-e9d4fea52a31,-20.0,0.0,0.0,,False,False,7fa5ba4b-28df-44e8-a4f2-d87072e98a2b
Krakowskie Manewry 2026,73886888-aec6-40b2-a2cd-a6353423fd49,Runda 5 - KILL THE ENEMY SCENA,27126afd-9689-4d35-b3ec-4645d6e8e8f9,FINISHED,aa845651-5f3a-48ee-ac56-2c622de686bc,47.0,2026-07-12T07:19:28.379Z,19111e24-cdfa-47ff-9a90-5a313903d6ad,3f55c328-9c62-4808-8c08-3aa6275710cd,6016,6.0,16.0,True,918a8b5c-fb1e-4e7a-9541-61575faee975,7508e7c6-6d9d-46a3-a29f-dc70f0917a46,-16.0,0.0,0.0,,False,False,7fa5ba4b-28df-44e8-a4f2-d87072e98a2b
Krakowskie Manewry 2026,73886888-aec6-40b2-a2cd-a6353423fd49,Runda 5 - KILL THE ENEMY SCENA,27126afd-9689-4d35-b3ec-4645d6e8e8f9,FINISHED,98194c5f-958e-4da6-a764-971809ba14ef,48.0,2026-07-12T07:19:28.379Z,e00cb721-8fe4-454c-bc5c-90bddbd57a4c,40eca01a-ba05-4c54-afa1-205dbb9e86dc,6016,6.0,16.0,False,c0607304-74cd-4e43-935d-73dbe655f3d2,1648e62c-e62a-443c-83be-6fc7ad5a86ff,-16.0,0.0,0.0,,False,False,7fa5ba4b-28df-44e8-a4f2-d87072e98a2b
Krakowskie Manewry 2026,73886888-aec6-40b2-a2cd-a6353423fd49,Runda 5 - KILL THE ENEMY SCENA,27126afd-9689-4d35-b3ec-4645d6e8e8f9,FINISHED,24cdcc45-42e7-4ef1-a605-4f871cd9b6f3,49.0,2026-07-12T07:19:28.379Z,ccaf94d7-cc2c-44bc-a2df-b83d1dd9ff49,9dbc8e72-3671-4d6d-b5a9-e1f2af80c9ea,2000,2.0,1.0,,29ac8052-33fe-45de-96c4-111d6a302d8c,e193927e-381f-4695-ac85-685e297bb182,2000.0,2.0,1.0,,False,False,7fa5ba4b-28df-44e8-a4f2-d87072e98a2b
Krakowskie Manewry 2026,73886888-aec6-40b2-a2cd-a6353423fd49,Runda 5 - KILL THE ENEMY SCENA,27126afd-9689-4d35-b3ec-4645d6e8e8f9,FINISHED,8c7bffd9-c9a5-4ac6-8afc-66fc6cfa2c19,,2026-07-12T07:19:28.379Z,f3247fb0-95cf-4306-871e-9666ae4022fb,68431330-4907-4fe2-91af-e912792c5c68,-99999,,,,,,,,,,False,False,7fa5ba4b-28df-44e8-a4f2-d87072e98a2b
Krakowskie Manewry 2026,73886888-aec6-40b2-a2cd-a6353423fd49,Runda 6 - HOLD OBJECTIVE SCENA,f75d5c2e-74c1-437e-9498-ddc0c4ada7eb,FINISHED,a33c72ac-1644-406a-98fa-0a910e2bd32f,0.0,2026-07-12T10:03:52.030Z,18cd37f9-75c6-41d8-a36a-53d5508ebb23,6a2a00f2-2511-49bb-abf4-034ba4382126,5001,5.0,4.0,,9538189c-8358-41f8-b39d-bf28580f44b1,9d5bc521-d1ac-416e-952c-926b6aef9e60,999.0,1.0,3.0,,False,False,7fa5ba4b-28df-44e8-a4f2-d87072e98a2b
Krakowskie Manewry 2026,73886888-aec6-40b2-a2cd-a6353423fd49,Runda 6 - HOLD OBJECTIVE SCENA,f75d5c2e-74c1-437e-9498-ddc0c4ada7eb,FINISHED,4b553ad5-e5b8-462b-ba7c-40c796352fca,1.0,2026-07-12T10:03:52.030Z,d18d1e14-61f8-4ef1-9f2a-11c7974a424b,6f641816-8973-4f1f-b906-3b33d5710be9,-6,0.0,3.0,,215e07ba-5700-43e7-87a2-b3133f7d3e97,c451779b-6172-4e1a-acbd-1b387949849d,6006.0,6.0,9.0,,False,False,7fa5ba4b-28df-44e8-a4f2-d87072e98a2b
Krakowskie Manewry 2026,73886888-aec6-40b2-a2cd-a6353423fd49,Runda 6 - HOLD OBJECTIVE SCENA,f75d5c2e-74c1-437e-9498-ddc0c4ada7eb,FINISHED,956eac5e-bed5-429e-95bf-f71fd53bac27,2.0,2026-07-12T10:03:52.030Z,2c4cfc97-6430-463b-8ec0-b20b1d95c3dd,15e5a444-91c2-43fe-8b7b-c927354ca51a,6010,6.0,11.0,True,0c647d8c-e20a-413f-a954-f33968226721,4312b892-eb2e-491a-b14a-6f7cff1ab128,-10.0,0.0,1.0,False,False,False,7fa5ba4b-28df-44e8-a4f2-d87072e98a2b
Krakowskie Manewry 2026,73886888-aec6-40b2-a2cd-a6353423fd49,Runda 6 - HOLD OBJECTIVE SCENA,f75d5c2e-74c1-437e-9498-ddc0c4ada7eb,FINISHED,b189009a-92b0-4a52-9193-b0240d0ee973,3.0,2026-07-12T10:03:52.030Z,feb74932-630b-4d3f-a7be-a2909f7b32f5,475ff286-fcbc-4c49-bac5-e3002c4bdf14,6005,6.0,7.0,False,511b4b2b-28f1-40ab-ae90-50a0fc84f8be,5f6a7ffa-1a94-4176-a2f0-42f18d04a39e,-5.0,0.0,2.0,,False,False,7fa5ba4b-28df-44e8-a4f2-d87072e98a2b
Krakowskie Manewry 2026,73886888-aec6-40b2-a2cd-a6353423fd49,Runda 6 - HOLD OBJECTIVE SCENA,f75d5c2e-74c1-437e-9498-ddc0c4ada7eb,FINISHED,9ddce769-a30f-4d04-9d0e-10d66fcabb0e,4.0,2026-07-12T10:03:52.030Z,29a27ea7-95f9-4cb7-bec3-b6762cdfe417,d96af431-77bb-4909-bb15-61df62e81b15,6011,6.0,13.0,,20cc0655-9853-4162-b514-482c4f44aa33,e0392558-e263-4874-b380-e33152fcecbe,-11.0,0.0,2.0,,False,False,7fa5ba4b-28df-44e8-a4f2-d87072e98a2b
Krakowskie Manewry 2026,73886888-aec6-40b2-a2cd-a6353423fd49,Runda 6 - HOLD OBJECTIVE SCENA,f75d5c2e-74c1-437e-9498-ddc0c4ada7eb,FINISHED,9308e3af-7d6b-4c12-8b53-3a2ce2d4d65c,5.0,2026-07-12T10:03:52.030Z,f33b0d05-cb7e-4712-a063-5d2dfb54f757,71f045ad-ce24-4e8b-865a-1dc0f634a42d,997,1.0,7.0,True,7b4e08c8-b928-4924-8e59-0fd25548be21,4c85220b-667f-4d0b-b719-9c9ae145792d,5003.0,5.0,10.0,,False,False,7fa5ba4b-28df-44e8-a4f2-d87072e98a2b
Krakowskie Manewry 2026,73886888-aec6-40b2-a2cd-a6353423fd49,Runda 6 - HOLD OBJECTIVE SCENA,f75d5c2e-74c1-437e-9498-ddc0c4ada7eb,FINISHED,e17154d9-3308-4a0a-9d1c-0f5ddf768ff0,6.0,2026-07-12T10:03:52.030Z,86c177e3-704f-4407-8657-1841cfbaad9b,7d79e669-7010-4328-bbf5-3f7203dddd9a,-14,0.0,0.0,,02be6419-0a35-4927-ab2c-783e047c7fa9,76870d30-055b-4a89-a141-78ef032269f2,6014.0,6.0,14.0,,False,False,7fa5ba4b-28df-44e8-a4f2-d87072e98a2b
Krakowskie Manewry 2026,73886888-aec6-40b2-a2cd-a6353423fd49,Runda 6 - HOLD OBJECTIVE SCENA,f75d5c2e-74c1-437e-9498-ddc0c4ada7eb,FINISHED,356bf145-229e-4fb0-8808-ebf5c1c6ed86,7.0,2026-07-12T10:03:52.030Z,98d4d3d0-cddf-46bf-a988-6e2024aa6420,448193ff-e2b4-4650-898a-1dd8dc3fd5e1,6010,6.0,12.0,,79913dee-35d6-4204-a859-a647db0aa6fe,ef46c5bc-e9ab-450b-85f5-4b88323ef1b8,-10.0,0.0,2.0,,False,False,7fa5ba4b-28df-44e8-a4f2-d87072e98a2b
Krakowskie Manewry 2026,73886888-aec6-40b2-a2cd-a6353423fd49,Runda 6 - HOLD OBJECTIVE SCENA,f75d5c2e-74c1-437e-9498-ddc0c4ada7eb,FINISHED,2848ab3b-a7c4-4f40-a776-835b15db82bd,8.0,2026-07-12T10:03:52.030Z,b3f40523-b1ef-4844-b01b-5fd2df900708,8076af08-a8fe-455c-8c1a-2e5d7f2ad3eb,-12,0.0,4.0,True,cba4e5f3-2602-4601-9e35-e3e620403b0d,2fa7f179-c8a2-4ee8-913e-2bcfb9ea1f59,6012.0,6.0,16.0,False,False,False,7fa5ba4b-28df-44e8-a4f2-d87072e98a2b
Krakowskie Manewry 2026,73886888-aec6-40b2-a2cd-a6353423fd49,Runda 6 - HOLD OBJECTIVE SCENA,f75d5c2e-74c1-437e-9498-ddc0c4ada7eb,FINISHED,4841ce21-2949-4996-9802-4c9a4141e595,9.0,2026-07-12T10:03:52.030Z,d42c4ef9-3b9b-444b-a4f9-a66119ed7dd2,fe2829dd-d3d5-4397-9c63-f65a285aba6e,6020,6.0,20.0,,67d1fa39-cacd-44f6-8c51-693fcfd4f7e4,6d76eb6c-3cb2-419b-87ac-ac387640fbad,-20.0,0.0,0.0,,False,False,7fa5ba4b-28df-44e8-a4f2-d87072e98a2b
Krakowskie Manewry 2026,73886888-aec6-40b2-a2cd-a6353423fd49,Runda 6 - HOLD OBJECTIVE SCENA,f75d5c2e-74c1-437e-9498-ddc0c4ada7eb,FINISHED,9f01a95e-4200-4ba7-bee3-3bf6d1f272d3,10.0,2026-07-12T10:03:52.030Z,d642c9b9-0193-4135-836c-08607c9c5a64,1403a8fb-39a4-4e2f-b6cd-5d7e334df789,2000,2.0,0.0,False,4262ba57-cf15-4c09-99ad-b56339e9673f,4edd7b4a-f5e4-4136-9363-aa93d7e9b8e3,2000.0,2.0,0.0,False,False,False,7fa5ba4b-28df-44e8-a4f2-d87072e98a2b
Krakowskie Manewry 2026,73886888-aec6-40b2-a2cd-a6353423fd49,Runda 6 - HOLD OBJECTIVE SCENA,f75d5c2e-74c1-437e-9498-ddc0c4ada7eb,FINISHED,722f069b-0ec7-431f-87ae-f12bacc2ff48,11.0,2026-07-12T10:03:52.030Z,f1940dec-2065-483a-9eff-7f1b23c112c8,cd36b01c-87a1-47c9-b877-a65940b24b12,-14,0.0,2.0,,0c60a33d-aa80-4f80-9e02-741f55d9b911,21c12fb0-4289-4df3-8bad-f18c2a49fd0d,6014.0,6.0,16.0,False,False,False,7fa5ba4b-28df-44e8-a4f2-d87072e98a2b
Krakowskie Manewry 2026,73886888-aec6-40b2-a2cd-a6353423fd49,Runda 6 - HOLD OBJECTIVE SCENA,f75d5c2e-74c1-437e-9498-ddc0c4ada7eb,FINISHED,346aa8a7-ef96-46fe-b159-550cb3af5ebe,12.0,2026-07-12T10:03:52.030Z,38df4101-75b0-44e2-9a9d-2e6d24f54ed4,6f0c7a5d-76ae-4136-81a4-1cb5150ad51d,5004,5.0,11.0,,26d99139-569b-4ff6-85a0-e355bce1f8e6,beec30f8-4a47-431b-b7ed-e7f37e95bbbc,996.0,1.0,7.0,True,False,False,7fa5ba4b-28df-44e8-a4f2-d87072e98a2b
Krakowskie Manewry 2026,73886888-aec6-40b2-a2cd-a6353423fd49,Runda 6 - HOLD OBJECTIVE SCENA,f75d5c2e-74c1-437e-9498-ddc0c4ada7eb,FINISHED,6a87775a-8245-42e8-8fff-bb3e43c500c0,13.0,2026-07-12T10:03:52.030Z,80d9550f-8845-4c59-934f-10e8f8bf88ee,5f55d7f6-e77c-45a0-b083-60691560a665,6010,6.0,10.0,,8d5d1bb5-a9bb-49a4-a0a0-799f32e02b31,59614550-aefe-45cd-b768-5f8310065c35,-10.0,0.0,0.0,,False,False,7fa5ba4b-28df-44e8-a4f2-d87072e98a2b
Krakowskie Manewry 2026,73886888-aec6-40b2-a2cd-a6353423fd49,Runda 6 - HOLD OBJECTIVE SCENA,f75d5c2e-74c1-437e-9498-ddc0c4ada7eb,FINISHED,83dcd18f-a556-4d46-98cd-bffbc54bb828,14.0,2026-07-12T10:03:52.030Z,6e23a1c4-6c6e-454f-90ae-ce823094dba8,18bc28b3-714d-4a11-972d-514a54145413,-9,0.0,0.0,False,5dc6a0a1-6b25-4380-b7dc-799ae58d4db6,b8dd1de2-9dd2-40d6-8a9b-5b3403be9f37,6009.0,6.0,9.0,False,False,False,7fa5ba4b-28df-44e8-a4f2-d87072e98a2b
Krakowskie Manewry 2026,73886888-aec6-40b2-a2cd-a6353423fd49,Runda 6 - HOLD OBJECTIVE SCENA,f75d5c2e-74c1-437e-9498-ddc0c4ada7eb,FINISHED,eebaf827-0787-4e78-82c7-c3890e4c241c,15.0,2026-07-12T10:03:52.030Z,1574ece8-1b6a-45e1-bed9-053f4618feaa,457f9c1a-0e9a-4c0e-ae41-7f00e3646fba,-10,0.0,1.0,False,abece4a5-8b3a-4a32-9cc4-1df3ac94a120,9641c0c9-16e9-4bb7-a7f4-e73245f48db2,6010.0,6.0,11.0,,False,False,7fa5ba4b-28df-44e8-a4f2-d87072e98a2b
Krakowskie Manewry 2026,73886888-aec6-40b2-a2cd-a6353423fd49,Runda 6 - HOLD OBJECTIVE SCENA,f75d5c2e-74c1-437e-9498-ddc0c4ada7eb,FINISHED,0c986df1-2930-42a0-9a89-c66394b7fe39,16.0,2026-07-12T10:03:52.030Z,08632ad9-bfe6-43dc-98f2-68c48b92ecc0,9da2af4f-72f3-41ac-94ab-f4d0f86de13d,-12,0.0,1.0,,c36c6b27-2817-499c-88ce-095a697caad8,63c2331e-0577-4bdc-a5fa-98ec6d23cbc5,6012.0,6.0,13.0,False,False,False,7fa5ba4b-28df-44e8-a4f2-d87072e98a2b
Krakowskie Manewry 2026,73886888-aec6-40b2-a2cd-a6353423fd49,Runda 6 - HOLD OBJECTIVE SCENA,f75d5c2e-74c1-437e-9498-ddc0c4ada7eb,FINISHED,3f06457a-6736-4a33-8507-3e692f29ef4f,17.0,2026-07-12T10:03:52.030Z,924db42a-8567-478e-a950-e8cf4b3264d6,6bec13b2-87d9-4e6d-b7ca-06b9e90bf3ba,995,1.0,6.0,,49a9d1e4-12a7-4577-bd1d-0fb969b7b9c6,9357ea2e-af38-453d-9c2f-b828d5ccdfb6,5005.0,5.0,11.0,False,False,False,7fa5ba4b-28df-44e8-a4f2-d87072e98a2b
Krakowskie Manewry 2026,73886888-aec6-40b2-a2cd-a6353423fd49,Runda 6 - HOLD OBJECTIVE SCENA,f75d5c2e-74c1-437e-9498-ddc0c4ada7eb,FINISHED,1425875f-df6b-460a-b36c-a20b54748029,18.0,2026-07-12T10:03:52.030Z,b00553b3-e1f9-4c12-8c95-420b559bcb3f,dd081a04-8bbb-4409-aed7-f6ceedf4d7d0,997,1.0,2.0,,da9f655b-7029-452e-9aa0-78367cae06a2,b6f0e023-257d-472b-af43-78e56d559cae,5003.0,5.0,5.0,,False,False,7fa5ba4b-28df-44e8-a4f2-d87072e98a2b
Krakowskie Manewry 2026,73886888-aec6-40b2-a2cd-a6353423fd49,Runda 6 - HOLD OBJECTIVE SCENA,f75d5c2e-74c1-437e-9498-ddc0c4ada7eb,FINISHED,04d1d5a0-e4c9-45e9-97af-5b9bd9833bec,19.0,2026-07-12T10:03:52.030Z,4fe3ac98-91da-4f39-90a4-193f4e23504a,3723b773-cadb-46d3-8758-e1260476e981,998,1.0,3.0,True,e32eebaa-530a-4537-a8ca-9fddc38e7b8c,5de541e0-dfa6-4c41-b224-90684a3b5e1c,5002.0,5.0,5.0,False,False,False,7fa5ba4b-28df-44e8-a4f2-d87072e98a2b
Krakowskie Manewry 2026,73886888-aec6-40b2-a2cd-a6353423fd49,Runda 6 - HOLD OBJECTIVE SCENA,f75d5c2e-74c1-437e-9498-ddc0c4ada7eb,FINISHED,b5450313-40a2-4551-a3a4-018169716b01,20.0,2026-07-12T10:03:52.030Z,6773fa1a-528e-468f-a330-95425c1b547c,d46af0a2-c60d-45ef-9286-540bdc4ee510,2000,2.0,6.0,,fa695d24-6231-4636-9009-47c0ace03e47,6dead819-2363-4244-ab43-933ee534235f,2000.0,2.0,6.0,,False,False,7fa5ba4b-28df-44e8-a4f2-d87072e98a2b
Krakowskie Manewry 2026,73886888-aec6-40b2-a2cd-a6353423fd49,Runda 6 - HOLD OBJECTIVE SCENA,f75d5c2e-74c1-437e-9498-ddc0c4ada7eb,FINISHED,b4eec72d-309d-4ac5-9832-3208b805023a,21.0,2026-07-12T10:03:52.030Z,7b5296e7-4123-495c-abd7-24e2c52b6589,0117f017-2d2b-4322-910f-c7c1b3aae435,5001,5.0,6.0,,b41d610f-97f3-408f-b43b-1fbfbcc51fce,f5bcca05-14a2-4c47-8a81-379d5c4ee992,999.0,1.0,5.0,False,False,False,7fa5ba4b-28df-44e8-a4f2-d87072e98a2b
Krakowskie Manewry 2026,73886888-aec6-40b2-a2cd-a6353423fd49,Runda 6 - HOLD OBJECTIVE SCENA,f75d5c2e-74c1-437e-9498-ddc0c4ada7eb,FINISHED,0ccdbc0d-adb3-47e9-9320-520b28101622,22.0,2026-07-12T10:03:52.030Z,f6c290e0-0d0f-4eca-99cb-39d73c8aaf78,081b732c-68ef-4404-bf2c-b56519b96acd,6013,6.0,15.0,,8c34138b-78a8-492b-8bdc-6ebc89fbe0a3,6e8fd6ad-52e1-4877-84dc-2fce2d7ab7da,-13.0,0.0,2.0,,False,False,7fa5ba4b-28df-44e8-a4f2-d87072e98a2b
Krakowskie Manewry 2026,73886888-aec6-40b2-a2cd-a6353423fd49,Runda 6 - HOLD OBJECTIVE SCENA,f75d5c2e-74c1-437e-9498-ddc0c4ada7eb,FINISHED,09e06753-013a-4a78-b54f-8810f52a827c,23.0,2026-07-12T10:03:52.030Z,3d515518-6389-4b36-8ca8-10c899ed1c21,e11c9221-5fee-4a26-b4a8-23f3ee654de2,6014,6.0,15.0,,21340c9d-e6e1-4f75-8c0b-baa57319ade5,1cd9909c-5aa9-41e1-adef-adc288fad817,-14.0,0.0,1.0,,False,False,7fa5ba4b-28df-44e8-a4f2-d87072e98a2b
Krakowskie Manewry 2026,73886888-aec6-40b2-a2cd-a6353423fd49,Runda 6 - HOLD OBJECTIVE SCENA,f75d5c2e-74c1-437e-9498-ddc0c4ada7eb,FINISHED,6bd41783-9dbd-403f-b928-e80f0893e8d9,24.0,2026-07-12T10:03:52.030Z,8f6edd66-4180-4ca2-a396-e8b457c74e8a,3eb3c237-e910-43c1-b4a4-4c8ada505d6f,-13,0.0,3.0,,330bcc8c-3d80-4c3b-afe9-2814e4657559,a15d42d2-401a-42d5-a0e7-e8f88c780302,6013.0,6.0,16.0,,False,False,7fa5ba4b-28df-44e8-a4f2-d87072e98a2b
Krakowskie Manewry 2026,73886888-aec6-40b2-a2cd-a6353423fd49,Runda 6 - HOLD OBJECTIVE SCENA,f75d5c2e-74c1-437e-9498-ddc0c4ada7eb,FINISHED,b611b689-a10e-4863-b88c-c92c9ec924df,25.0,2026-07-12T10:03:52.030Z,7488b8a9-ad43-49ca-ae7a-f78553cebd3f,20a238b0-37e6-400b-a2a1-20935ab4cc00,-9,0.0,0.0,,1987ab32-80d1-40fa-a96f-99b0ed1d7002,f1143858-3e87-4afe-807d-f33f21de6d7e,6009.0,6.0,9.0,,False,False,7fa5ba4b-28df-44e8-a4f2-d87072e98a2b
Krakowskie Manewry 2026,73886888-aec6-40b2-a2cd-a6353423fd49,Runda 6 - HOLD OBJECTIVE SCENA,f75d5c2e-74c1-437e-9498-ddc0c4ada7eb,FINISHED,386e6768-c154-4ab7-81ae-7d14194d216c,26.0,2026-07-12T10:03:52.030Z,37808305-886d-4fa9-90b0-71de7d1cd1b2,222c2b52-47fd-4345-a6ec-a83ee05ccb12,999,1.0,8.0,False,46a6f7ea-c75b-4880-8ff2-97818f4fda63,813e33d8-2b98-45ed-8c3c-00af33dd4697,5001.0,5.0,9.0,,False,False,7fa5ba4b-28df-44e8-a4f2-d87072e98a2b
Krakowskie Manewry 2026,73886888-aec6-40b2-a2cd-a6353423fd49,Runda 6 - HOLD OBJECTIVE SCENA,f75d5c2e-74c1-437e-9498-ddc0c4ada7eb,FINISHED,f26acd4d-5574-48f0-9943-59def47ea313,27.0,2026-07-12T10:03:52.030Z,cfc1a49b-ddfd-4047-9ff1-9650d8d65130,a6fc8598-2a54-4bb6-bbe1-4501ff1cee61,6014,6.0,14.0,,dac83155-a190-49d2-9755-ea5a1b266680,1b3a7062-b9d5-4a5a-b5b4-47543d96425e,-14.0,0.0,0.0,,False,False,7fa5ba4b-28df-44e8-a4f2-d87072e98a2b
Krakowskie Manewry 2026,73886888-aec6-40b2-a2cd-a6353423fd49,Runda 6 - HOLD OBJECTIVE SCENA,f75d5c2e-74c1-437e-9498-ddc0c4ada7eb,FINISHED,8cd15cf4-0813-4c7b-82d0-127d7922dfa1,28.0,2026-07-12T10:03:52.030Z,6a03cf8f-25cf-4449-8bd8-15c92e316a78,9f05193d-1c9b-426c-b9b7-06281f9f887e,996,1.0,7.0,,5ea9c3dd-ed05-46a9-9df0-f2b4f4ea6ee4,97c5e5bc-7502-4f16-9c1b-53ead4fab5b2,5004.0,5.0,11.0,True,False,False,7fa5ba4b-28df-44e8-a4f2-d87072e98a2b
Krakowskie Manewry 2026,73886888-aec6-40b2-a2cd-a6353423fd49,Runda 6 - HOLD OBJECTIVE SCENA,f75d5c2e-74c1-437e-9498-ddc0c4ada7eb,FINISHED,c9cd203e-a11f-4515-8e3d-6d406d17f655,29.0,2026-07-12T10:03:52.030Z,301a05be-0c9f-4800-84a9-d4b4db26f50b,7f22159a-00df-4a00-9aa9-2f36d60d2455,-17,0.0,0.0,,2e6706b8-2389-4264-b00f-d0f995abe299,bbbe191e-78cb-42d6-acc6-fd53718b1fd2,6017.0,6.0,17.0,False,False,False,7fa5ba4b-28df-44e8-a4f2-d87072e98a2b
Krakowskie Manewry 2026,73886888-aec6-40b2-a2cd-a6353423fd49,Runda 6 - HOLD OBJECTIVE SCENA,f75d5c2e-74c1-437e-9498-ddc0c4ada7eb,FINISHED,a514a33f-1ff3-4239-9304-7f215cc98e02,30.0,2026-07-12T10:03:52.030Z,dfb0a3f3-af72-4396-993e-8837afe9d2d6,e2d714cd-6b6f-42d3-a62d-ae0b293e4413,-11,0.0,6.0,,aabb0d35-4f82-49b6-a7cd-9e9a3678f158,8e40b208-0e62-4a37-8228-f003566dc4a7,6011.0,6.0,17.0,,False,False,7fa5ba4b-28df-44e8-a4f2-d87072e98a2b
Krakowskie Manewry 2026,73886888-aec6-40b2-a2cd-a6353423fd49,Runda 6 - HOLD OBJECTIVE SCENA,f75d5c2e-74c1-437e-9498-ddc0c4ada7eb,FINISHED,137fa28a-afc8-4c1d-adae-afa748153b29,31.0,2026-07-12T10:03:52.030Z,09a83c8e-55cd-41d2-aaaf-716dea0f17cd,3fb17aad-078c-4ea5-ae7e-2ae332f265d4,-18,0.0,0.0,False,df94e9ef-7f7f-4da5-831d-6005e9f02e62,d0007593-ceb7-41c6-a43e-c5541e5eb1c6,6018.0,6.0,18.0,,False,False,7fa5ba4b-28df-44e8-a4f2-d87072e98a2b
Krakowskie Manewry 2026,73886888-aec6-40b2-a2cd-a6353423fd49,Runda 6 - HOLD OBJECTIVE SCENA,f75d5c2e-74c1-437e-9498-ddc0c4ada7eb,FINISHED,a8f1dc14-11df-47ff-9a39-fc4719956f72,32.0,2026-07-12T10:03:52.030Z,f0c36be9-b41b-497b-98d9-b3707167d3bf,cbfbcd40-cbf7-4546-885f-4d061496fe8c,-9,0.0,1.0,True,37a6c87b-090c-44b3-96ed-1368fdce67c8,4d2a70a2-c8e1-4ab9-a886-3a945d216f71,6009.0,6.0,10.0,False,False,False,7fa5ba4b-28df-44e8-a4f2-d87072e98a2b
Krakowskie Manewry 2026,73886888-aec6-40b2-a2cd-a6353423fd49,Runda 6 - HOLD OBJECTIVE SCENA,f75d5c2e-74c1-437e-9498-ddc0c4ada7eb,FINISHED,f72466d9-3864-41fc-82b4-09f9872e0bab,33.0,2026-07-12T10:03:52.030Z,ca1acb70-1a03-4739-b3ce-0efd996abe99,5aa7d708-6938-4f9e-b4d9-ef2e49b6f5f5,2000,2.0,4.0,False,1b9141f4-7576-4331-9bc9-90ebb9b43181,78dcd687-a7f0-4fff-8ba0-8bf91d031f3b,2000.0,2.0,4.0,,False,False,7fa5ba4b-28df-44e8-a4f2-d87072e98a2b
Krakowskie Manewry 2026,73886888-aec6-40b2-a2cd-a6353423fd49,Runda 6 - HOLD OBJECTIVE SCENA,f75d5c2e-74c1-437e-9498-ddc0c4ada7eb,FINISHED,48633274-d0fd-42e9-a960-27c23c981d16,34.0,2026-07-12T10:03:52.030Z,b7912ed1-6ba2-4c7d-901c-ed9649f24fc2,795b46a8-5f87-4929-9f90-8af5cf04da90,995,1.0,6.0,,26d77d64-9a0a-47db-8dd9-86d954b04040,6732875f-9e3b-44e5-b4a1-5ce209a9b359,5005.0,5.0,11.0,,False,False,7fa5ba4b-28df-44e8-a4f2-d87072e98a2b
Krakowskie Manewry 2026,73886888-aec6-40b2-a2cd-a6353423fd49,Runda 6 - HOLD OBJECTIVE SCENA,f75d5c2e-74c1-437e-9498-ddc0c4ada7eb,FINISHED,41029475-3375-4a57-b2ea-fa72ba0c09d9,35.0,2026-07-12T10:03:52.030Z,5977db60-62d7-47b9-be22-56d2fb9495dd,2a69f764-5cb1-4177-9200-d58b7117a089,-10,0.0,5.0,,08b2cd00-7ff7-441e-9496-78eaf7b8a79e,f48752fd-e96a-49e3-bb78-8c12475d82ae,6010.0,6.0,15.0,True,False,False,7fa5ba4b-28df-44e8-a4f2-d87072e98a2b
Krakowskie Manewry 2026,73886888-aec6-40b2-a2cd-a6353423fd49,Runda 6 - HOLD OBJECTIVE SCENA,f75d5c2e-74c1-437e-9498-ddc0c4ada7eb,FINISHED,775e9a7e-346e-4e9d-bc8e-c29a19def42b,36.0,2026-07-12T10:03:52.030Z,05343e49-7ca0-434a-a15b-bb6afa02c01e,4775ff22-98bd-4dcb-bfd3-28ee7cd79a08,-7,0.0,3.0,,aabe742d-1b04-4fa5-bcdc-39b7bad53765,804c4802-b3bc-41ec-9f1b-de92ffe4897e,6007.0,6.0,10.0,False,False,False,7fa5ba4b-28df-44e8-a4f2-d87072e98a2b
Krakowskie Manewry 2026,73886888-aec6-40b2-a2cd-a6353423fd49,Runda 6 - HOLD OBJECTIVE SCENA,f75d5c2e-74c1-437e-9498-ddc0c4ada7eb,FINISHED,a7951227-c612-4739-a115-c2924182a663,37.0,2026-07-12T10:03:52.030Z,49b0d437-97d3-47e9-8099-1e9570ef06ec,6df80142-0804-43f3-910e-3d51131586cf,6011,6.0,13.0,True,8e92201a-b280-479f-8d98-a412d12f1e3a,c835422a-30a3-4c32-b3c7-e4adf534f128,-11.0,0.0,2.0,,False,False,7fa5ba4b-28df-44e8-a4f2-d87072e98a2b
Krakowskie Manewry 2026,73886888-aec6-40b2-a2cd-a6353423fd49,Runda 6 - HOLD OBJECTIVE SCENA,f75d5c2e-74c1-437e-9498-ddc0c4ada7eb,FINISHED,e8de4b27-1190-4086-a4a6-08adf20c37f0,38.0,2026-07-12T10:03:52.030Z,61953d66-57cb-4651-b2f6-d44c80c9f03b,60bafdc5-b190-426c-b9e7-f5e0a369a294,5003,5.0,8.0,,ff96d631-8b02-4d0e-b7cb-e78434c86516,9f838a1a-8b9b-4c57-9faa-251f6768a5e9,-97.0,1.0,5.0,,False,False,7fa5ba4b-28df-44e8-a4f2-d87072e98a2b
Krakowskie Manewry 2026,73886888-aec6-40b2-a2cd-a6353423fd49,Runda 6 - HOLD OBJECTIVE SCENA,f75d5c2e-74c1-437e-9498-ddc0c4ada7eb,FINISHED,348f0657-f771-408d-8d85-80ff6a52f20f,39.0,2026-07-12T10:03:52.030Z,f8649681-cc71-499d-8175-4733344e5b05,3f55c328-9c62-4808-8c08-3aa6275710cd,-20,0.0,0.0,True,a7f04de2-c20e-4e6e-960e-f53151049699,de531847-5760-46e8-b02d-193569efdd23,6020.0,6.0,20.0,,False,False,7fa5ba4b-28df-44e8-a4f2-d87072e98a2b
Krakowskie Manewry 2026,73886888-aec6-40b2-a2cd-a6353423fd49,Runda 6 - HOLD OBJECTIVE SCENA,f75d5c2e-74c1-437e-9498-ddc0c4ada7eb,FINISHED,06002a28-ce78-4b70-ace6-9af5f34b74bf,40.0,2026-07-12T10:03:52.030Z,62a03c6a-f005-457d-80a5-4a20972aed99,7783babb-c470-4763-80c7-8e6bd277ded8,-17,0.0,0.0,False,e31e3f6e-7ce4-49ee-9f5c-1be977cbfac4,1279e92f-2cd2-4ab8-855a-9630a43d2c60,6017.0,6.0,17.0,,False,False,7fa5ba4b-28df-44e8-a4f2-d87072e98a2b
Krakowskie Manewry 2026,73886888-aec6-40b2-a2cd-a6353423fd49,Runda 6 - HOLD OBJECTIVE SCENA,f75d5c2e-74c1-437e-9498-ddc0c4ada7eb,FINISHED,6c3e3d36-8089-41ba-9df6-dab918da56b4,41.0,2026-07-12T10:03:52.030Z,9d815e6f-8414-4093-9b33-9b73f9c33d37,809fc623-68b5-4bf3-933b-81f3ab3b689f,2000,2.0,9.0,,b7adb037-114f-4f22-806f-05479941419e,08219a4e-e2d0-4904-b18d-f0320cd8d48b,2000.0,2.0,9.0,False,False,False,7fa5ba4b-28df-44e8-a4f2-d87072e98a2b
Krakowskie Manewry 2026,73886888-aec6-40b2-a2cd-a6353423fd49,Runda 6 - HOLD OBJECTIVE SCENA,f75d5c2e-74c1-437e-9498-ddc0c4ada7eb,FINISHED,cc50bd1b-a072-40c6-8506-62f1d46b9dfd,42.0,2026-07-12T10:03:52.030Z,7213aace-9505-4b9f-9f71-8cd80b3d9cc3,f0b719fd-09d6-4d2a-a87c-bd6e7fcd6990,-8,0.0,5.0,,796689d9-74c4-4136-8f3d-1b153db9fbc3,40eca01a-ba05-4c54-afa1-205dbb9e86dc,6008.0,6.0,13.0,False,False,False,7fa5ba4b-28df-44e8-a4f2-d87072e98a2b
Krakowskie Manewry 2026,73886888-aec6-40b2-a2cd-a6353423fd49,Runda 6 - HOLD OBJECTIVE SCENA,f75d5c2e-74c1-437e-9498-ddc0c4ada7eb,FINISHED,b7f5a066-5e34-4b7b-924c-df45efdf4b10,43.0,2026-07-12T10:03:52.030Z,1b5d32ae-fa1c-4eb4-ac3f-24379afba1b4,83f6f224-a83f-4b8a-8284-e19085482720,-9,0.0,4.0,,e4c8bfd9-931d-4f3a-83e4-8f0a5d109b35,3d9c2b85-855a-4af5-9786-5280365b2d7d,6009.0,6.0,13.0,,False,False,7fa5ba4b-28df-44e8-a4f2-d87072e98a2b
Krakowskie Manewry 2026,73886888-aec6-40b2-a2cd-a6353423fd49,Runda 6 - HOLD OBJECTIVE SCENA,f75d5c2e-74c1-437e-9498-ddc0c4ada7eb,FINISHED,b56694df-07b6-4988-bdf1-7014c7694ad9,44.0,2026-07-12T10:03:52.030Z,80d2bd0a-a98e-4a7c-afd7-83031a15499e,1e4b9bdf-6062-4736-aef3-52bc568f8803,6009,6.0,14.0,,6a3e576b-508a-4458-9a34-43a06f0e6359,a5f615bb-a42a-4084-98e7-426a4b15d6ac,-9.0,0.0,5.0,,False,False,7fa5ba4b-28df-44e8-a4f2-d87072e98a2b
Krakowskie Manewry 2026,73886888-aec6-40b2-a2cd-a6353423fd49,Runda 6 - HOLD OBJECTIVE SCENA,f75d5c2e-74c1-437e-9498-ddc0c4ada7eb,FINISHED,705f5cba-05d6-44b2-9bcb-2a3da89d3e9b,45.0,2026-07-12T10:03:52.030Z,feadea2a-990d-4587-9d4f-cfd2c705af84,b746219c-415e-46e0-8143-e8cbc9ae71d0,6015,6.0,16.0,,8b16f3b1-3caf-4b43-ac97-496c22804189,b9991a3f-21db-4617-833e-e0341de18725,-15.0,0.0,1.0,,False,False,7fa5ba4b-28df-44e8-a4f2-d87072e98a2b
Krakowskie Manewry 2026,73886888-aec6-40b2-a2cd-a6353423fd49,Runda 6 - HOLD OBJECTIVE SCENA,f75d5c2e-74c1-437e-9498-ddc0c4ada7eb,FINISHED,c08d9d7d-ec2d-40b0-9511-4fd7888b3fc7,46.0,2026-07-12T10:03:52.030Z,af49c5d4-d547-442b-95d8-24b543e845cc,47aa3a89-3a24-42bb-b29d-e5b15aef0de7,998,1.0,10.0,,3a2331ae-0c59-4cfe-b992-114208081f92,02e912fd-a2c2-4725-a3a6-e9d4fea52a31,5002.0,5.0,12.0,,False,False,7fa5ba4b-28df-44e8-a4f2-d87072e98a2b
Krakowskie Manewry 2026,73886888-aec6-40b2-a2cd-a6353423fd49,Runda 6 - HOLD OBJECTIVE SCENA,f75d5c2e-74c1-437e-9498-ddc0c4ada7eb,FINISHED,0b215310-d21d-4972-ae2e-6e8e6d2ccf25,47.0,2026-07-12T10:03:52.030Z,490fd78d-23a0-4c02-871e-56586afef33a,7508e7c6-6d9d-46a3-a29f-dc70f0917a46,6006,6.0,6.0,,45794b7b-83aa-48d7-b501-57ecf78d0e2c,9dbc8e72-3671-4d6d-b5a9-e1f2af80c9ea,-6.0,0.0,0.0,,False,False,7fa5ba4b-28df-44e8-a4f2-d87072e98a2b
Krakowskie Manewry 2026,73886888-aec6-40b2-a2cd-a6353423fd49,Runda 6 - HOLD OBJECTIVE SCENA,f75d5c2e-74c1-437e-9498-ddc0c4ada7eb,FINISHED,9a91f636-62bb-4b94-b743-c091549e89f3,48.0,2026-07-12T10:03:52.030Z,9d364621-1ce1-40ef-b762-b033c2d37527,e193927e-381f-4695-ac85-685e297bb182,-15,0.0,1.0,,3ff0c9e5-7a1b-42de-93fa-f44b0238e71a,1648e62c-e62a-443c-83be-6fc7ad5a86ff,6015.0,6.0,16.0,,False,False,7fa5ba4b-28df-44e8-a4f2-d87072e98a2b
Krakowskie Manewry 2026,73886888-aec6-40b2-a2cd-a6353423fd49,Runda 6 - HOLD OBJECTIVE SCENA,f75d5c2e-74c1-437e-9498-ddc0c4ada7eb,FINISHED,71c6bfe5-3793-455c-a330-2fb2fe2b33cd,49.0,2026-07-12T10:03:52.030Z,20d79857-18cf-46e2-814b-76fadb31b301,9ab573d7-8211-4b81-bf7c-c22f802f9ee7,-1,0.0,0.0,,adb563c9-9541-4d3f-b2ac-5db585153f85,68431330-4907-4fe2-91af-e912792c5c68,-1.0,0.0,0.0,,False,False,7fa5ba4b-28df-44e8-a4f2-d87072e98a2b
Krakowskie Manewry 2026,73886888-aec6-40b2-a2cd-a6353423fd49,Runda 6 - HOLD OBJECTIVE SCENA,f75d5c2e-74c1-437e-9498-ddc0c4ada7eb,FINISHED,3ff3b5b8-47bf-48c6-a508-5959a0cd5d4f,,2026-07-12T10:03:52.030Z,47a1fcf4-54cf-4a9d-a020-913a6e7a74a2,0ad1e880-3db6-4577-84e8-1f7bb3702572,-1,0.0,0.0,,,,,,,,False,False,7fa5ba4b-28df-44e8-a4f2-d87072e98a2b
