Tournament Name,Tournament ID,Round Title,Round ID,Round Status,Table ID,Table Number (Order),Created At,P1 ID,P1 User ID,P1 Primary Points (TP),P1 Secondary Points (VP),P1 Tertiary Points,P1 Use Secondary List,P2 ID,P2 User ID,P2 Primary Points (TP),P2 Secondary Points (VP),P2 Tertiary Points,P2 Use Secondary List,Approved by P1,Approved by P2,Added by User ID
IMW: Khazad Wrocław 2026,78daa7ea-5cff-4b08-8232-62ceba122249,Fog of War,3439eaea-dd6e-4c19-927b-fd58bce10093,FINISHED,6a675db4-647f-4645-ace1-ccfec5797945,0,2026-02-08T11:25:56.489Z,7b524bac-626a-4eef-adcb-bbcdc4c0a7ef,97c5e5bc-7502-4f16-9c1b-53ead4fab5b2,2,5,,,bad4faba-47a3-427f-8094-aaed0c70a5cc,d96af431-77bb-4909-bb15-61df62e81b15,2,5.0,,,False,False,c451779b-6172-4e1a-acbd-1b387949849d
IMW: Khazad Wrocław 2026,78daa7ea-5cff-4b08-8232-62ceba122249,Fog of War,3439eaea-dd6e-4c19-927b-fd58bce10093,FINISHED,91f5a9cb-c5c4-407a-9bb3-49d95ff2fda0,1,2026-02-08T11:25:56.489Z,b64f3881-0e3e-44e3-b760-319944432943,93cda88b-c976-4e61-8f65-9a5a5f1ecf7b,4,9,,False,42cc2d84-6c56-4358-9573-a1ec7f1ae3d2,3c31c04c-a1ca-4b00-92dc-d33f3841073e,1,7.0,,,False,False,c451779b-6172-4e1a-acbd-1b387949849d
IMW: Khazad Wrocław 2026,78daa7ea-5cff-4b08-8232-62ceba122249,Fog of War,3439eaea-dd6e-4c19-927b-fd58bce10093,FINISHED,2299a755-e908-49f5-96e9-9941f796f773,2,2026-02-08T11:25:56.489Z,a3e9807f-8055-4d5b-ad3b-e626d4fbae4c,a15d42d2-401a-42d5-a0e7-e8f88c780302,4,11,0.0,False,4a5fbd29-4498-4c09-8ed5-3ce6f12278b6,9357ea2e-af38-453d-9c2f-b828d5ccdfb6,1,6.0,0.0,False,True,False,a15d42d2-401a-42d5-a0e7-e8f88c780302
IMW: Khazad Wrocław 2026,78daa7ea-5cff-4b08-8232-62ceba122249,Fog of War,3439eaea-dd6e-4c19-927b-fd58bce10093,FINISHED,6bd32a6d-4405-4176-9b09-170b80581b51,3,2026-02-08T11:25:56.489Z,8337c729-7dee-4a5c-8853-630df00251f5,d1928738-701d-4759-abe9-ff1123a28015,5,13,0.0,True,d568ea10-2733-4e93-8de7-9ad5ea7a6cf1,1279e92f-2cd2-4ab8-855a-9630a43d2c60,0,5.0,0.0,False,True,False,d1928738-701d-4759-abe9-ff1123a28015
IMW: Khazad Wrocław 2026,78daa7ea-5cff-4b08-8232-62ceba122249,Fog of War,3439eaea-dd6e-4c19-927b-fd58bce10093,FINISHED,eb832c28-a0a2-4c70-9a12-332c3a67e0ea,4,2026-02-08T11:25:56.489Z,4708bf75-de6b-417b-86b8-b3b7eb47bff9,ef46c5bc-e9ab-450b-85f5-4b88323ef1b8,4,12,0.0,False,a29406a8-0128-40ba-88df-2338bc8a5338,62553300-be05-4e64-a57e-a9d7ea1b9e88,1,8.0,0.0,,True,False,ef46c5bc-e9ab-450b-85f5-4b88323ef1b8
IMW: Khazad Wrocław 2026,78daa7ea-5cff-4b08-8232-62ceba122249,Fog of War,3439eaea-dd6e-4c19-927b-fd58bce10093,FINISHED,29cdd962-ef24-4b72-83f4-2addac8860da,5,2026-02-08T11:25:56.489Z,36f429b1-d6ff-498c-8cae-98615f05a68b,76870d30-055b-4a89-a141-78ef032269f2,5,20,0.0,True,9644a5c5-3905-45a9-b6eb-70e483580b30,06621509-feb2-4ef5-9a05-31adb11d942c,0,0.0,0.0,,True,False,76870d30-055b-4a89-a141-78ef032269f2
IMW: Khazad Wrocław 2026,78daa7ea-5cff-4b08-8232-62ceba122249,Fog of War,3439eaea-dd6e-4c19-927b-fd58bce10093,FINISHED,b16c0b08-d679-47c1-8e39-1713d686a0d6,6,2026-02-08T11:25:56.489Z,8f99d181-cfc3-4af3-b6e4-f7a65a0ea5a5,e0392558-e263-4874-b380-e33152fcecbe,1,9,0.0,True,1666b32d-90bf-4a39-8b63-c3197181a394,5dd629bc-7618-4bd4-9b02-0c13fc7b7a34,4,12.0,0.0,True,False,True,5dd629bc-7618-4bd4-9b02-0c13fc7b7a34
IMW: Khazad Wrocław 2026,78daa7ea-5cff-4b08-8232-62ceba122249,Fog of War,3439eaea-dd6e-4c19-927b-fd58bce10093,FINISHED,39f4bde9-a503-4464-a433-ecf278f05d78,7,2026-02-08T11:25:56.489Z,219676bb-7836-4c53-aa8f-a90b2de9f56a,a946ead4-d386-4d2f-b350-64a65f00e5e2,0,4,0.0,,0a806513-ccd1-469a-920b-e329b67eb0e5,71f045ad-ce24-4e8b-865a-1dc0f634a42d,5,11.0,0.0,True,False,True,71f045ad-ce24-4e8b-865a-1dc0f634a42d
IMW: Khazad Wrocław 2026,78daa7ea-5cff-4b08-8232-62ceba122249,Fog of War,3439eaea-dd6e-4c19-927b-fd58bce10093,FINISHED,5f637482-d76e-4409-915f-1ad691074d5f,8,2026-02-08T11:25:56.489Z,f456359e-8b38-48c6-bb1d-dc313cf8c974,da4d183b-aede-448f-aad8-231ec4a32cfe,0,3,0.0,,0e3781ea-2fe2-428d-a2d7-7322c9bb7425,20a238b0-37e6-400b-a2a1-20935ab4cc00,5,14.0,0.0,False,True,False,da4d183b-aede-448f-aad8-231ec4a32cfe
IMW: Khazad Wrocław 2026,78daa7ea-5cff-4b08-8232-62ceba122249,Fog of War,3439eaea-dd6e-4c19-927b-fd58bce10093,FINISHED,cf881830-b217-449f-ae28-8d3c60aa37c6,9,2026-02-08T11:25:56.489Z,f3ba9169-5fb9-4396-b264-191b77b60763,4e8fbce8-9600-4b61-af86-6731e366fce3,5,6,0.0,True,1ecdd6e8-6d19-4eab-ac32-4308a8f31868,9f936b49-9012-4b81-ba42-324cf1cc4cb2,0,1.0,0.0,,False,True,9f936b49-9012-4b81-ba42-324cf1cc4cb2
IMW: Khazad Wrocław 2026,78daa7ea-5cff-4b08-8232-62ceba122249,Fog of War,3439eaea-dd6e-4c19-927b-fd58bce10093,FINISHED,908cdee7-e229-4d9c-863d-bfed4111ce0e,10,2026-02-08T11:25:56.489Z,9d8cd38c-3e00-4779-9dda-5e1491dcb4cf,9641c0c9-16e9-4bb7-a7f4-e73245f48db2,5,18,0.0,False,566f52b8-6036-443f-8acc-62f009d13c8b,fe2829dd-d3d5-4397-9c63-f65a285aba6e,0,1.0,0.0,False,True,False,9641c0c9-16e9-4bb7-a7f4-e73245f48db2
IMW: Khazad Wrocław 2026,78daa7ea-5cff-4b08-8232-62ceba122249,Fog of War,3439eaea-dd6e-4c19-927b-fd58bce10093,FINISHED,b7395db3-2ea1-4f3e-9a4d-9b25acc12c8b,11,2026-02-08T11:25:56.489Z,84dc96b5-dda7-456a-9288-bca82ef0506a,d46af0a2-c60d-45ef-9286-540bdc4ee510,5,13,0.0,True,1126e570-7db6-4f03-8f79-cc477b80d07e,9f900a16-db8e-4406-b310-dd395a134112,0,5.0,0.0,,True,False,d46af0a2-c60d-45ef-9286-540bdc4ee510
IMW: Khazad Wrocław 2026,78daa7ea-5cff-4b08-8232-62ceba122249,Fog of War,3439eaea-dd6e-4c19-927b-fd58bce10093,FINISHED,2c3e13fd-2349-440c-9926-8bcf17bbc637,12,2026-02-08T11:25:56.489Z,7f051453-e88a-4b0b-8d67-eba3804af534,fb859afc-1d55-4d43-b4dd-1893900f13e6,1,6,0.0,True,5206ab30-84e6-4e55-b412-1ef6a053be33,4edd7b4a-f5e4-4136-9363-aa93d7e9b8e3,4,10.0,0.0,,True,False,fb859afc-1d55-4d43-b4dd-1893900f13e6
IMW: Khazad Wrocław 2026,78daa7ea-5cff-4b08-8232-62ceba122249,Fog of War,3439eaea-dd6e-4c19-927b-fd58bce10093,FINISHED,cde650eb-3349-40d3-ad51-9620fac4862f,13,2026-02-08T11:25:56.489Z,05cf1860-b0fa-4e14-985c-0eb04ec8609d,e2d714cd-6b6f-42d3-a62d-ae0b293e4413,0,0,0.0,True,f8ed4848-7a50-4490-94df-725a3bc66f34,21c12fb0-4289-4df3-8bad-f18c2a49fd0d,5,16.0,0.0,False,False,True,21c12fb0-4289-4df3-8bad-f18c2a49fd0d
IMW: Khazad Wrocław 2026,78daa7ea-5cff-4b08-8232-62ceba122249,Fog of War,3439eaea-dd6e-4c19-927b-fd58bce10093,FINISHED,33a0cc1e-2d1f-404c-a5bc-7ee70314d0a1,14,2026-02-08T11:25:56.489Z,95c91727-1e03-42ad-9b70-612d69db5cda,2cfad443-8847-46de-a012-26ce9c087035,0,3,0.0,True,0018a691-e00e-4c65-8f20-f00c46903f96,a5f615bb-a42a-4084-98e7-426a4b15d6ac,5,15.0,0.0,False,False,True,a5f615bb-a42a-4084-98e7-426a4b15d6ac
IMW: Khazad Wrocław 2026,78daa7ea-5cff-4b08-8232-62ceba122249,Fog of War,3439eaea-dd6e-4c19-927b-fd58bce10093,FINISHED,ca3265f7-f3f0-45f1-940c-b8816d45da26,15,2026-02-08T11:25:56.489Z,d1a88c3f-c266-4e44-97f4-5f1892546b8a,22a23162-8fd8-4dcc-833c-430aafa67491,0,0,0.0,,c536a8a8-49b8-4244-b022-ddd4802f4024,448193ff-e2b4-4650-898a-1dd8dc3fd5e1,5,15.0,0.0,,False,True,448193ff-e2b4-4650-898a-1dd8dc3fd5e1
IMW: Khazad Wrocław 2026,78daa7ea-5cff-4b08-8232-62ceba122249,Fog of War,3439eaea-dd6e-4c19-927b-fd58bce10093,FINISHED,cfea022f-63b9-45ac-8f5b-9bcda8150afb,16,2026-02-08T11:25:56.489Z,8422103c-2618-41d5-bf85-2975f24d62a2,cd36b01c-87a1-47c9-b877-a65940b24b12,0,0,0.0,False,14002796-6a9f-4ce0-a042-07c5c7b0e47d,7783babb-c470-4763-80c7-8e6bd277ded8,5,20.0,0.0,False,False,True,7783babb-c470-4763-80c7-8e6bd277ded8
IMW: Khazad Wrocław 2026,78daa7ea-5cff-4b08-8232-62ceba122249,Fog of War,3439eaea-dd6e-4c19-927b-fd58bce10093,FINISHED,849ebf53-7cad-4ccc-99b8-52377560acb9,17,2026-02-08T11:25:56.489Z,3ae1903d-c2cd-4220-bdf5-1da90c510e55,6bec13b2-87d9-4e6d-b7ca-06b9e90bf3ba,5,20,0.0,True,5857d772-09ea-40d3-b263-bf9bec3e37e4,309de8ee-ad9e-4a87-911b-e3a5d480d491,0,0.0,0.0,,True,False,6bec13b2-87d9-4e6d-b7ca-06b9e90bf3ba
IMW: Khazad Wrocław 2026,78daa7ea-5cff-4b08-8232-62ceba122249,Fog of War,3439eaea-dd6e-4c19-927b-fd58bce10093,FINISHED,d910eda7-1ba7-44de-8d90-91a21221b98c,18,2026-02-08T11:25:56.489Z,b3b58cb9-3e0b-4d20-903f-50b5cb35a62b,3723b773-cadb-46d3-8758-e1260476e981,4,13,0.0,True,f387271d-957d-4c8e-928b-7927f0b1dc28,a6bf8ed5-530f-4135-a0ca-0a34b5f352c0,1,8.0,0.0,True,True,False,3723b773-cadb-46d3-8758-e1260476e981
IMW: Khazad Wrocław 2026,78daa7ea-5cff-4b08-8232-62ceba122249,Fog of War,3439eaea-dd6e-4c19-927b-fd58bce10093,FINISHED,e0a27867-2b1e-4767-81c9-903a20890ac2,19,2026-02-08T11:25:56.489Z,2382326a-cead-4576-8bfb-3b11516b09ce,dd081a04-8bbb-4409-aed7-f6ceedf4d7d0,4,10,0.0,True,8b8620e9-09ec-49a5-a087-47b5f5fe0345,9c59dcd5-6271-489b-987b-5e49989ea486,1,8.0,0.0,,True,False,dd081a04-8bbb-4409-aed7-f6ceedf4d7d0
IMW: Khazad Wrocław 2026,78daa7ea-5cff-4b08-8232-62ceba122249,Fog of War,3439eaea-dd6e-4c19-927b-fd58bce10093,FINISHED,886cec0f-c646-4e22-b199-b84d23fc93ba,20,2026-02-08T11:25:56.489Z,c5e37fd7-8e84-49bb-8670-42030ff4d355,5de541e0-dfa6-4c41-b224-90684a3b5e1c,5,15,0.0,False,34ed213a-8a70-4458-a2b9-3d7f8bea2869,056f7659-8cee-46ca-a3ef-c14448a93dc3,0,6.0,0.0,True,False,True,056f7659-8cee-46ca-a3ef-c14448a93dc3
IMW: Khazad Wrocław 2026,78daa7ea-5cff-4b08-8232-62ceba122249,Fog of War,3439eaea-dd6e-4c19-927b-fd58bce10093,FINISHED,f42727af-43f4-4745-8a1f-35abf4d7dfed,21,2026-02-08T11:25:56.489Z,2911a3cd-0215-49e4-b8ad-7418d2754459,f99a3381-e709-4e72-a4f6-e9f96240c428,0,6,0.0,True,06c49e44-e065-4530-a821-2817a04231d9,e99aafd2-d310-49bd-b0d5-b12b6acd1600,5,12.0,0.0,,False,True,e99aafd2-d310-49bd-b0d5-b12b6acd1600
IMW: Khazad Wrocław 2026,78daa7ea-5cff-4b08-8232-62ceba122249,Fog of War,3439eaea-dd6e-4c19-927b-fd58bce10093,FINISHED,9ac9b0c8-08cd-47bd-a673-7fb300acd464,22,2026-02-08T11:25:56.489Z,80807e3d-5497-40f6-bda9-cbbaa1e6319f,bae5de7f-387f-4f91-b62a-1ceafdaab07d,0,5,0.0,False,cb03de1d-a393-40fb-95d8-564b693d60e0,4a511f44-0b5e-4f86-b9ea-6db298859c11,5,18.0,0.0,True,True,False,bae5de7f-387f-4f91-b62a-1ceafdaab07d
IMW: Khazad Wrocław 2026,78daa7ea-5cff-4b08-8232-62ceba122249,Fog of War,3439eaea-dd6e-4c19-927b-fd58bce10093,FINISHED,94e54691-ecc3-43ad-b893-3385ed0fa4ed,23,2026-02-08T11:25:56.489Z,14b063de-3e5a-4612-9790-744be2db17f3,f5bcca05-14a2-4c47-8a81-379d5c4ee992,1,8,0.0,True,f5cb49b1-5129-4320-adb6-35a10925e00d,beec30f8-4a47-431b-b7ed-e7f37e95bbbc,4,15.0,0.0,True,False,True,beec30f8-4a47-431b-b7ed-e7f37e95bbbc
IMW: Khazad Wrocław 2026,78daa7ea-5cff-4b08-8232-62ceba122249,Fog of War,3439eaea-dd6e-4c19-927b-fd58bce10093,FINISHED,49d12239-9447-4a91-bbc6-87dbfaaddab8,24,2026-02-08T11:25:56.489Z,e48ccb59-55c7-4686-a36f-be2b21c6e7d1,224b8d3d-7e1f-4095-853a-088883879195,5,20,0.0,True,42dc3950-114d-4e27-9490-4439153867d8,0231b3c3-fb2b-4033-8dd3-bf98d9e29410,0,8.0,0.0,False,True,False,224b8d3d-7e1f-4095-853a-088883879195
IMW: Khazad Wrocław 2026,78daa7ea-5cff-4b08-8232-62ceba122249,Fog of War,3439eaea-dd6e-4c19-927b-fd58bce10093,FINISHED,83fd92cd-7683-4371-bf16-5bee86dbb2d9,25,2026-02-08T11:25:56.489Z,c74f1994-2b19-483d-9cb4-5590a048f85c,88eff5e1-e5fa-40df-ac60-dd5cb0c71bad,0,1,0.0,True,d246f5da-27b4-43f8-91f3-c65ed1343da9,a10c88af-658f-4dbe-bb23-533f04cdfa24,5,18.0,0.0,,False,True,a10c88af-658f-4dbe-bb23-533f04cdfa24
IMW: Khazad Wrocław 2026,78daa7ea-5cff-4b08-8232-62ceba122249,Fog of War,3439eaea-dd6e-4c19-927b-fd58bce10093,FINISHED,158f8669-8e27-4b8c-a815-14225a6e4838,26,2026-02-08T11:25:56.489Z,5a007dd7-4087-489f-876f-8bad132070bc,55b3019a-a7e5-4c3c-9c51-0643513d2296,4,9,0.0,,339550f2-910d-46db-8827-f9c9875321be,18126e31-d169-4a78-b141-b61b9856d41c,1,8.0,0.0,,True,False,55b3019a-a7e5-4c3c-9c51-0643513d2296
IMW: Khazad Wrocław 2026,78daa7ea-5cff-4b08-8232-62ceba122249,Fog of War,3439eaea-dd6e-4c19-927b-fd58bce10093,FINISHED,824101d1-6325-453d-be58-f5a3d7ab7550,27,2026-02-08T11:25:56.489Z,c78d4c2e-3b43-4fd9-8c15-75eef7a238c0,4d2a70a2-c8e1-4ab9-a886-3a945d216f71,5,15,0.0,,d8da00d1-c369-40ce-a1be-39a699e1383e,9d5bc521-d1ac-416e-952c-926b6aef9e60,0,5.0,0.0,True,True,False,4d2a70a2-c8e1-4ab9-a886-3a945d216f71
IMW: Khazad Wrocław 2026,78daa7ea-5cff-4b08-8232-62ceba122249,Fog of War,3439eaea-dd6e-4c19-927b-fd58bce10093,FINISHED,337d34d7-5c56-4ba1-bc90-410611cbcfc4,28,2026-02-08T11:25:56.489Z,e7632769-15ac-4849-8316-13260678df3f,7ca2b5ee-c648-4e98-bcba-50d159612ecc,0,5,0.0,True,f767b881-81be-4977-936e-68ddaa0af038,457f9c1a-0e9a-4c0e-ae41-7f00e3646fba,5,11.0,0.0,False,False,True,457f9c1a-0e9a-4c0e-ae41-7f00e3646fba
IMW: Khazad Wrocław 2026,78daa7ea-5cff-4b08-8232-62ceba122249,Fog of War,3439eaea-dd6e-4c19-927b-fd58bce10093,FINISHED,7f1b1ef6-e6b2-48e6-b825-4bce659043b9,29,2026-02-08T11:25:56.489Z,c23f9f85-207f-4b26-b1ac-eb3cac3172fb,d7deccf7-cc03-46b4-a9a0-6e6e66317298,1,5,0.0,,5ba23e5b-95f8-4054-90fc-3526fa87de4d,3d9c2b85-855a-4af5-9786-5280365b2d7d,4,6.0,0.0,,False,True,3d9c2b85-855a-4af5-9786-5280365b2d7d
IMW: Khazad Wrocław 2026,78daa7ea-5cff-4b08-8232-62ceba122249,Fog of War,3439eaea-dd6e-4c19-927b-fd58bce10093,FINISHED,881da7a3-fa0d-4dde-bea3-31b1506afa3b,30,2026-02-08T11:25:56.489Z,f5e9c168-fd16-481f-87d1-8e4bafe3c897,9fa82917-385d-469e-84c0-8db3e5214cd5,0,6,0.0,False,b5bff64b-5795-475e-9488-8aa0b7db8fa5,57cefe9a-fa1b-45a6-a166-3e94e0d12d49,5,12.0,0.0,False,False,True,57cefe9a-fa1b-45a6-a166-3e94e0d12d49
IMW: Khazad Wrocław 2026,78daa7ea-5cff-4b08-8232-62ceba122249,Fog of War,3439eaea-dd6e-4c19-927b-fd58bce10093,FINISHED,b9c9ce4d-8c42-4e58-9e61-d542edb2568a,31,2026-02-08T11:25:56.489Z,9583dedd-59d6-44ed-a5d2-9db2e3ca518f,a66f5a56-1f3b-4944-9a2b-040faa0061e5,5,11,0.0,True,9530a65e-1e17-43be-9bf4-b1ef4b2cba11,de5cbcdc-3bbc-430b-a716-53b4792437f9,0,5.0,0.0,True,True,False,a66f5a56-1f3b-4944-9a2b-040faa0061e5
IMW: Khazad Wrocław 2026,78daa7ea-5cff-4b08-8232-62ceba122249,Fog of War,3439eaea-dd6e-4c19-927b-fd58bce10093,FINISHED,b0b0108c-3117-4092-bf19-9aa4fe124f30,32,2026-02-08T11:25:56.489Z,988473e5-ce31-4d63-bf3a-a11cf828d795,72214086-3cc8-4fa1-8520-7a6de92529de,5,20,0.0,,37595f4f-1689-4d0d-be18-ee2b19bc3c10,c6592721-9d53-40f9-b982-0b08fab710b9,0,0.0,0.0,,True,False,72214086-3cc8-4fa1-8520-7a6de92529de
IMW: Khazad Wrocław 2026,78daa7ea-5cff-4b08-8232-62ceba122249,Fog of War,3439eaea-dd6e-4c19-927b-fd58bce10093,FINISHED,4af2562a-35d6-45ff-83e8-bfc4f6b2290a,33,2026-02-08T11:25:56.489Z,ca60a977-57d9-4beb-bca4-f8b461bfa61d,a46fa07b-c714-4a45-88f8-742a13295b30,5,16,0.0,True,2f4a2d25-9f82-4690-ba99-d8a6b366a02c,d69a27be-2cfc-4695-9551-250b26795a4f,0,1.0,0.0,,True,False,a46fa07b-c714-4a45-88f8-742a13295b30
IMW: Khazad Wrocław 2026,78daa7ea-5cff-4b08-8232-62ceba122249,Fog of War,3439eaea-dd6e-4c19-927b-fd58bce10093,FINISHED,4ac03916-00f4-49a0-867a-8dd69437a48d,34,2026-02-08T11:25:56.489Z,b273dcef-2adf-4545-a554-b41ee282e559,40ebe707-6a6c-4a85-aff5-58b2d0493daa,2,11,0.0,True,330f5f4b-aff8-454c-94c2-ee0e9737eca3,ad4836af-7b5d-4389-a937-446249ae3deb,2,11.0,0.0,False,False,True,ad4836af-7b5d-4389-a937-446249ae3deb
IMW: Khazad Wrocław 2026,78daa7ea-5cff-4b08-8232-62ceba122249,Fog of War,3439eaea-dd6e-4c19-927b-fd58bce10093,FINISHED,d4e33b60-8d5c-4722-8e0f-bdbcd658dda2,35,2026-02-08T11:25:56.489Z,edceade2-83dd-4a43-a98c-29f69625d080,bd51334f-700f-46ea-9801-7fa43e9c53d0,5,16,0.0,False,65ad1a3f-69b9-4ff0-9d1d-4dd0e6c91187,27e5fd8e-fc73-48f9-802e-3546fde22d25,0,0.0,0.0,True,True,False,bd51334f-700f-46ea-9801-7fa43e9c53d0
IMW: Khazad Wrocław 2026,78daa7ea-5cff-4b08-8232-62ceba122249,Fog of War,3439eaea-dd6e-4c19-927b-fd58bce10093,FINISHED,c8ede960-cfa8-401c-ab65-0ab05d68e141,36,2026-02-08T11:25:56.489Z,f94864ef-493b-44f9-8c94-83996f964a41,337cf4cf-c3db-40f2-bccb-d9d98d3928b9,4,19,0.0,False,8e87c622-87bc-4565-8e78-3a9d1e1d1919,40eca01a-ba05-4c54-afa1-205dbb9e86dc,1,10.0,0.0,True,True,False,337cf4cf-c3db-40f2-bccb-d9d98d3928b9
IMW: Khazad Wrocław 2026,78daa7ea-5cff-4b08-8232-62ceba122249,Fog of War,3439eaea-dd6e-4c19-927b-fd58bce10093,FINISHED,faf367a2-b849-4d38-9cb9-b953875373b0,37,2026-02-08T11:25:56.489Z,9457b5d6-089c-4e12-b213-ee5cddd32e63,4f35155c-5106-464f-960a-2db734044a29,5,15,0.0,,68ba2e7d-efac-4d6b-87ca-8641454633d9,69a11808-e3ca-44e5-9ac0-e4d735625b21,0,3.0,0.0,,True,False,4f35155c-5106-464f-960a-2db734044a29
IMW: Khazad Wrocław 2026,78daa7ea-5cff-4b08-8232-62ceba122249,Fog of War,3439eaea-dd6e-4c19-927b-fd58bce10093,FINISHED,f79e634b-2f4e-45cd-869c-e89ac07e239c,38,2026-02-08T11:25:56.489Z,0ce9d9d6-4916-4db9-ad7a-dbfc26a13f6b,cd905d3f-c042-479b-81f6-61d3ffcc713f,0,1,0.0,,fe282aca-0385-42b6-8ada-9fa3938e1c6a,4f58781a-8316-46cb-8bae-bed4018184ff,5,13.0,0.0,,False,True,4f58781a-8316-46cb-8bae-bed4018184ff
IMW: Khazad Wrocław 2026,78daa7ea-5cff-4b08-8232-62ceba122249,Fog of War,3439eaea-dd6e-4c19-927b-fd58bce10093,FINISHED,5d8245c6-df7d-4cf7-8a51-8d0923f8e142,39,2026-02-08T11:25:56.489Z,cddf478d-76e1-4568-9388-ff9f5c5b1cb1,289932ee-6bb1-405e-b6d8-4ff67f3a7cbe,0,5,0.0,,2a431d72-ffd2-4a33-948e-605aa3d382e2,6f6ad631-bb1c-4478-9430-700ff7e8271c,5,20.0,0.0,True,False,True,6f6ad631-bb1c-4478-9430-700ff7e8271c
IMW: Khazad Wrocław 2026,78daa7ea-5cff-4b08-8232-62ceba122249,Fog of War,3439eaea-dd6e-4c19-927b-fd58bce10093,FINISHED,63d599ce-89d9-4f54-9eb9-d55eb18438f8,40,2026-02-08T11:25:56.489Z,7f2138f0-40e2-481d-9f2d-a64c28e1fccc,6d76fd72-4dde-4033-a747-dbfcfaf62c81,0,1,0.0,True,f15d20b2-27a8-4a1b-8652-73454114c007,3da7c3c2-987d-408e-b093-18bfdeb2877a,5,14.0,0.0,False,False,True,3da7c3c2-987d-408e-b093-18bfdeb2877a
IMW: Khazad Wrocław 2026,78daa7ea-5cff-4b08-8232-62ceba122249,Fog of War,3439eaea-dd6e-4c19-927b-fd58bce10093,FINISHED,378119c7-0469-4bbc-97ce-f9689f0a44ea,41,2026-02-08T11:25:56.489Z,8bfffcd4-63b4-427f-9231-964c14c0d4d1,68c247ff-b8a7-490b-a867-ee772be81ab8,5,11,0.0,,ff7f94cf-bfee-4d65-90f4-30e7859a5f73,7b790eea-3a98-4741-9b30-c30e32fd3908,0,1.0,0.0,False,True,False,68c247ff-b8a7-490b-a867-ee772be81ab8
IMW: Khazad Wrocław 2026,78daa7ea-5cff-4b08-8232-62ceba122249,Fog of War,3439eaea-dd6e-4c19-927b-fd58bce10093,FINISHED,2c15ca87-2096-4a4f-aa82-334487d5027e,42,2026-02-08T11:25:56.489Z,a2bfe353-1d4d-4baa-b58c-441ba0e0a97b,27aaf15d-3203-4338-954d-c58024f42a2b,1,11,0.0,,d77b77f6-a582-4096-beae-c654d03b866b,fadee12e-74a5-412b-9a4c-4d3cd94e1d4c,4,13.0,0.0,,False,True,fadee12e-74a5-412b-9a4c-4d3cd94e1d4c
IMW: Khazad Wrocław 2026,78daa7ea-5cff-4b08-8232-62ceba122249,Fog of War,3439eaea-dd6e-4c19-927b-fd58bce10093,FINISHED,93ef11a8-4148-49d7-b4f6-4ef54a5e7686,43,2026-02-08T11:25:56.489Z,63fe0eb2-560d-41a4-a93a-2f184ccb9825,ab63d4ea-e622-4b2d-8ad2-38b15679c94f,1,10,0.0,True,ed7fbf39-81b6-4e3a-b668-dfb25babc054,3eb83ac9-7653-45f3-bdcb-1afc3f540633,4,14.0,0.0,False,True,False,ab63d4ea-e622-4b2d-8ad2-38b15679c94f
IMW: Khazad Wrocław 2026,78daa7ea-5cff-4b08-8232-62ceba122249,ASSASINATION,eab1faf9-a282-4739-bd8d-d2033629e75d,FINISHED,0c883e72-1bea-4166-871b-0cfc2f1412ae,0,2026-02-08T08:59:35.551Z,e8653934-8ebd-496a-834c-004c3d9ba27b,3c31c04c-a1ca-4b00-92dc-d33f3841073e,1,13,,,2877225d-5a90-425a-9552-0968bb222e15,97c5e5bc-7502-4f16-9c1b-53ead4fab5b2,4,14.0,,False,False,False,c451779b-6172-4e1a-acbd-1b387949849d
IMW: Khazad Wrocław 2026,78daa7ea-5cff-4b08-8232-62ceba122249,ASSASINATION,eab1faf9-a282-4739-bd8d-d2033629e75d,FINISHED,b8c4932a-2b3a-4621-838e-3e8406fde49c,1,2026-02-08T08:59:35.551Z,f84c581d-36a3-4e64-a15e-54917e9f3b31,62553300-be05-4e64-a57e-a9d7ea1b9e88,0,1,0.0,,17f95148-52a9-49ed-8b10-dd8d4cfbb737,d96af431-77bb-4909-bb15-61df62e81b15,5,17.0,0.0,True,False,True,d96af431-77bb-4909-bb15-61df62e81b15
IMW: Khazad Wrocław 2026,78daa7ea-5cff-4b08-8232-62ceba122249,ASSASINATION,eab1faf9-a282-4739-bd8d-d2033629e75d,FINISHED,01ca8ead-c696-4255-8bbf-b6d965bb0491,2,2026-02-08T08:59:35.551Z,3b4ba414-14e4-4bac-8203-cc421171015b,93cda88b-c976-4e61-8f65-9a5a5f1ecf7b,5,20,0.0,False,35074e6e-8d89-482c-b128-0648494ff8df,5dd629bc-7618-4bd4-9b02-0c13fc7b7a34,0,0.0,0.0,False,True,False,93cda88b-c976-4e61-8f65-9a5a5f1ecf7b
IMW: Khazad Wrocław 2026,78daa7ea-5cff-4b08-8232-62ceba122249,ASSASINATION,eab1faf9-a282-4739-bd8d-d2033629e75d,FINISHED,eafc24c2-f72b-43a4-97d9-0e6a6c3d2cca,3,2026-02-08T08:59:35.551Z,67ee31e4-4762-4ffb-832d-d250c7ebbd1e,71f045ad-ce24-4e8b-865a-1dc0f634a42d,1,8,,False,c40126da-793f-495e-bfe3-62508677b5d9,1279e92f-2cd2-4ab8-855a-9630a43d2c60,4,11.0,,True,False,False,c451779b-6172-4e1a-acbd-1b387949849d
IMW: Khazad Wrocław 2026,78daa7ea-5cff-4b08-8232-62ceba122249,ASSASINATION,eab1faf9-a282-4739-bd8d-d2033629e75d,FINISHED,4e3e0997-78b5-4bfd-97cd-7346c43f59d4,4,2026-02-08T08:59:35.551Z,1e2fd162-3ce6-4d47-80ce-09cb69267a40,9f900a16-db8e-4406-b310-dd395a134112,0,2,0.0,,b76a79c8-5046-4934-90cb-8a9febc263e9,9357ea2e-af38-453d-9c2f-b828d5ccdfb6,5,5.0,0.0,False,False,False,013435de-6dfa-4aa3-b660-b670b6a245e5
IMW: Khazad Wrocław 2026,78daa7ea-5cff-4b08-8232-62ceba122249,ASSASINATION,eab1faf9-a282-4739-bd8d-d2033629e75d,FINISHED,51adace1-19d2-422c-a0c8-1b3c83b098f7,5,2026-02-08T08:59:35.551Z,d2ac3308-52a6-4971-9150-4fc91ba9d741,a15d42d2-401a-42d5-a0e7-e8f88c780302,5,20,0.0,True,5f1c586e-45a1-49b9-8f72-770a4180f9fd,a5f615bb-a42a-4084-98e7-426a4b15d6ac,0,0.0,0.0,True,True,False,a15d42d2-401a-42d5-a0e7-e8f88c780302
IMW: Khazad Wrocław 2026,78daa7ea-5cff-4b08-8232-62ceba122249,ASSASINATION,eab1faf9-a282-4739-bd8d-d2033629e75d,FINISHED,afe9369f-59b2-41d8-bd5c-321ceffb2d51,6,2026-02-08T08:59:35.551Z,4654a571-ced7-4151-a0c2-2eebdfa829ad,20a238b0-37e6-400b-a2a1-20935ab4cc00,2,1,,,923655b0-70ea-4922-af3d-495735b611c5,4e8fbce8-9600-4b61-af86-6731e366fce3,2,1.0,,,False,False,013435de-6dfa-4aa3-b660-b670b6a245e5
IMW: Khazad Wrocław 2026,78daa7ea-5cff-4b08-8232-62ceba122249,ASSASINATION,eab1faf9-a282-4739-bd8d-d2033629e75d,FINISHED,9711548a-20f4-42c5-bf6a-d0d4842420c8,7,2026-02-08T08:59:35.551Z,eaa6cdf1-8d03-4118-8c06-a276e75f14ec,d1928738-701d-4759-abe9-ff1123a28015,5,20,0.0,False,565f9c94-9106-48d7-be9f-e5a903bae133,448193ff-e2b4-4650-898a-1dd8dc3fd5e1,0,0.0,0.0,True,True,False,d1928738-701d-4759-abe9-ff1123a28015
IMW: Khazad Wrocław 2026,78daa7ea-5cff-4b08-8232-62ceba122249,ASSASINATION,eab1faf9-a282-4739-bd8d-d2033629e75d,FINISHED,49a43cfe-4bc3-43b0-98cc-0a0a3e1a7e6d,8,2026-02-08T08:59:35.551Z,7d9fdf54-c272-401f-b16e-364b604fcbf4,7783babb-c470-4763-80c7-8e6bd277ded8,0,1,0.0,True,e2c57adb-7275-4d0a-b509-36f9ffd210da,ef46c5bc-e9ab-450b-85f5-4b88323ef1b8,5,15.0,0.0,True,False,True,ef46c5bc-e9ab-450b-85f5-4b88323ef1b8
IMW: Khazad Wrocław 2026,78daa7ea-5cff-4b08-8232-62ceba122249,ASSASINATION,eab1faf9-a282-4739-bd8d-d2033629e75d,FINISHED,8d1f67a1-df4f-46d8-820c-518b3fd61af8,9,2026-02-08T08:59:35.551Z,11f36997-2118-4e4a-8b3a-db5a7f48c009,76870d30-055b-4a89-a141-78ef032269f2,5,6,0.0,True,76a851cc-c5ea-4e65-b815-454174e6cc84,3723b773-cadb-46d3-8758-e1260476e981,0,3.0,0.0,False,True,False,76870d30-055b-4a89-a141-78ef032269f2
IMW: Khazad Wrocław 2026,78daa7ea-5cff-4b08-8232-62ceba122249,ASSASINATION,eab1faf9-a282-4739-bd8d-d2033629e75d,FINISHED,a799f668-97d4-4b9e-b426-1d2f8339e678,10,2026-02-08T08:59:35.551Z,60401a9a-0642-478e-85ae-77dd90249650,a6bf8ed5-530f-4135-a0ca-0a34b5f352c0,0,1,0.0,,bc547e79-ec53-4a2e-a1f7-50a0f0b77c69,06621509-feb2-4ef5-9a05-31adb11d942c,5,12.0,0.0,,False,True,06621509-feb2-4ef5-9a05-31adb11d942c
IMW: Khazad Wrocław 2026,78daa7ea-5cff-4b08-8232-62ceba122249,ASSASINATION,eab1faf9-a282-4739-bd8d-d2033629e75d,FINISHED,d398614a-cc31-45a3-9fe2-9e134413ed32,11,2026-02-08T08:59:35.551Z,45a0ff6e-ef40-45fa-9ce2-128c1110c803,dd081a04-8bbb-4409-aed7-f6ceedf4d7d0,0,2,0.0,True,1860511a-5171-41b7-a946-0423714d3eb8,e0392558-e263-4874-b380-e33152fcecbe,5,8.0,0.0,False,False,True,e0392558-e263-4874-b380-e33152fcecbe
IMW: Khazad Wrocław 2026,78daa7ea-5cff-4b08-8232-62ceba122249,ASSASINATION,eab1faf9-a282-4739-bd8d-d2033629e75d,FINISHED,0fb69169-6c9a-46e8-8276-779b8bc898de,12,2026-02-08T08:59:35.551Z,50ef2069-b0ee-4091-b584-4ec829d42924,a946ead4-d386-4d2f-b350-64a65f00e5e2,4,8,0.0,,360ab548-328e-4f1e-a847-e7f3d189c3b1,cd36b01c-87a1-47c9-b877-a65940b24b12,1,5.0,0.0,True,True,False,a946ead4-d386-4d2f-b350-64a65f00e5e2
IMW: Khazad Wrocław 2026,78daa7ea-5cff-4b08-8232-62ceba122249,ASSASINATION,eab1faf9-a282-4739-bd8d-d2033629e75d,FINISHED,e7ff3fa4-75a4-4166-ad26-a28da946e49a,13,2026-02-08T08:59:35.551Z,90b51fd4-e1c8-4c3f-b838-e268464bcb77,5de541e0-dfa6-4c41-b224-90684a3b5e1c,0,4,0.0,True,1a85910b-79c7-4b4c-8a7d-a169da00fd69,9f936b49-9012-4b81-ba42-324cf1cc4cb2,5,12.0,0.0,,True,False,5de541e0-dfa6-4c41-b224-90684a3b5e1c
IMW: Khazad Wrocław 2026,78daa7ea-5cff-4b08-8232-62ceba122249,ASSASINATION,eab1faf9-a282-4739-bd8d-d2033629e75d,FINISHED,e0e267d5-535c-4cfe-9a15-87aa50381a4d,14,2026-02-08T08:59:35.551Z,955dcffc-2f30-4f3b-8192-174bfa1e6f52,da4d183b-aede-448f-aad8-231ec4a32cfe,5,17,0.0,,043705a7-fb2c-460b-a5e2-90e27113ef92,beec30f8-4a47-431b-b7ed-e7f37e95bbbc,0,4.0,0.0,False,True,False,da4d183b-aede-448f-aad8-231ec4a32cfe
IMW: Khazad Wrocław 2026,78daa7ea-5cff-4b08-8232-62ceba122249,ASSASINATION,eab1faf9-a282-4739-bd8d-d2033629e75d,FINISHED,4b8ee6de-087c-4580-a4e1-019c50ee74a5,15,2026-02-08T08:59:35.551Z,dff63bfb-3669-4f04-aebe-b15928fd8b3e,4edd7b4a-f5e4-4136-9363-aa93d7e9b8e3,4,13,0.0,,860d9a8a-2635-4deb-b046-dbcae21c5ee6,056f7659-8cee-46ca-a3ef-c14448a93dc3,1,9.0,0.0,False,True,False,4edd7b4a-f5e4-4136-9363-aa93d7e9b8e3
IMW: Khazad Wrocław 2026,78daa7ea-5cff-4b08-8232-62ceba122249,ASSASINATION,eab1faf9-a282-4739-bd8d-d2033629e75d,FINISHED,0876e761-9a3d-4a52-a6ab-994d4cff10e1,16,2026-02-08T08:59:35.551Z,2b3f1ee0-619a-434a-a77f-aa08e7954b8d,0231b3c3-fb2b-4033-8dd3-bf98d9e29410,0,0,0.0,False,6fea7fe9-7951-4c63-901b-b9953d5bad17,9641c0c9-16e9-4bb7-a7f4-e73245f48db2,5,17.0,0.0,True,False,True,9641c0c9-16e9-4bb7-a7f4-e73245f48db2
IMW: Khazad Wrocław 2026,78daa7ea-5cff-4b08-8232-62ceba122249,ASSASINATION,eab1faf9-a282-4739-bd8d-d2033629e75d,FINISHED,9e738248-e6b7-4376-865a-688606b5619e,17,2026-02-08T08:59:35.551Z,86402f6a-03f0-46f9-8744-490e63dd93cd,21c12fb0-4289-4df3-8bad-f18c2a49fd0d,4,13,0.0,False,cee6c8d2-fdbb-44b7-aa9f-e78cc7e5d7ad,e99aafd2-d310-49bd-b0d5-b12b6acd1600,1,9.0,0.0,,True,False,21c12fb0-4289-4df3-8bad-f18c2a49fd0d
IMW: Khazad Wrocław 2026,78daa7ea-5cff-4b08-8232-62ceba122249,ASSASINATION,eab1faf9-a282-4739-bd8d-d2033629e75d,FINISHED,2c38ae92-768f-4bdc-9fa3-415f4baef454,18,2026-02-08T08:59:35.551Z,253908ac-fee9-46e4-a404-7754acc8ecf3,18126e31-d169-4a78-b141-b61b9856d41c,0,1,0.0,False,2da8df84-ba7d-4fd5-b044-2f96bd386802,fe2829dd-d3d5-4397-9c63-f65a285aba6e,5,17.0,0.0,True,False,True,fe2829dd-d3d5-4397-9c63-f65a285aba6e
IMW: Khazad Wrocław 2026,78daa7ea-5cff-4b08-8232-62ceba122249,ASSASINATION,eab1faf9-a282-4739-bd8d-d2033629e75d,FINISHED,7536110a-5e52-49fe-a011-91e364477e7d,19,2026-02-08T08:59:35.551Z,5b07c4c6-9956-4612-9f14-29e3c3e78872,d46af0a2-c60d-45ef-9286-540bdc4ee510,5,17,0.0,False,b970acf3-f206-4518-9452-e879cc82b017,4d2a70a2-c8e1-4ab9-a886-3a945d216f71,0,3.0,0.0,,True,False,d46af0a2-c60d-45ef-9286-540bdc4ee510
IMW: Khazad Wrocław 2026,78daa7ea-5cff-4b08-8232-62ceba122249,ASSASINATION,eab1faf9-a282-4739-bd8d-d2033629e75d,FINISHED,4ce96b1f-6c7e-478c-add8-470a4b6c8c8f,20,2026-02-08T08:59:35.551Z,7b5a6124-54d2-4f44-8225-e0cc559c71bf,f5bcca05-14a2-4c47-8a81-379d5c4ee992,1,12,0.0,True,aa4086bf-7784-434f-8054-37be5f339db8,6bec13b2-87d9-4e6d-b7ca-06b9e90bf3ba,4,18.0,0.0,False,False,True,6bec13b2-87d9-4e6d-b7ca-06b9e90bf3ba
IMW: Khazad Wrocław 2026,78daa7ea-5cff-4b08-8232-62ceba122249,ASSASINATION,eab1faf9-a282-4739-bd8d-d2033629e75d,FINISHED,7977e95a-1272-4d71-9c75-c98c8bfd2e8e,21,2026-02-08T08:59:35.551Z,d68a6088-b627-4fc0-89fe-9fc4bd78976b,457f9c1a-0e9a-4c0e-ae41-7f00e3646fba,0,0,0.0,False,d33b33db-489a-4647-a046-317ddcd17235,e2d714cd-6b6f-42d3-a62d-ae0b293e4413,5,17.0,0.0,False,True,False,457f9c1a-0e9a-4c0e-ae41-7f00e3646fba
IMW: Khazad Wrocław 2026,78daa7ea-5cff-4b08-8232-62ceba122249,ASSASINATION,eab1faf9-a282-4739-bd8d-d2033629e75d,FINISHED,f7e8b5c0-c26f-4b0b-baa0-2f3e9ae91b0b,22,2026-02-08T08:59:35.551Z,dfdc3775-aef8-4571-811a-3f1cab9ba8b5,9fa82917-385d-469e-84c0-8db3e5214cd5,0,0,0.0,False,5be14fa5-4b5b-4107-935d-b5edfdf9fc33,fb859afc-1d55-4d43-b4dd-1893900f13e6,5,20.0,0.0,True,False,True,fb859afc-1d55-4d43-b4dd-1893900f13e6
IMW: Khazad Wrocław 2026,78daa7ea-5cff-4b08-8232-62ceba122249,ASSASINATION,eab1faf9-a282-4739-bd8d-d2033629e75d,FINISHED,cb6acc1c-40c5-4bf0-874f-836a30aaab94,23,2026-02-08T08:59:35.551Z,24f5096c-168f-4540-af27-e20fb2fcd6d9,2cfad443-8847-46de-a012-26ce9c087035,5,17,0.0,,3dd1aead-def7-449e-93c6-7a60c7ece977,3d9c2b85-855a-4af5-9786-5280365b2d7d,0,1.0,0.0,,False,True,3d9c2b85-855a-4af5-9786-5280365b2d7d
IMW: Khazad Wrocław 2026,78daa7ea-5cff-4b08-8232-62ceba122249,ASSASINATION,eab1faf9-a282-4739-bd8d-d2033629e75d,FINISHED,73a898e6-ec45-4420-88c4-be025a03d72b,24,2026-02-08T08:59:35.551Z,f2a1c864-b8c4-4de4-b508-ef9ade046eac,a66f5a56-1f3b-4944-9a2b-040faa0061e5,0,1,0.0,True,dd235b92-3bb3-41d0-8651-4cbfca818f3f,22a23162-8fd8-4dcc-833c-430aafa67491,5,15.0,0.0,False,False,True,22a23162-8fd8-4dcc-833c-430aafa67491
IMW: Khazad Wrocław 2026,78daa7ea-5cff-4b08-8232-62ceba122249,ASSASINATION,eab1faf9-a282-4739-bd8d-d2033629e75d,FINISHED,070df743-b93d-4bd5-b26b-99bc710f5d40,25,2026-02-08T08:59:35.551Z,a204ac0f-5804-4421-9881-4e22fe392cc1,c6592721-9d53-40f9-b982-0b08fab710b9,0,2,0.0,,d15df779-9a02-42ce-a324-0cab5c488b5d,309de8ee-ad9e-4a87-911b-e3a5d480d491,5,8.0,0.0,,True,False,c6592721-9d53-40f9-b982-0b08fab710b9
IMW: Khazad Wrocław 2026,78daa7ea-5cff-4b08-8232-62ceba122249,ASSASINATION,eab1faf9-a282-4739-bd8d-d2033629e75d,FINISHED,36435b15-4711-43c5-8615-3ee5df255331,26,2026-02-08T08:59:35.551Z,749d6304-5562-44df-9dcd-dbf8635bebe4,a10c88af-658f-4dbe-bb23-533f04cdfa24,2,5,0.0,,0ec19b55-78e8-41ac-a15c-2d1c5f01876e,55b3019a-a7e5-4c3c-9c51-0643513d2296,2,5.0,0.0,,False,True,55b3019a-a7e5-4c3c-9c51-0643513d2296
IMW: Khazad Wrocław 2026,78daa7ea-5cff-4b08-8232-62ceba122249,ASSASINATION,eab1faf9-a282-4739-bd8d-d2033629e75d,FINISHED,1bd2b490-7281-407f-93bf-a9072b9b0df7,27,2026-02-08T08:59:35.551Z,a1e37e4f-6cb9-4e79-bb07-2ad1123ebab2,224b8d3d-7e1f-4095-853a-088883879195,2,13,0.0,False,7a5fc7d3-9aac-4921-84ab-523c1fd46130,88eff5e1-e5fa-40df-ac60-dd5cb0c71bad,2,13.0,0.0,False,True,False,224b8d3d-7e1f-4095-853a-088883879195
IMW: Khazad Wrocław 2026,78daa7ea-5cff-4b08-8232-62ceba122249,ASSASINATION,eab1faf9-a282-4739-bd8d-d2033629e75d,FINISHED,9c85ae7b-53bd-4e30-8e5d-e3224e243809,28,2026-02-08T08:59:35.551Z,6624263d-36cd-4d6e-8938-31080c992d02,a46fa07b-c714-4a45-88f8-742a13295b30,0,1,0.0,True,7f3f8e02-1c48-4027-b00b-e715548165df,9c59dcd5-6271-489b-987b-5e49989ea486,5,14.0,0.0,,False,True,9c59dcd5-6271-489b-987b-5e49989ea486
IMW: Khazad Wrocław 2026,78daa7ea-5cff-4b08-8232-62ceba122249,ASSASINATION,eab1faf9-a282-4739-bd8d-d2033629e75d,FINISHED,03914c20-9817-4d3f-ad26-00e841099fa6,29,2026-02-08T08:59:35.551Z,aaa4c9e4-e2c9-440a-8214-5dc0ef4198c0,9d5bc521-d1ac-416e-952c-926b6aef9e60,2,0,0.0,True,aec0bddd-86a9-49b3-a9c4-cf051dd6b735,57cefe9a-fa1b-45a6-a166-3e94e0d12d49,2,0.0,0.0,True,False,True,57cefe9a-fa1b-45a6-a166-3e94e0d12d49
IMW: Khazad Wrocław 2026,78daa7ea-5cff-4b08-8232-62ceba122249,ASSASINATION,eab1faf9-a282-4739-bd8d-d2033629e75d,FINISHED,e575cc01-6d5d-449c-8e19-c43579d061bb,30,2026-02-08T08:59:35.551Z,dd1303b5-b92f-4a50-b715-22e1e4dfee29,27e5fd8e-fc73-48f9-802e-3546fde22d25,0,0,0.0,True,f9adf9dd-8893-46ff-8799-dcf3acaf097f,f99a3381-e709-4e72-a4f6-e9f96240c428,5,17.0,0.0,True,False,True,f99a3381-e709-4e72-a4f6-e9f96240c428
IMW: Khazad Wrocław 2026,78daa7ea-5cff-4b08-8232-62ceba122249,ASSASINATION,eab1faf9-a282-4739-bd8d-d2033629e75d,FINISHED,8089c0c2-7cd6-47cc-af4c-a0d4237d373f,31,2026-02-08T08:59:35.551Z,983dd5dc-721f-4a2e-99ea-c530447e5e70,bae5de7f-387f-4f91-b62a-1ceafdaab07d,5,14,0.0,True,244b85a2-ebb2-438e-8efd-4dfe505da102,289932ee-6bb1-405e-b6d8-4ff67f3a7cbe,0,1.0,0.0,,True,False,bae5de7f-387f-4f91-b62a-1ceafdaab07d
IMW: Khazad Wrocław 2026,78daa7ea-5cff-4b08-8232-62ceba122249,ASSASINATION,eab1faf9-a282-4739-bd8d-d2033629e75d,FINISHED,213104bc-c786-4f90-92da-6a4aa71be24b,32,2026-02-08T08:59:35.551Z,332eddc2-ff70-43ef-9b42-6812a85f4d10,cd905d3f-c042-479b-81f6-61d3ffcc713f,0,2,0.0,True,52318bd6-9d55-487b-b7c4-b5593b452923,4a511f44-0b5e-4f86-b9ea-6db298859c11,5,5.0,0.0,True,False,False,013435de-6dfa-4aa3-b660-b670b6a245e5
IMW: Khazad Wrocław 2026,78daa7ea-5cff-4b08-8232-62ceba122249,ASSASINATION,eab1faf9-a282-4739-bd8d-d2033629e75d,FINISHED,d2c21c39-46a3-459b-9865-1373b4740fbd,33,2026-02-08T08:59:35.551Z,1761c01b-bb5c-4fb3-8399-ac074b625ac5,ad4836af-7b5d-4389-a937-446249ae3deb,2,13,0.0,True,6110a35e-1b82-4c96-89a3-9e37a3c2de12,bd51334f-700f-46ea-9801-7fa43e9c53d0,2,13.0,0.0,True,True,False,ad4836af-7b5d-4389-a937-446249ae3deb
IMW: Khazad Wrocław 2026,78daa7ea-5cff-4b08-8232-62ceba122249,ASSASINATION,eab1faf9-a282-4739-bd8d-d2033629e75d,FINISHED,ce8ba8b4-b1d5-402a-92e6-53eef4c8ac13,34,2026-02-08T08:59:35.551Z,24cd98d0-5463-47c3-8cd8-29654a63b838,4f35155c-5106-464f-960a-2db734044a29,1,5,0.0,,5f84b8f2-7938-42b1-bfea-ea6d0f03b842,72214086-3cc8-4fa1-8520-7a6de92529de,4,7.0,0.0,,True,False,4f35155c-5106-464f-960a-2db734044a29
IMW: Khazad Wrocław 2026,78daa7ea-5cff-4b08-8232-62ceba122249,ASSASINATION,eab1faf9-a282-4739-bd8d-d2033629e75d,FINISHED,22088cc4-2f92-4c64-8230-0a0b8549ba04,35,2026-02-08T08:59:35.551Z,ef13ce5c-8152-43a4-b6b8-21f0231a43df,40eca01a-ba05-4c54-afa1-205dbb9e86dc,1,12,0.0,,371ded10-d6eb-4171-bf5d-a4bc4b8d96ce,7ca2b5ee-c648-4e98-bcba-50d159612ecc,4,16.0,0.0,,False,True,7ca2b5ee-c648-4e98-bcba-50d159612ecc
IMW: Khazad Wrocław 2026,78daa7ea-5cff-4b08-8232-62ceba122249,ASSASINATION,eab1faf9-a282-4739-bd8d-d2033629e75d,FINISHED,8fda216e-a96a-4902-a753-2363a514d70b,36,2026-02-08T08:59:35.551Z,59d0327f-142e-4a0a-a86a-52b9ca671a61,337cf4cf-c3db-40f2-bccb-d9d98d3928b9,2,2,0.0,False,4bd21216-384d-4c74-adc1-7faabaf3baf1,69a11808-e3ca-44e5-9ac0-e4d735625b21,2,2.0,0.0,,True,False,337cf4cf-c3db-40f2-bccb-d9d98d3928b9
IMW: Khazad Wrocław 2026,78daa7ea-5cff-4b08-8232-62ceba122249,ASSASINATION,eab1faf9-a282-4739-bd8d-d2033629e75d,FINISHED,3e0e6e2c-0db2-4fc7-978c-53db410ac2dd,37,2026-02-08T08:59:35.551Z,3ce0e695-ad07-4862-a87a-0754fd1ab9f1,d7deccf7-cc03-46b4-a9a0-6e6e66317298,5,12,0.0,True,94014bfb-62a1-4206-a749-cfab4d5e455f,3da7c3c2-987d-408e-b093-18bfdeb2877a,0,1.0,0.0,True,True,False,d7deccf7-cc03-46b4-a9a0-6e6e66317298
IMW: Khazad Wrocław 2026,78daa7ea-5cff-4b08-8232-62ceba122249,ASSASINATION,eab1faf9-a282-4739-bd8d-d2033629e75d,FINISHED,6b6cc7f7-b2c4-4232-b6fc-8ee977dd369d,38,2026-02-08T08:59:35.551Z,9e65b273-8623-4a2e-a419-c9bd4a6956f3,68c247ff-b8a7-490b-a867-ee772be81ab8,0,3,0.0,,483a0f1d-4af0-4a3d-a472-2a25a97d7d2d,de5cbcdc-3bbc-430b-a716-53b4792437f9,5,14.0,0.0,,False,True,de5cbcdc-3bbc-430b-a716-53b4792437f9
IMW: Khazad Wrocław 2026,78daa7ea-5cff-4b08-8232-62ceba122249,ASSASINATION,eab1faf9-a282-4739-bd8d-d2033629e75d,FINISHED,61585fad-cf92-4505-bb8c-037d96e9a896,39,2026-02-08T08:59:35.551Z,ea900915-cd7b-43a5-8748-2a867192658b,d69a27be-2cfc-4695-9551-250b26795a4f,4,13,0.0,,3eda556a-6683-4c2b-86b9-318e96c4e6ad,6d76fd72-4dde-4033-a747-dbfcfaf62c81,1,9.0,0.0,True,False,True,6d76fd72-4dde-4033-a747-dbfcfaf62c81
IMW: Khazad Wrocław 2026,78daa7ea-5cff-4b08-8232-62ceba122249,ASSASINATION,eab1faf9-a282-4739-bd8d-d2033629e75d,FINISHED,353f6cc4-ab28-4353-b757-e18afb9b937f,40,2026-02-08T08:59:35.551Z,739dad46-2c99-446d-a088-b64f3e3455f7,7b790eea-3a98-4741-9b30-c30e32fd3908,0,0,0.0,False,62421559-f118-4645-9a91-91dc8293d1da,40ebe707-6a6c-4a85-aff5-58b2d0493daa,5,14.0,0.0,False,False,True,40ebe707-6a6c-4a85-aff5-58b2d0493daa
IMW: Khazad Wrocław 2026,78daa7ea-5cff-4b08-8232-62ceba122249,ASSASINATION,eab1faf9-a282-4739-bd8d-d2033629e75d,FINISHED,1aa81558-d84b-4489-964a-aaa3ecc6af6f,41,2026-02-08T08:59:35.551Z,2f0c5bb2-bef8-47e1-ac08-df4b6c91c1ea,fadee12e-74a5-412b-9a4c-4d3cd94e1d4c,0,0,0.0,,f9d8f3e3-8da8-4b1b-b5da-755548ccd97f,4f58781a-8316-46cb-8bae-bed4018184ff,5,11.0,0.0,,False,True,4f58781a-8316-46cb-8bae-bed4018184ff
IMW: Khazad Wrocław 2026,78daa7ea-5cff-4b08-8232-62ceba122249,ASSASINATION,eab1faf9-a282-4739-bd8d-d2033629e75d,FINISHED,027a25b5-7fdd-48bd-b579-b2ed024fd9f1,42,2026-02-08T08:59:35.551Z,216f5904-26c1-4325-9d24-a9a65da0d50a,6f6ad631-bb1c-4478-9430-700ff7e8271c,5,14,0.0,True,5f2d8322-b33a-4b6d-a83a-35cdd0fab5b9,3eb83ac9-7653-45f3-bdcb-1afc3f540633,0,0.0,0.0,False,True,False,6f6ad631-bb1c-4478-9430-700ff7e8271c
IMW: Khazad Wrocław 2026,78daa7ea-5cff-4b08-8232-62ceba122249,ASSASINATION,eab1faf9-a282-4739-bd8d-d2033629e75d,FINISHED,60f06350-fa9e-4a24-ac01-75ced47660c7,43,2026-02-08T08:59:35.551Z,62045f66-18c7-408a-b596-cc9d498022bd,27aaf15d-3203-4338-954d-c58024f42a2b,2,12,0.0,,eda641a6-6a17-4e84-9a57-4130a951720c,ab63d4ea-e622-4b2d-8ad2-38b15679c94f,2,12.0,0.0,True,True,False,27aaf15d-3203-4338-954d-c58024f42a2b
IMW: Khazad Wrocław 2026,78daa7ea-5cff-4b08-8232-62ceba122249,Runda 4,86ca711a-c34b-47dc-826a-2145f28438a9,FINISHED,9423ef27-b15d-4f58-8182-4ed71f0720d2,0,2026-02-07T16:34:17.483Z,a7126121-cb47-4eff-b1f0-1bf7306bce0b,62553300-be05-4e64-a57e-a9d7ea1b9e88,4,3,0.0,,ab820ee2-9c9b-47fd-a2d2-037900060fb7,1279e92f-2cd2-4ab8-855a-9630a43d2c60,1,0.0,0.0,False,False,True,1279e92f-2cd2-4ab8-855a-9630a43d2c60
IMW: Khazad Wrocław 2026,78daa7ea-5cff-4b08-8232-62ceba122249,Runda 4,86ca711a-c34b-47dc-826a-2145f28438a9,FINISHED,f91f0edb-126f-4d53-9caf-8dc1ef7cc03a,1,2026-02-07T16:34:17.483Z,3e969bc1-0fb1-4ee9-862f-c79166f1177d,97c5e5bc-7502-4f16-9c1b-53ead4fab5b2,5,10,,True,b419c8bf-37a7-4700-b760-a4821eed2cfd,4e8fbce8-9600-4b61-af86-6731e366fce3,0,1.0,,False,False,False,c451779b-6172-4e1a-acbd-1b387949849d
IMW: Khazad Wrocław 2026,78daa7ea-5cff-4b08-8232-62ceba122249,Runda 4,86ca711a-c34b-47dc-826a-2145f28438a9,FINISHED,21d953dc-0cc1-4c57-a107-a35e95fd1c73,2,2026-02-07T16:34:17.483Z,6419960a-fe8e-4f08-9710-a298611d4ed7,3c31c04c-a1ca-4b00-92dc-d33f3841073e,5,15,0.0,,ea01a978-011e-475d-978d-60d3d2c6a096,d1928738-701d-4759-abe9-ff1123a28015,0,1.0,0.0,False,True,False,3c31c04c-a1ca-4b00-92dc-d33f3841073e
IMW: Khazad Wrocław 2026,78daa7ea-5cff-4b08-8232-62ceba122249,Runda 4,86ca711a-c34b-47dc-826a-2145f28438a9,FINISHED,4ea3e409-2447-4be9-8e5b-a83659567516,3,2026-02-07T16:34:17.483Z,86a9086f-2db8-419a-ae41-37cc7f16c6a2,93cda88b-c976-4e61-8f65-9a5a5f1ecf7b,4,3,,False,2dd4cf2b-40a9-49b5-a5aa-4d43f92054dc,448193ff-e2b4-4650-898a-1dd8dc3fd5e1,1,0.0,,True,False,False,c451779b-6172-4e1a-acbd-1b387949849d
IMW: Khazad Wrocław 2026,78daa7ea-5cff-4b08-8232-62ceba122249,Runda 4,86ca711a-c34b-47dc-826a-2145f28438a9,FINISHED,4bd4ae61-ad8a-461d-ac97-50fefbd755e4,4,2026-02-07T16:34:17.483Z,362ca23f-fcc5-463c-90a3-9f0347ec00ac,06621509-feb2-4ef5-9a05-31adb11d942c,0,1,,,f901f591-1f72-43d0-8298-693a9319bd2d,d96af431-77bb-4909-bb15-61df62e81b15,5,5.0,,False,False,False,c451779b-6172-4e1a-acbd-1b387949849d
IMW: Khazad Wrocław 2026,78daa7ea-5cff-4b08-8232-62ceba122249,Runda 4,86ca711a-c34b-47dc-826a-2145f28438a9,FINISHED,c4ea1b9e-c271-4490-8eb3-5cfcd553effa,5,2026-02-07T16:34:17.483Z,915d47b2-66cb-49a1-a3a2-e5c63fabfcc4,5dd629bc-7618-4bd4-9b02-0c13fc7b7a34,5,6,0.0,False,829729f5-b019-4701-a7c2-6f14ef7dd8ac,64a59e06-3985-4400-b26f-6528e57ac2d7,0,3.0,0.0,False,True,False,5dd629bc-7618-4bd4-9b02-0c13fc7b7a34
IMW: Khazad Wrocław 2026,78daa7ea-5cff-4b08-8232-62ceba122249,Runda 4,86ca711a-c34b-47dc-826a-2145f28438a9,FINISHED,b0932d91-397b-49c2-bbfb-23d55720b440,6,2026-02-07T16:34:17.483Z,50093ae6-0ab7-4fa0-b80c-e84dde5efd1e,9641c0c9-16e9-4bb7-a7f4-e73245f48db2,0,1,0.0,False,688d6e42-8f4b-42d5-8fa3-6fe1f6c1edd2,9f900a16-db8e-4406-b310-dd395a134112,5,7.0,0.0,,False,True,9f900a16-db8e-4406-b310-dd395a134112
IMW: Khazad Wrocław 2026,78daa7ea-5cff-4b08-8232-62ceba122249,Runda 4,86ca711a-c34b-47dc-826a-2145f28438a9,FINISHED,742a2a4d-e38f-4eab-a2ae-f6fbad557038,7,2026-02-07T16:34:17.483Z,d8d03dab-1a34-452d-8fc2-97627c2c70cc,71f045ad-ce24-4e8b-865a-1dc0f634a42d,5,14,0.0,False,385b05c0-dd40-4542-9d28-fb410dc07f59,21c12fb0-4289-4df3-8bad-f18c2a49fd0d,0,5.0,0.0,True,True,False,71f045ad-ce24-4e8b-865a-1dc0f634a42d
IMW: Khazad Wrocław 2026,78daa7ea-5cff-4b08-8232-62ceba122249,Runda 4,86ca711a-c34b-47dc-826a-2145f28438a9,FINISHED,408177d5-c34b-4bb3-b2fb-b7ae3fdc7a28,8,2026-02-07T16:34:17.483Z,306c7142-95ec-488a-9763-fe8bc6457112,18126e31-d169-4a78-b141-b61b9856d41c,0,1,0.0,True,0b8d39df-ab2a-4b15-84d7-2305a34e247b,9357ea2e-af38-453d-9c2f-b828d5ccdfb6,5,18.0,0.0,True,False,True,9357ea2e-af38-453d-9c2f-b828d5ccdfb6
IMW: Khazad Wrocław 2026,78daa7ea-5cff-4b08-8232-62ceba122249,Runda 4,86ca711a-c34b-47dc-826a-2145f28438a9,FINISHED,3ecec886-1cf6-42bb-b2b2-1408d1ca7847,9,2026-02-07T16:34:17.483Z,e0ed3b76-ca59-4dd1-aadb-2f9ce2318671,76870d30-055b-4a89-a141-78ef032269f2,4,4,0.0,False,b9152667-c6f4-43f4-ad1b-2b3d933b33bf,e99aafd2-d310-49bd-b0d5-b12b6acd1600,1,1.0,0.0,,True,False,76870d30-055b-4a89-a141-78ef032269f2
IMW: Khazad Wrocław 2026,78daa7ea-5cff-4b08-8232-62ceba122249,Runda 4,86ca711a-c34b-47dc-826a-2145f28438a9,FINISHED,5e69d7e9-674c-4f30-93fa-623a4df04955,10,2026-02-07T16:34:17.483Z,149ca225-8b7a-4717-b128-240048031221,457f9c1a-0e9a-4c0e-ae41-7f00e3646fba,0,0,0.0,False,e53ea4a9-118f-40a8-9f24-dc953f396014,a5f615bb-a42a-4084-98e7-426a4b15d6ac,5,9.0,0.0,True,False,True,a5f615bb-a42a-4084-98e7-426a4b15d6ac
IMW: Khazad Wrocław 2026,78daa7ea-5cff-4b08-8232-62ceba122249,Runda 4,86ca711a-c34b-47dc-826a-2145f28438a9,FINISHED,1b5d31a8-fb82-47b9-87f4-541e265dd758,11,2026-02-07T16:34:17.483Z,b96790d9-100a-4890-adb1-f2e11d0219fb,a15d42d2-401a-42d5-a0e7-e8f88c780302,5,20,0.0,False,0fad2fee-4f23-45d2-88d3-ae479fa10cf9,2cfad443-8847-46de-a012-26ce9c087035,0,0.0,0.0,False,True,False,a15d42d2-401a-42d5-a0e7-e8f88c780302
IMW: Khazad Wrocław 2026,78daa7ea-5cff-4b08-8232-62ceba122249,Runda 4,86ca711a-c34b-47dc-826a-2145f28438a9,FINISHED,09593b62-7c65-4968-b4a5-52c3e040a50c,12,2026-02-07T16:34:17.483Z,c40031e0-41d8-494e-b88d-406690d6f964,056f7659-8cee-46ca-a3ef-c14448a93dc3,1,6,0.0,False,b977c422-d5dd-40fb-8ea3-84274ee19300,3723b773-cadb-46d3-8758-e1260476e981,4,10.0,0.0,True,False,True,3723b773-cadb-46d3-8758-e1260476e981
IMW: Khazad Wrocław 2026,78daa7ea-5cff-4b08-8232-62ceba122249,Runda 4,86ca711a-c34b-47dc-826a-2145f28438a9,FINISHED,5e552e3a-7739-4733-adb2-eafa885d17f1,13,2026-02-07T16:41:06.316Z,0277001e-f227-485b-9d9d-cfc77846ac2b,20a238b0-37e6-400b-a2a1-20935ab4cc00,5,12,0.0,False,541360b9-2058-4c21-84a9-ae8f7b5b9f2c,fb859afc-1d55-4d43-b4dd-1893900f13e6,0,3.0,0.0,False,True,False,20a238b0-37e6-400b-a2a1-20935ab4cc00
IMW: Khazad Wrocław 2026,78daa7ea-5cff-4b08-8232-62ceba122249,Runda 4,86ca711a-c34b-47dc-826a-2145f28438a9,FINISHED,3fa9d9dc-64bd-46f4-95c4-310928c68d2c,14,2026-02-07T16:34:17.483Z,7d563de2-5e15-4952-b061-ade75031efec,9f936b49-9012-4b81-ba42-324cf1cc4cb2,2,1,0.0,,ecbd3d17-3219-4504-acd2-8c6581e75788,da4d183b-aede-448f-aad8-231ec4a32cfe,2,1.0,0.0,,False,True,da4d183b-aede-448f-aad8-231ec4a32cfe
IMW: Khazad Wrocław 2026,78daa7ea-5cff-4b08-8232-62ceba122249,Runda 4,86ca711a-c34b-47dc-826a-2145f28438a9,FINISHED,33c30101-9e5c-42ea-a0da-743dfb68cc8d,15,2026-02-07T16:34:17.483Z,22070a6b-18f3-4c39-821e-2dc7db1d47f1,a946ead4-d386-4d2f-b350-64a65f00e5e2,4,4,0.0,,b2538f8f-25cb-450d-b8b6-eed7f526fa80,4d2a70a2-c8e1-4ab9-a886-3a945d216f71,1,1.0,0.0,,True,False,a946ead4-d386-4d2f-b350-64a65f00e5e2
IMW: Khazad Wrocław 2026,78daa7ea-5cff-4b08-8232-62ceba122249,Runda 4,86ca711a-c34b-47dc-826a-2145f28438a9,FINISHED,b4015658-8abe-4a7d-8f72-28d298ab0cbd,16,2026-02-07T16:34:17.483Z,0bef4c16-1f5d-47a3-b11c-2e3ce11b36e3,d46af0a2-c60d-45ef-9286-540bdc4ee510,1,4,0.0,False,10c7a310-136f-4f0f-a436-0c9c1b6d9d4f,cd36b01c-87a1-47c9-b877-a65940b24b12,4,5.0,0.0,True,False,True,cd36b01c-87a1-47c9-b877-a65940b24b12
IMW: Khazad Wrocław 2026,78daa7ea-5cff-4b08-8232-62ceba122249,Runda 4,86ca711a-c34b-47dc-826a-2145f28438a9,FINISHED,9655b706-2ec0-4e96-96b1-dad856253310,17,2026-02-07T16:34:17.483Z,3f3948cc-f684-45b3-9059-3b6b0ec66b95,7783babb-c470-4763-80c7-8e6bd277ded8,5,10,0.0,False,59bdfab3-f66a-4cd9-a7f9-1da6e1028e08,f6f2e7ef-8125-4bd0-90cb-7e6220d6af31,0,5.0,0.0,True,False,True,f6f2e7ef-8125-4bd0-90cb-7e6220d6af31
IMW: Khazad Wrocław 2026,78daa7ea-5cff-4b08-8232-62ceba122249,Runda 4,86ca711a-c34b-47dc-826a-2145f28438a9,FINISHED,8b69ae7f-abb2-4c55-8553-ca55cd5ede8d,18,2026-02-07T16:34:17.483Z,a3ca8fd6-b501-4ac1-857d-09c23ef183b7,ef46c5bc-e9ab-450b-85f5-4b88323ef1b8,5,9,0.0,False,16692b0d-3ffc-499f-b4d0-f7aba9fc0193,a10c88af-658f-4dbe-bb23-533f04cdfa24,0,1.0,0.0,,True,False,ef46c5bc-e9ab-450b-85f5-4b88323ef1b8
IMW: Khazad Wrocław 2026,78daa7ea-5cff-4b08-8232-62ceba122249,Runda 4,86ca711a-c34b-47dc-826a-2145f28438a9,FINISHED,94e15c38-72b9-4713-becb-a85d95daef8a,19,2026-02-07T16:34:17.483Z,3887de9d-6dcf-471d-a97a-7f3e2d11a26f,55b3019a-a7e5-4c3c-9c51-0643513d2296,0,3,0.0,,97963032-427a-4ba0-9aae-bdac55f3dc32,a6bf8ed5-530f-4135-a0ca-0a34b5f352c0,5,12.0,0.0,True,False,True,a6bf8ed5-530f-4135-a0ca-0a34b5f352c0
IMW: Khazad Wrocław 2026,78daa7ea-5cff-4b08-8232-62ceba122249,Runda 4,86ca711a-c34b-47dc-826a-2145f28438a9,FINISHED,cd43a2a3-009a-4543-adf1-d2f28ec7f6e6,20,2026-02-07T16:34:17.483Z,01199c39-c103-4fb1-b103-a9796405d4f5,88eff5e1-e5fa-40df-ac60-dd5cb0c71bad,0,0,0.0,False,2c28a9ef-41a2-466b-be61-1e1d1232dafd,e0392558-e263-4874-b380-e33152fcecbe,5,9.0,0.0,False,False,True,e0392558-e263-4874-b380-e33152fcecbe
IMW: Khazad Wrocław 2026,78daa7ea-5cff-4b08-8232-62ceba122249,Runda 4,86ca711a-c34b-47dc-826a-2145f28438a9,FINISHED,67994ce8-b48a-4372-853b-394303e3d542,21,2026-02-07T16:34:17.483Z,33874fc7-a5c1-4abe-b18a-bfdd898e5eee,dd081a04-8bbb-4409-aed7-f6ceedf4d7d0,5,12,0.0,True,aa678220-8f2d-4db8-9893-38e5abae2058,a46fa07b-c714-4a45-88f8-742a13295b30,0,5.0,0.0,False,True,False,dd081a04-8bbb-4409-aed7-f6ceedf4d7d0
IMW: Khazad Wrocław 2026,78daa7ea-5cff-4b08-8232-62ceba122249,Runda 4,86ca711a-c34b-47dc-826a-2145f28438a9,FINISHED,438bc88b-d3b3-4bd1-8447-9ff7a35e66ec,22,2026-02-07T16:34:17.483Z,2dc4208d-f854-4325-90cf-e935ccd1ba21,5de541e0-dfa6-4c41-b224-90684a3b5e1c,5,16,0.0,True,436b342b-405d-470b-a795-eb8d3646aee2,f99a3381-e709-4e72-a4f6-e9f96240c428,0,0.0,0.0,True,True,False,5de541e0-dfa6-4c41-b224-90684a3b5e1c
IMW: Khazad Wrocław 2026,78daa7ea-5cff-4b08-8232-62ceba122249,Runda 4,86ca711a-c34b-47dc-826a-2145f28438a9,FINISHED,c8a560b8-0069-4b7a-b938-6ba9671a09c2,23,2026-02-07T16:34:17.483Z,49373927-2e62-4858-86b8-0f2b8209e71f,22a23162-8fd8-4dcc-833c-430aafa67491,2,6,0.0,True,85c0eb44-15b9-43e4-8859-eee60bdc737b,309de8ee-ad9e-4a87-911b-e3a5d480d491,2,6.0,0.0,,True,False,22a23162-8fd8-4dcc-833c-430aafa67491
IMW: Khazad Wrocław 2026,78daa7ea-5cff-4b08-8232-62ceba122249,Runda 4,86ca711a-c34b-47dc-826a-2145f28438a9,FINISHED,b8e4c603-d7bf-406b-8f58-e2487d38ccc1,24,2026-02-07T16:34:17.483Z,a21d7e2d-f513-40d6-bcf1-ba235e9ad54e,57cefe9a-fa1b-45a6-a166-3e94e0d12d49,1,5,0.0,True,bf9fde97-9266-40fd-af47-92c908dc6cdc,f5bcca05-14a2-4c47-8a81-379d5c4ee992,4,9.0,0.0,False,False,True,f5bcca05-14a2-4c47-8a81-379d5c4ee992
IMW: Khazad Wrocław 2026,78daa7ea-5cff-4b08-8232-62ceba122249,Runda 4,86ca711a-c34b-47dc-826a-2145f28438a9,FINISHED,c86d47b3-3f64-475f-a680-a034bbd56916,25,2026-02-07T16:34:17.483Z,1b1e4417-7389-42cf-b597-88088b92e6ff,beec30f8-4a47-431b-b7ed-e7f37e95bbbc,5,15,0.0,False,f36dcd66-0fa4-4a2a-8bf2-4e36720d5942,2f1215b6-dd3c-44cc-9604-ee8e4b42553c,0,1.0,0.0,False,True,False,beec30f8-4a47-431b-b7ed-e7f37e95bbbc
IMW: Khazad Wrocław 2026,78daa7ea-5cff-4b08-8232-62ceba122249,Runda 4,86ca711a-c34b-47dc-826a-2145f28438a9,FINISHED,96331115-d3c3-490c-84d8-684cea447b5f,26,2026-02-07T16:34:17.483Z,22ea6f9e-f622-4704-88cf-585902259096,fe2829dd-d3d5-4397-9c63-f65a285aba6e,5,5,0.0,True,fe93082d-3ef7-4976-b1e5-ecd719d9761e,bd51334f-700f-46ea-9801-7fa43e9c53d0,0,2.0,0.0,False,True,False,fe2829dd-d3d5-4397-9c63-f65a285aba6e
IMW: Khazad Wrocław 2026,78daa7ea-5cff-4b08-8232-62ceba122249,Runda 4,86ca711a-c34b-47dc-826a-2145f28438a9,FINISHED,6f308df9-f27c-4449-b061-66a356d4f5c7,27,2026-02-07T16:34:17.483Z,1634255b-a3a7-4279-af38-596f79221d03,4edd7b4a-f5e4-4136-9363-aa93d7e9b8e3,5,17,0.0,,9020fb06-0ae6-4ce7-8e17-9f6bf99237a6,7ca2b5ee-c648-4e98-bcba-50d159612ecc,0,0.0,0.0,False,True,False,4edd7b4a-f5e4-4136-9363-aa93d7e9b8e3
IMW: Khazad Wrocław 2026,78daa7ea-5cff-4b08-8232-62ceba122249,Runda 4,86ca711a-c34b-47dc-826a-2145f28438a9,FINISHED,8033752c-0545-47a1-a682-25cf17df008a,28,2026-02-07T16:34:17.483Z,80a70478-92ae-47b7-bfa5-7265d7dc52cd,0231b3c3-fb2b-4033-8dd3-bf98d9e29410,5,15,0.0,False,67ce22ff-a63a-4ca3-a434-a5c25f12184f,40eca01a-ba05-4c54-afa1-205dbb9e86dc,0,3.0,0.0,False,True,False,0231b3c3-fb2b-4033-8dd3-bf98d9e29410
IMW: Khazad Wrocław 2026,78daa7ea-5cff-4b08-8232-62ceba122249,Runda 4,86ca711a-c34b-47dc-826a-2145f28438a9,FINISHED,e05d6351-dc56-4444-b108-6024d31bc42c,29,2026-02-07T16:34:17.483Z,ee5b5ce2-bb2b-46df-bb87-46741ef06a5f,27e5fd8e-fc73-48f9-802e-3546fde22d25,2,0,0.0,True,7a840b15-fd61-4427-9abb-ca01a32fe1ed,bae5de7f-387f-4f91-b62a-1ceafdaab07d,2,0.0,0.0,False,True,False,27e5fd8e-fc73-48f9-802e-3546fde22d25
IMW: Khazad Wrocław 2026,78daa7ea-5cff-4b08-8232-62ceba122249,Runda 4,86ca711a-c34b-47dc-826a-2145f28438a9,FINISHED,35864ddf-57db-4f1c-bb90-a8fa9ceb94fa,30,2026-02-07T16:34:17.483Z,638d572f-c10c-4f51-b2eb-e281da6257ec,69a11808-e3ca-44e5-9ac0-e4d735625b21,0,2,0.0,,88d7131f-9c1c-4fc4-87ed-704c297945a1,9fa82917-385d-469e-84c0-8db3e5214cd5,5,8.0,0.0,True,False,True,9fa82917-385d-469e-84c0-8db3e5214cd5
IMW: Khazad Wrocław 2026,78daa7ea-5cff-4b08-8232-62ceba122249,Runda 4,86ca711a-c34b-47dc-826a-2145f28438a9,FINISHED,83da4df6-f922-4370-a26d-8fc41770effd,31,2026-02-07T16:34:17.483Z,81a039f3-6b37-4a3a-a08a-0734b04fd788,6bec13b2-87d9-4e6d-b7ca-06b9e90bf3ba,5,16,0.0,True,70ea18b9-5e26-44aa-bce1-62ecd3aff6c2,d7deccf7-cc03-46b4-a9a0-6e6e66317298,0,1.0,0.0,True,True,False,6bec13b2-87d9-4e6d-b7ca-06b9e90bf3ba
IMW: Khazad Wrocław 2026,78daa7ea-5cff-4b08-8232-62ceba122249,Runda 4,86ca711a-c34b-47dc-826a-2145f28438a9,FINISHED,be424281-a500-4c5d-9cb0-677232b911a2,32,2026-02-07T16:34:17.483Z,c83f006d-20aa-490a-973d-6eed1c2891a2,289932ee-6bb1-405e-b6d8-4ff67f3a7cbe,2,6,0.0,,910424a0-0c4c-4b71-bd15-93c0686fc190,cd905d3f-c042-479b-81f6-61d3ffcc713f,2,6.0,0.0,False,True,True,289932ee-6bb1-405e-b6d8-4ff67f3a7cbe
IMW: Khazad Wrocław 2026,78daa7ea-5cff-4b08-8232-62ceba122249,Runda 4,86ca711a-c34b-47dc-826a-2145f28438a9,FINISHED,d9151e72-139a-4dbd-b45f-31b68bd9f3b9,33,2026-02-07T16:34:17.483Z,00a651b5-a14d-4ae8-bb23-b95798f58256,a66f5a56-1f3b-4944-9a2b-040faa0061e5,5,9,0.0,True,d3083099-4475-4f66-9e31-b1cba7ba3e97,3da7c3c2-987d-408e-b093-18bfdeb2877a,0,3.0,0.0,False,True,False,a66f5a56-1f3b-4944-9a2b-040faa0061e5
IMW: Khazad Wrocław 2026,78daa7ea-5cff-4b08-8232-62ceba122249,Runda 4,86ca711a-c34b-47dc-826a-2145f28438a9,FINISHED,70dac27b-f8fd-4ab8-8743-ebfef7b6745e,34,2026-02-07T16:34:17.483Z,5b6a7fb4-c89a-49df-afd4-24f03ed525c4,72214086-3cc8-4fa1-8520-7a6de92529de,1,5,0.0,,783b1a71-4f2e-462b-bfc7-9f1cc56e41c7,224b8d3d-7e1f-4095-853a-088883879195,4,8.0,0.0,True,False,True,224b8d3d-7e1f-4095-853a-088883879195
IMW: Khazad Wrocław 2026,78daa7ea-5cff-4b08-8232-62ceba122249,Runda 4,86ca711a-c34b-47dc-826a-2145f28438a9,FINISHED,568a66cf-baa5-47d6-91fb-4e43534a24c5,35,2026-02-07T16:34:17.483Z,5c8ad4e2-1684-4d41-9050-4782f2780e9d,68c247ff-b8a7-490b-a867-ee772be81ab8,0,0,0.0,,fa8b8bd9-abc5-4e1d-9f60-41459e5f918d,e2d714cd-6b6f-42d3-a62d-ae0b293e4413,5,17.0,0.0,False,False,True,e2d714cd-6b6f-42d3-a62d-ae0b293e4413
IMW: Khazad Wrocław 2026,78daa7ea-5cff-4b08-8232-62ceba122249,Runda 4,86ca711a-c34b-47dc-826a-2145f28438a9,FINISHED,0906b0e3-1251-4c0d-906c-d63d6dbfbb14,36,2026-02-07T16:34:17.483Z,697db9ab-9f01-414a-a612-36ab7624fd55,3d9c2b85-855a-4af5-9786-5280365b2d7d,5,16,0.0,,8795a352-6356-4fc6-b8dc-d0c61c2f5f35,2a392470-f47d-4fff-a8b9-37d9cbbe2361,0,1.0,0.0,,True,False,3d9c2b85-855a-4af5-9786-5280365b2d7d
IMW: Khazad Wrocław 2026,78daa7ea-5cff-4b08-8232-62ceba122249,Runda 4,86ca711a-c34b-47dc-826a-2145f28438a9,FINISHED,cbcb4ccb-dd8c-44e1-bee7-c1d3901cb031,37,2026-02-07T16:41:06.316Z,24187dab-9c1a-4b8b-aaa2-311c830b0467,27c4c004-c8f1-436b-b449-0dbd8a0f08fa,0,2,0.0,,252ca7a6-b1ef-4a29-8aed-e24d9ddb3a33,c6592721-9d53-40f9-b982-0b08fab710b9,5,6.0,0.0,,False,True,c6592721-9d53-40f9-b982-0b08fab710b9
IMW: Khazad Wrocław 2026,78daa7ea-5cff-4b08-8232-62ceba122249,Runda 4,86ca711a-c34b-47dc-826a-2145f28438a9,FINISHED,64a192a7-b1c5-46cc-9373-1dc9c5a4bfe9,38,2026-02-07T16:34:17.483Z,2bd19bb7-8cab-47ff-9ebd-386185e90aaa,9d5bc521-d1ac-416e-952c-926b6aef9e60,4,3,0.0,True,de010513-736c-431e-8695-87133bcc2138,de5cbcdc-3bbc-430b-a716-53b4792437f9,1,0.0,0.0,False,True,False,9d5bc521-d1ac-416e-952c-926b6aef9e60
IMW: Khazad Wrocław 2026,78daa7ea-5cff-4b08-8232-62ceba122249,Runda 4,86ca711a-c34b-47dc-826a-2145f28438a9,FINISHED,6f471bf4-ea73-4029-b45c-10e9754fedc0,39,2026-02-07T16:34:17.483Z,bff65053-a2ed-4280-9cf1-e26bb77b6493,9c59dcd5-6271-489b-987b-5e49989ea486,5,5,0.0,,34cbfd17-7b60-4e6a-8ea9-d3dd644d835e,1a213d8f-2820-427b-b78e-13a82bce30a1,0,0.0,0.0,,True,False,9c59dcd5-6271-489b-987b-5e49989ea486
IMW: Khazad Wrocław 2026,78daa7ea-5cff-4b08-8232-62ceba122249,Runda 4,86ca711a-c34b-47dc-826a-2145f28438a9,FINISHED,c1879fff-2f76-4e94-9561-9214865772a9,40,2026-02-07T16:34:17.483Z,9f20620f-d6ae-4753-bd45-cf303ac9778b,40ebe707-6a6c-4a85-aff5-58b2d0493daa,0,1,0.0,False,9ef439bb-10a7-4600-9cdb-b9443f83c031,d69a27be-2cfc-4695-9551-250b26795a4f,5,9.0,0.0,,True,True,40ebe707-6a6c-4a85-aff5-58b2d0493daa
IMW: Khazad Wrocław 2026,78daa7ea-5cff-4b08-8232-62ceba122249,Runda 4,86ca711a-c34b-47dc-826a-2145f28438a9,FINISHED,9b1fe2bf-8be2-4d9f-b5e0-dd6c68c6010f,41,2026-02-07T16:34:17.483Z,55e1ce71-8d2e-4f2f-9816-05c1ad46ef72,4f58781a-8316-46cb-8bae-bed4018184ff,0,1,0.0,,f743fdd8-48d6-4b87-b8b4-a6125d9ad7ea,4a511f44-0b5e-4f86-b9ea-6db298859c11,5,14.0,0.0,False,False,True,4a511f44-0b5e-4f86-b9ea-6db298859c11
IMW: Khazad Wrocław 2026,78daa7ea-5cff-4b08-8232-62ceba122249,Runda 4,86ca711a-c34b-47dc-826a-2145f28438a9,FINISHED,b44b5701-0245-408e-8c87-9a6d1bf7122c,42,2026-02-07T16:34:17.483Z,aa6359f2-f8ad-4c1f-972e-497f94729453,6f6ad631-bb1c-4478-9430-700ff7e8271c,0,1,0.0,False,56b97d20-7427-4f1d-8e58-4763a3b1fd15,ad4836af-7b5d-4389-a937-446249ae3deb,5,15.0,0.0,False,True,False,6f6ad631-bb1c-4478-9430-700ff7e8271c
IMW: Khazad Wrocław 2026,78daa7ea-5cff-4b08-8232-62ceba122249,Runda 4,86ca711a-c34b-47dc-826a-2145f28438a9,FINISHED,d668b3af-660e-41ff-aa20-ecf53a9e248b,43,2026-02-07T16:34:17.483Z,632b29c5-aa65-47ab-b738-02eb1cf0a1b5,4f35155c-5106-464f-960a-2db734044a29,5,14,0.0,,68460b2a-2c79-4574-96a6-32f991ab1324,27aaf15d-3203-4338-954d-c58024f42a2b,0,1.0,0.0,,True,False,4f35155c-5106-464f-960a-2db734044a29
IMW: Khazad Wrocław 2026,78daa7ea-5cff-4b08-8232-62ceba122249,Runda 4,86ca711a-c34b-47dc-826a-2145f28438a9,FINISHED,e0b6260c-59f4-48ae-bda9-fabdb767f44d,44,2026-02-07T16:34:17.483Z,d20377eb-25d3-426d-8430-768ccb96c95a,ab63d4ea-e622-4b2d-8ad2-38b15679c94f,0,1,0.0,,a8139e6b-a120-4e6a-a43f-ef169dc910bc,337cf4cf-c3db-40f2-bccb-d9d98d3928b9,5,5.0,0.0,,False,True,337cf4cf-c3db-40f2-bccb-d9d98d3928b9
IMW: Khazad Wrocław 2026,78daa7ea-5cff-4b08-8232-62ceba122249,Runda 4,86ca711a-c34b-47dc-826a-2145f28438a9,FINISHED,bc7a3da7-825d-4e34-b692-4a00a1be29f4,45,2026-02-07T16:34:17.483Z,91bcc804-d4af-4a73-90e2-3c118e0b1e83,3eb83ac9-7653-45f3-bdcb-1afc3f540633,1,3,0.0,False,ed3d39ef-5301-4930-8721-b3db05907cde,6d76fd72-4dde-4033-a747-dbfcfaf62c81,4,5.0,0.0,True,False,True,6d76fd72-4dde-4033-a747-dbfcfaf62c81
IMW: Khazad Wrocław 2026,78daa7ea-5cff-4b08-8232-62ceba122249,Runda 4,86ca711a-c34b-47dc-826a-2145f28438a9,FINISHED,c7e722fc-b1e5-4a16-acb7-867a85a7a056,46,2026-02-07T16:34:17.483Z,f595960d-ad77-45b5-a9c7-5701ea9894f7,7b790eea-3a98-4741-9b30-c30e32fd3908,4,4,,,00fb823e-6bf7-4199-b6e1-677e43cbaa0f,fadee12e-74a5-412b-9a4c-4d3cd94e1d4c,1,,,,False,False,013435de-6dfa-4aa3-b660-b670b6a245e5
IMW: Khazad Wrocław 2026,78daa7ea-5cff-4b08-8232-62ceba122249,Runda 3 - Hierlooms ,9402d004-1a58-4512-a40f-76e534b846ba,FINISHED,a199b32e-8a79-426b-bd3f-cc204cc8e846,0,2026-02-07T13:00:22.294Z,3e0c0823-a439-4af6-abf4-b750c61091f0,62553300-be05-4e64-a57e-a9d7ea1b9e88,5,12,0.0,,a8af83cc-4015-49ee-9ae9-1b21fec5989b,76870d30-055b-4a89-a141-78ef032269f2,0,4.0,0.0,False,True,False,62553300-be05-4e64-a57e-a9d7ea1b9e88
IMW: Khazad Wrocław 2026,78daa7ea-5cff-4b08-8232-62ceba122249,Runda 3 - Hierlooms ,9402d004-1a58-4512-a40f-76e534b846ba,FINISHED,a7c92cd6-8242-4b2d-999c-f9673ceb1d24,1,2026-02-07T13:00:22.294Z,05b1f19a-c5cd-4091-8f2b-debed562a4d4,1279e92f-2cd2-4ab8-855a-9630a43d2c60,5,12,0.0,False,47f436cd-c7a4-4849-b272-d0b2be3dd762,e99aafd2-d310-49bd-b0d5-b12b6acd1600,0,4.0,0.0,,False,True,e99aafd2-d310-49bd-b0d5-b12b6acd1600
IMW: Khazad Wrocław 2026,78daa7ea-5cff-4b08-8232-62ceba122249,Runda 3 - Hierlooms ,9402d004-1a58-4512-a40f-76e534b846ba,FINISHED,0427d467-374a-41a6-89d0-2a900f3ef39e,2,2026-02-07T13:00:22.294Z,8fa963c8-4de2-4331-b65f-4cf2f432e68f,a15d42d2-401a-42d5-a0e7-e8f88c780302,0,3,0.0,True,8081f4ee-41cb-4fb5-b645-c50a0dd50764,3c31c04c-a1ca-4b00-92dc-d33f3841073e,5,11.0,0.0,,False,False,6dead819-2363-4244-ab43-933ee534235f
IMW: Khazad Wrocław 2026,78daa7ea-5cff-4b08-8232-62ceba122249,Runda 3 - Hierlooms ,9402d004-1a58-4512-a40f-76e534b846ba,FINISHED,02b3815d-00f9-4bb7-a46f-6af53bd73dbb,3,2026-02-07T13:00:22.294Z,2029e6da-0afd-4208-ad99-ac274c53b1a2,d1928738-701d-4759-abe9-ff1123a28015,5,13,0.0,True,189446bf-7eeb-4486-98b4-c6f3d024d995,9f936b49-9012-4b81-ba42-324cf1cc4cb2,0,3.0,0.0,,True,False,d1928738-701d-4759-abe9-ff1123a28015
IMW: Khazad Wrocław 2026,78daa7ea-5cff-4b08-8232-62ceba122249,Runda 3 - Hierlooms ,9402d004-1a58-4512-a40f-76e534b846ba,FINISHED,93503a2c-3781-4a72-8028-952fae9640b1,4,2026-02-07T13:00:22.294Z,15befbaa-07aa-45b0-afe0-0284b48a4472,97c5e5bc-7502-4f16-9c1b-53ead4fab5b2,5,17,0.0,False,b1ebfeb1-5823-41f9-a2cc-d5d57296e539,4d2a70a2-c8e1-4ab9-a886-3a945d216f71,0,3.0,0.0,,False,True,4d2a70a2-c8e1-4ab9-a886-3a945d216f71
IMW: Khazad Wrocław 2026,78daa7ea-5cff-4b08-8232-62ceba122249,Runda 3 - Hierlooms ,9402d004-1a58-4512-a40f-76e534b846ba,FINISHED,8838aa15-794b-4d65-bedb-cc5b3abb24c6,5,2026-02-07T13:00:22.294Z,f2340684-aa3b-4dfb-bf0c-b2207908380c,4e8fbce8-9600-4b61-af86-6731e366fce3,5,19,0.0,True,c0a119c1-02c9-439d-b80a-e4b86704b7ca,7783babb-c470-4763-80c7-8e6bd277ded8,0,1.0,0.0,True,True,False,4e8fbce8-9600-4b61-af86-6731e366fce3
IMW: Khazad Wrocław 2026,78daa7ea-5cff-4b08-8232-62ceba122249,Runda 3 - Hierlooms ,9402d004-1a58-4512-a40f-76e534b846ba,FINISHED,d45e8d9d-c6ef-4ae8-9514-6625668e8ab9,6,2026-02-07T13:00:22.294Z,5948de2c-5e15-4da0-bbf8-e7a9fb61f84b,d96af431-77bb-4909-bb15-61df62e81b15,5,2,0.0,,7b2ae365-ad85-475c-93c2-99e144e58c39,f6f2e7ef-8125-4bd0-90cb-7e6220d6af31,0,13.0,0.0,,True,False,d96af431-77bb-4909-bb15-61df62e81b15
IMW: Khazad Wrocław 2026,78daa7ea-5cff-4b08-8232-62ceba122249,Runda 3 - Hierlooms ,9402d004-1a58-4512-a40f-76e534b846ba,FINISHED,e46e90a1-7070-4d83-a21e-91d3ddf7e27d,7,2026-02-07T13:00:22.294Z,ec8544ad-191e-4aaf-b393-dffd86c86e8d,ef46c5bc-e9ab-450b-85f5-4b88323ef1b8,0,5,0.0,True,93b05118-541e-43ac-975c-ad4c5fb766b5,93cda88b-c976-4e61-8f65-9a5a5f1ecf7b,5,13.0,0.0,False,False,True,93cda88b-c976-4e61-8f65-9a5a5f1ecf7b
IMW: Khazad Wrocław 2026,78daa7ea-5cff-4b08-8232-62ceba122249,Runda 3 - Hierlooms ,9402d004-1a58-4512-a40f-76e534b846ba,FINISHED,7e0cd2de-4d73-4703-98e0-174a44645ef6,8,2026-02-07T13:00:22.294Z,74e114aa-662a-4b71-8851-7587165e311a,448193ff-e2b4-4650-898a-1dd8dc3fd5e1,5,11,0.0,,f1dcffaa-df26-4273-9e65-2a9dc32688e8,e0392558-e263-4874-b380-e33152fcecbe,0,0.0,0.0,,True,False,448193ff-e2b4-4650-898a-1dd8dc3fd5e1
IMW: Khazad Wrocław 2026,78daa7ea-5cff-4b08-8232-62ceba122249,Runda 3 - Hierlooms ,9402d004-1a58-4512-a40f-76e534b846ba,FINISHED,ca4c49c7-1772-4f10-8203-3765506c7c80,9,2026-02-07T13:00:22.294Z,d5dcd63c-cd0b-4f41-8bca-e3b9a67d1c51,88eff5e1-e5fa-40df-ac60-dd5cb0c71bad,0,3,0.0,,964e865e-9a3b-4eba-9eef-ab366344e6be,06621509-feb2-4ef5-9a05-31adb11d942c,5,10.0,0.0,,False,True,06621509-feb2-4ef5-9a05-31adb11d942c
IMW: Khazad Wrocław 2026,78daa7ea-5cff-4b08-8232-62ceba122249,Runda 3 - Hierlooms ,9402d004-1a58-4512-a40f-76e534b846ba,FINISHED,0ed064f6-0364-4a1d-8781-ace4e5e4c6c9,10,2026-02-07T13:00:22.294Z,e22e793f-9f74-45e3-ac0d-7ad344eb8c02,a46fa07b-c714-4a45-88f8-742a13295b30,0,1,0.0,False,1e4b9ceb-244b-47ae-9ed2-c0c483efcaee,5dd629bc-7618-4bd4-9b02-0c13fc7b7a34,5,17.0,0.0,False,False,True,5dd629bc-7618-4bd4-9b02-0c13fc7b7a34
IMW: Khazad Wrocław 2026,78daa7ea-5cff-4b08-8232-62ceba122249,Runda 3 - Hierlooms ,9402d004-1a58-4512-a40f-76e534b846ba,FINISHED,3a1571a5-ffe7-4084-a4b3-cf3435594cf4,11,2026-02-07T13:00:22.294Z,d1f4ee48-852d-4770-816b-d649a9a89ba0,22a23162-8fd8-4dcc-833c-430aafa67491,0,4,0.0,False,af7ed4c8-7615-438e-998f-58e09223b4bc,64a59e06-3985-4400-b26f-6528e57ac2d7,5,12.0,0.0,True,False,True,64a59e06-3985-4400-b26f-6528e57ac2d7
IMW: Khazad Wrocław 2026,78daa7ea-5cff-4b08-8232-62ceba122249,Runda 3 - Hierlooms ,9402d004-1a58-4512-a40f-76e534b846ba,FINISHED,05ef74c1-62ef-44bb-99d3-41f22976e241,12,2026-02-07T13:00:22.294Z,63401aca-5bf9-4258-80e7-90c74ef20393,f5bcca05-14a2-4c47-8a81-379d5c4ee992,0,5,0.0,True,e2c3a951-f0d8-4363-b1ce-bc06bc668610,9641c0c9-16e9-4bb7-a7f4-e73245f48db2,5,12.0,0.0,True,False,True,9641c0c9-16e9-4bb7-a7f4-e73245f48db2
IMW: Khazad Wrocław 2026,78daa7ea-5cff-4b08-8232-62ceba122249,Runda 3 - Hierlooms ,9402d004-1a58-4512-a40f-76e534b846ba,FINISHED,e707e901-2e20-415e-88f3-ea87dd06ec88,13,2026-02-07T13:00:22.294Z,565b6343-10d7-4284-a46e-a70b0ffd40e5,4edd7b4a-f5e4-4136-9363-aa93d7e9b8e3,0,0,0.0,,37d285a2-d7ba-41ff-aabc-dadd8de8c540,21c12fb0-4289-4df3-8bad-f18c2a49fd0d,5,9.0,0.0,False,False,True,21c12fb0-4289-4df3-8bad-f18c2a49fd0d
IMW: Khazad Wrocław 2026,78daa7ea-5cff-4b08-8232-62ceba122249,Runda 3 - Hierlooms ,9402d004-1a58-4512-a40f-76e534b846ba,FINISHED,c14a82e4-0c62-422d-ad16-8295ad6f22ad,14,2026-02-07T13:00:22.294Z,856100ad-5320-41ee-8e92-124bfe2ad8b2,fe2829dd-d3d5-4397-9c63-f65a285aba6e,0,3,0.0,True,02740825-ad52-41d0-b8e7-a8160034fa5d,9f900a16-db8e-4406-b310-dd395a134112,5,12.0,0.0,,True,False,fe2829dd-d3d5-4397-9c63-f65a285aba6e
IMW: Khazad Wrocław 2026,78daa7ea-5cff-4b08-8232-62ceba122249,Runda 3 - Hierlooms ,9402d004-1a58-4512-a40f-76e534b846ba,FINISHED,f7498e42-a3a4-4337-9050-88c32bda1a26,15,2026-02-07T13:00:22.294Z,908f32ca-e4ac-449f-9ab4-0af619575700,2f1215b6-dd3c-44cc-9604-ee8e4b42553c,0,6,0.0,False,269b58b0-c07e-4f33-9862-05da23b37002,18126e31-d169-4a78-b141-b61b9856d41c,5,12.0,0.0,True,False,True,18126e31-d169-4a78-b141-b61b9856d41c
IMW: Khazad Wrocław 2026,78daa7ea-5cff-4b08-8232-62ceba122249,Runda 3 - Hierlooms ,9402d004-1a58-4512-a40f-76e534b846ba,FINISHED,ef6d8f37-35f7-4206-90a2-3793d7a155ca,16,2026-02-07T13:00:22.294Z,3c92647a-8ffd-4aa4-90d6-07c7ac4e57e9,71f045ad-ce24-4e8b-865a-1dc0f634a42d,5,14,0.0,False,a48ab2c6-de1a-48a8-81c2-354ee5eb75b5,40eca01a-ba05-4c54-afa1-205dbb9e86dc,0,4.0,0.0,True,True,False,71f045ad-ce24-4e8b-865a-1dc0f634a42d
IMW: Khazad Wrocław 2026,78daa7ea-5cff-4b08-8232-62ceba122249,Runda 3 - Hierlooms ,9402d004-1a58-4512-a40f-76e534b846ba,FINISHED,a489a93c-3107-4e0e-8c98-a4ecd637c06c,17,2026-02-07T13:00:22.294Z,aab7522c-7a3c-4622-b320-b0a7cc9fd199,457f9c1a-0e9a-4c0e-ae41-7f00e3646fba,5,10,0.0,False,787a6b4c-1626-465e-9741-32f3fa3de79f,bae5de7f-387f-4f91-b62a-1ceafdaab07d,0,4.0,0.0,True,True,False,457f9c1a-0e9a-4c0e-ae41-7f00e3646fba
IMW: Khazad Wrocław 2026,78daa7ea-5cff-4b08-8232-62ceba122249,Runda 3 - Hierlooms ,9402d004-1a58-4512-a40f-76e534b846ba,FINISHED,e95757fc-92e4-4638-b5b3-924294dbb16c,18,2026-02-07T13:00:22.294Z,13746c42-079e-485f-a4d4-ffbca0b0a392,69a11808-e3ca-44e5-9ac0-e4d735625b21,0,3,0.0,,277d4e98-b5b1-4dda-aa93-4e46d4cc2d5c,9357ea2e-af38-453d-9c2f-b828d5ccdfb6,5,17.0,0.0,True,False,True,9357ea2e-af38-453d-9c2f-b828d5ccdfb6
IMW: Khazad Wrocław 2026,78daa7ea-5cff-4b08-8232-62ceba122249,Runda 3 - Hierlooms ,9402d004-1a58-4512-a40f-76e534b846ba,FINISHED,5b18bc80-6aa6-4c52-8f7d-71ee834ef94d,19,2026-02-07T13:00:22.294Z,98eafaa7-97cc-4a59-82ca-8de7a8f95f96,beec30f8-4a47-431b-b7ed-e7f37e95bbbc,1,7,0.0,True,c20d8e96-9b74-4af7-9cda-6685806fe1b1,a10c88af-658f-4dbe-bb23-533f04cdfa24,4,11.0,0.0,,False,True,a10c88af-658f-4dbe-bb23-533f04cdfa24
IMW: Khazad Wrocław 2026,78daa7ea-5cff-4b08-8232-62ceba122249,Runda 3 - Hierlooms ,9402d004-1a58-4512-a40f-76e534b846ba,FINISHED,b8c672d4-352a-4e2e-b2a8-9cdec3abf05d,20,2026-02-07T13:00:22.294Z,34e224d8-a4ff-432f-b536-a685481fff13,a5f615bb-a42a-4084-98e7-426a4b15d6ac,5,15,0.0,,2f66f1d8-8809-4cd9-8d59-434233671331,9fa82917-385d-469e-84c0-8db3e5214cd5,0,5.0,0.0,,True,False,a5f615bb-a42a-4084-98e7-426a4b15d6ac
IMW: Khazad Wrocław 2026,78daa7ea-5cff-4b08-8232-62ceba122249,Runda 3 - Hierlooms ,9402d004-1a58-4512-a40f-76e534b846ba,FINISHED,3f63b99d-ce85-4b28-9670-9325e29f819e,21,2026-02-07T13:00:22.294Z,8dc9c654-a542-48a7-8076-896024f77ae8,fb859afc-1d55-4d43-b4dd-1893900f13e6,5,11,0.0,False,c05035cc-fddb-4167-8540-5daba8a8448e,6bec13b2-87d9-4e6d-b7ca-06b9e90bf3ba,0,5.0,0.0,False,True,False,fb859afc-1d55-4d43-b4dd-1893900f13e6
IMW: Khazad Wrocław 2026,78daa7ea-5cff-4b08-8232-62ceba122249,Runda 3 - Hierlooms ,9402d004-1a58-4512-a40f-76e534b846ba,FINISHED,609f9312-56a4-468f-99b0-3154e99e15bf,22,2026-02-07T13:00:22.294Z,c344144a-c485-46c5-93a8-52f95df55bcb,bd51334f-700f-46ea-9801-7fa43e9c53d0,1,6,0.0,False,b3635069-6f89-4ee2-a410-204b0465ea49,a6bf8ed5-530f-4135-a0ca-0a34b5f352c0,4,10.0,0.0,False,False,True,a6bf8ed5-530f-4135-a0ca-0a34b5f352c0
IMW: Khazad Wrocław 2026,78daa7ea-5cff-4b08-8232-62ceba122249,Runda 3 - Hierlooms ,9402d004-1a58-4512-a40f-76e534b846ba,FINISHED,1f5c2cb1-4b96-4b0b-9c91-14c5ed2c6880,23,2026-02-07T13:00:22.294Z,62f6e9e9-0340-47ef-a6d9-70e74844c750,3723b773-cadb-46d3-8758-e1260476e981,5,14,0.0,False,d591dd9a-2a67-44bf-b4ae-1134db820a36,cd905d3f-c042-479b-81f6-61d3ffcc713f,0,5.0,0.0,False,True,False,3723b773-cadb-46d3-8758-e1260476e981
IMW: Khazad Wrocław 2026,78daa7ea-5cff-4b08-8232-62ceba122249,Runda 3 - Hierlooms ,9402d004-1a58-4512-a40f-76e534b846ba,FINISHED,3da7b962-3f05-4433-a6d7-60838f65722f,24,2026-02-07T13:00:22.294Z,52707a46-50a1-407a-b1d2-ba17509ceaf6,2cfad443-8847-46de-a012-26ce9c087035,5,15,0.0,True,391b9547-df88-411e-98f0-f30a15a04925,d7deccf7-cc03-46b4-a9a0-6e6e66317298,0,5.0,0.0,True,True,False,2cfad443-8847-46de-a012-26ce9c087035
IMW: Khazad Wrocław 2026,78daa7ea-5cff-4b08-8232-62ceba122249,Runda 3 - Hierlooms ,9402d004-1a58-4512-a40f-76e534b846ba,FINISHED,325c466f-a2c6-4006-aecc-0e330ddc7733,25,2026-02-07T13:00:22.294Z,44ed10f9-b3ce-4352-a1e4-5132838373dc,a946ead4-d386-4d2f-b350-64a65f00e5e2,5,10,0.0,,a3e2ab97-8dcb-4219-8a54-9632e62b1a41,224b8d3d-7e1f-4095-853a-088883879195,0,2.0,0.0,True,True,False,a946ead4-d386-4d2f-b350-64a65f00e5e2
IMW: Khazad Wrocław 2026,78daa7ea-5cff-4b08-8232-62ceba122249,Runda 3 - Hierlooms ,9402d004-1a58-4512-a40f-76e534b846ba,FINISHED,5b0e4edd-bb47-4e13-9685-ce3fd17a6678,26,2026-02-07T13:00:22.294Z,e4d25ef8-9b6c-444a-8621-361d43dc92cf,da4d183b-aede-448f-aad8-231ec4a32cfe,5,13,0.0,,8e64ffb0-fa1e-4602-8194-57a47767a7b8,3d9c2b85-855a-4af5-9786-5280365b2d7d,0,2.0,0.0,,True,False,da4d183b-aede-448f-aad8-231ec4a32cfe
IMW: Khazad Wrocław 2026,78daa7ea-5cff-4b08-8232-62ceba122249,Runda 3 - Hierlooms ,9402d004-1a58-4512-a40f-76e534b846ba,FINISHED,85a6eaa1-0706-44c1-ac78-72580c8db9a9,27,2026-02-07T13:00:22.294Z,520851f2-baa8-497a-b868-59ea03589f7d,c6592721-9d53-40f9-b982-0b08fab710b9,0,1,0.0,,b1a27568-ff45-43d2-82b0-3a5a5398b10a,20a238b0-37e6-400b-a2a1-20935ab4cc00,5,16.0,0.0,False,False,False,6dead819-2363-4244-ab43-933ee534235f
IMW: Khazad Wrocław 2026,78daa7ea-5cff-4b08-8232-62ceba122249,Runda 3 - Hierlooms ,9402d004-1a58-4512-a40f-76e534b846ba,FINISHED,d7b8fb6c-4736-4312-a0cb-4dca1c68d594,28,2026-02-07T13:00:22.294Z,08b3cf84-ff6e-44b8-ae0a-e37f2d586527,e2d714cd-6b6f-42d3-a62d-ae0b293e4413,0,4,0.0,True,6b2e0542-cce5-4074-9264-dae55f9c5eb6,cd36b01c-87a1-47c9-b877-a65940b24b12,5,11.0,0.0,False,False,True,cd36b01c-87a1-47c9-b877-a65940b24b12
IMW: Khazad Wrocław 2026,78daa7ea-5cff-4b08-8232-62ceba122249,Runda 3 - Hierlooms ,9402d004-1a58-4512-a40f-76e534b846ba,FINISHED,cdc23327-e898-41a6-aed1-cef45876f370,29,2026-02-07T13:00:22.294Z,f9ecb15a-ace5-4897-81a0-b75d60479c44,056f7659-8cee-46ca-a3ef-c14448a93dc3,5,19,0.0,True,2f0d9618-9c0e-43aa-bb60-e4fe871f306c,9d5bc521-d1ac-416e-952c-926b6aef9e60,0,3.0,0.0,True,True,False,056f7659-8cee-46ca-a3ef-c14448a93dc3
IMW: Khazad Wrocław 2026,78daa7ea-5cff-4b08-8232-62ceba122249,Runda 3 - Hierlooms ,9402d004-1a58-4512-a40f-76e534b846ba,FINISHED,dc630a7c-63fc-4d37-9db3-c10647cda25c,30,2026-02-07T13:00:22.294Z,3c50c279-3196-4d08-8892-51cc6689cb22,d46af0a2-c60d-45ef-9286-540bdc4ee510,5,15,0.0,,fd3348a9-0f45-4ba7-82d3-ab7c0e348d44,de5cbcdc-3bbc-430b-a716-53b4792437f9,0,3.0,0.0,,False,True,de5cbcdc-3bbc-430b-a716-53b4792437f9
IMW: Khazad Wrocław 2026,78daa7ea-5cff-4b08-8232-62ceba122249,Runda 3 - Hierlooms ,9402d004-1a58-4512-a40f-76e534b846ba,FINISHED,b1666aae-64a3-4d3a-a876-d0af4bf3384f,31,2026-02-07T13:00:22.294Z,0424bf1b-999b-40ec-b617-81f812963c6b,f99a3381-e709-4e72-a4f6-e9f96240c428,4,8,0.0,True,5c4f1dd0-8247-4a3f-8a53-66d58f852e45,68c247ff-b8a7-490b-a867-ee772be81ab8,1,6.0,0.0,,True,False,f99a3381-e709-4e72-a4f6-e9f96240c428
IMW: Khazad Wrocław 2026,78daa7ea-5cff-4b08-8232-62ceba122249,Runda 3 - Hierlooms ,9402d004-1a58-4512-a40f-76e534b846ba,FINISHED,545e0583-5e4f-4e77-90a0-4204d0425c60,32,2026-02-07T13:00:22.294Z,0710708f-18f7-412e-b46e-51dc5c9b16b3,9c59dcd5-6271-489b-987b-5e49989ea486,0,3,0.0,,b3096eb8-2acd-4d07-a32d-4a079ef8b4fa,55b3019a-a7e5-4c3c-9c51-0643513d2296,5,17.0,0.0,,False,True,55b3019a-a7e5-4c3c-9c51-0643513d2296
IMW: Khazad Wrocław 2026,78daa7ea-5cff-4b08-8232-62ceba122249,Runda 3 - Hierlooms ,9402d004-1a58-4512-a40f-76e534b846ba,FINISHED,7f8d2372-f104-4ba9-9af5-2e90ac6d09f9,33,2026-02-07T13:00:22.294Z,4b2b99e0-0501-475d-b43d-eb3b8713598a,5de541e0-dfa6-4c41-b224-90684a3b5e1c,4,11,0.0,True,4b371849-1b8d-4fdd-b1a1-87ed39750ab6,3da7c3c2-987d-408e-b093-18bfdeb2877a,1,9.0,0.0,False,False,True,3da7c3c2-987d-408e-b093-18bfdeb2877a
IMW: Khazad Wrocław 2026,78daa7ea-5cff-4b08-8232-62ceba122249,Runda 3 - Hierlooms ,9402d004-1a58-4512-a40f-76e534b846ba,FINISHED,ecbac089-6f86-4eb9-aa78-a2d6f74cd779,34,2026-02-07T13:00:22.294Z,cf2e56fc-f537-4822-b46a-e91027f13ca5,dd081a04-8bbb-4409-aed7-f6ceedf4d7d0,5,14,0.0,True,8a7a0e41-5d11-4206-ab19-6b9bfbf072ef,fadee12e-74a5-412b-9a4c-4d3cd94e1d4c,0,3.0,0.0,,True,False,dd081a04-8bbb-4409-aed7-f6ceedf4d7d0
IMW: Khazad Wrocław 2026,78daa7ea-5cff-4b08-8232-62ceba122249,Runda 3 - Hierlooms ,9402d004-1a58-4512-a40f-76e534b846ba,FINISHED,90c3a8c4-cd1f-44ba-b751-4eb69ffad0d1,35,2026-02-07T13:00:22.294Z,0ef5c80f-c4ff-4828-8a02-1339a4249c17,309de8ee-ad9e-4a87-911b-e3a5d480d491,5,16,0.0,,1359c42b-0640-424a-ae63-67677fc73ad2,4a511f44-0b5e-4f86-b9ea-6db298859c11,0,0.0,0.0,True,False,True,4a511f44-0b5e-4f86-b9ea-6db298859c11
IMW: Khazad Wrocław 2026,78daa7ea-5cff-4b08-8232-62ceba122249,Runda 3 - Hierlooms ,9402d004-1a58-4512-a40f-76e534b846ba,FINISHED,a6402035-d7cf-4ab0-b58e-27f3ce7fdbd9,36,2026-02-07T13:00:22.294Z,b4bacb23-8ba5-48ef-a5f3-68ca722fde2c,57cefe9a-fa1b-45a6-a166-3e94e0d12d49,5,18,0.0,False,ae079b3c-e0fd-4a5e-878d-91283f9c71d6,6f6ad631-bb1c-4478-9430-700ff7e8271c,0,2.0,0.0,True,True,False,57cefe9a-fa1b-45a6-a166-3e94e0d12d49
IMW: Khazad Wrocław 2026,78daa7ea-5cff-4b08-8232-62ceba122249,Runda 3 - Hierlooms ,9402d004-1a58-4512-a40f-76e534b846ba,FINISHED,1e5fb502-8d45-4a96-b5c3-4cf90b36947c,37,2026-02-07T13:00:22.294Z,41f05270-bd17-4c56-9c00-ff64cde1e88f,7ca2b5ee-c648-4e98-bcba-50d159612ecc,5,12,0.0,False,70828897-732e-4a1c-a95b-074d73cffd31,4f35155c-5106-464f-960a-2db734044a29,0,2.0,0.0,,False,True,4f35155c-5106-464f-960a-2db734044a29
IMW: Khazad Wrocław 2026,78daa7ea-5cff-4b08-8232-62ceba122249,Runda 3 - Hierlooms ,9402d004-1a58-4512-a40f-76e534b846ba,FINISHED,62330cca-34f9-49b9-8c18-9eabc392e6f0,38,2026-02-07T13:00:22.294Z,2ff3856e-76a6-4e0e-8293-7a95827d42db,27e5fd8e-fc73-48f9-802e-3546fde22d25,5,10,0.0,False,1919d77c-3d35-4e40-85a4-fb39041b7273,ad4836af-7b5d-4389-a937-446249ae3deb,0,4.0,0.0,False,False,True,ad4836af-7b5d-4389-a937-446249ae3deb
IMW: Khazad Wrocław 2026,78daa7ea-5cff-4b08-8232-62ceba122249,Runda 3 - Hierlooms ,9402d004-1a58-4512-a40f-76e534b846ba,FINISHED,c8d394fa-d922-4cab-a1d7-6e5ec71464cc,39,2026-02-07T13:00:22.294Z,cb4fe605-1cf5-4c7d-af88-145c896c2c98,72214086-3cc8-4fa1-8520-7a6de92529de,4,10,0.0,,4f244626-cdfe-48a9-a62e-845d17c5c5bd,4f58781a-8316-46cb-8bae-bed4018184ff,1,7.0,0.0,,True,False,72214086-3cc8-4fa1-8520-7a6de92529de
IMW: Khazad Wrocław 2026,78daa7ea-5cff-4b08-8232-62ceba122249,Runda 3 - Hierlooms ,9402d004-1a58-4512-a40f-76e534b846ba,FINISHED,83f0ccdc-647e-4dda-a0a0-2a773b8c1bc7,40,2026-02-07T13:00:22.294Z,ad7e7f5c-e21c-4b67-88a6-400acb328936,0231b3c3-fb2b-4033-8dd3-bf98d9e29410,5,17,0.0,False,556f1e39-44ea-4488-92b9-d367bd61476e,337cf4cf-c3db-40f2-bccb-d9d98d3928b9,0,0.0,0.0,False,True,False,0231b3c3-fb2b-4033-8dd3-bf98d9e29410
IMW: Khazad Wrocław 2026,78daa7ea-5cff-4b08-8232-62ceba122249,Runda 3 - Hierlooms ,9402d004-1a58-4512-a40f-76e534b846ba,FINISHED,e743ac05-84dc-4dd4-a54c-9e899705b2f9,41,2026-02-07T13:00:22.294Z,0e930f24-6d92-43e4-b8fb-e27979249514,289932ee-6bb1-405e-b6d8-4ff67f3a7cbe,5,13,0.0,,b524f117-ac4d-4de2-9659-b894ccec00c0,6d76fd72-4dde-4033-a747-dbfcfaf62c81,0,3.0,0.0,True,True,False,289932ee-6bb1-405e-b6d8-4ff67f3a7cbe
IMW: Khazad Wrocław 2026,78daa7ea-5cff-4b08-8232-62ceba122249,Runda 3 - Hierlooms ,9402d004-1a58-4512-a40f-76e534b846ba,FINISHED,6b51004e-9587-4fde-a999-e5fd98ad785b,42,2026-02-07T13:00:22.294Z,c101fad8-135c-40d9-aa9f-4a78ccb6a877,3eb83ac9-7653-45f3-bdcb-1afc3f540633,0,4,0.0,False,a9900863-7e8a-4405-82ef-befbf026ee3b,a66f5a56-1f3b-4944-9a2b-040faa0061e5,5,16.0,0.0,True,False,True,a66f5a56-1f3b-4944-9a2b-040faa0061e5
IMW: Khazad Wrocław 2026,78daa7ea-5cff-4b08-8232-62ceba122249,Runda 3 - Hierlooms ,9402d004-1a58-4512-a40f-76e534b846ba,FINISHED,ab685b34-eebc-4e3b-bcb2-6925e7c78ac1,43,2026-02-07T13:00:22.294Z,2218ca9f-ddce-493d-8c45-1a99414e9975,27aaf15d-3203-4338-954d-c58024f42a2b,1,7,0.0,,e77c94be-5bc4-4be7-89f7-308e2f0f8913,1a213d8f-2820-427b-b78e-13a82bce30a1,4,11.0,0.0,,False,True,1a213d8f-2820-427b-b78e-13a82bce30a1
IMW: Khazad Wrocław 2026,78daa7ea-5cff-4b08-8232-62ceba122249,Runda 3 - Hierlooms ,9402d004-1a58-4512-a40f-76e534b846ba,FINISHED,d2f465b3-54ba-4718-9fad-c772a630015c,44,2026-02-07T13:00:22.294Z,43320d6b-f892-4256-b72f-ef5401a2a697,27c4c004-c8f1-436b-b449-0dbd8a0f08fa,5,12,0.0,,1b449139-6632-423b-94e8-666d29fc8d80,7b790eea-3a98-4741-9b30-c30e32fd3908,0,5.0,0.0,False,False,True,7b790eea-3a98-4741-9b30-c30e32fd3908
IMW: Khazad Wrocław 2026,78daa7ea-5cff-4b08-8232-62ceba122249,Runda 3 - Hierlooms ,9402d004-1a58-4512-a40f-76e534b846ba,FINISHED,043239a5-1ea1-4348-af1a-5665335f6723,45,2026-02-07T13:00:22.294Z,4bf3386c-bead-4d45-8daa-1311410d3248,d69a27be-2cfc-4695-9551-250b26795a4f,0,1,0.0,,79b1b7d2-05b5-47ed-b753-4c6a77e11b6b,2a392470-f47d-4fff-a8b9-37d9cbbe2361,5,13.0,0.0,True,False,True,2a392470-f47d-4fff-a8b9-37d9cbbe2361
IMW: Khazad Wrocław 2026,78daa7ea-5cff-4b08-8232-62ceba122249,Runda 3 - Hierlooms ,9402d004-1a58-4512-a40f-76e534b846ba,FINISHED,6594d56d-ebdb-428b-9be5-10018e0856a2,46,2026-02-07T13:00:22.294Z,c8dc316c-20ad-4f80-af6d-420de90d399a,40ebe707-6a6c-4a85-aff5-58b2d0493daa,4,3,0.0,True,c626762d-f577-4605-b2c1-9792ad8ca075,ab63d4ea-e622-4b2d-8ad2-38b15679c94f,1,7.0,0.0,True,True,False,40ebe707-6a6c-4a85-aff5-58b2d0493daa
IMW: Khazad Wrocław 2026,78daa7ea-5cff-4b08-8232-62ceba122249,Runda 2 CAPTURE AND CONTROL,2236ad9f-e7ec-462d-9d8d-a8ddde3e0594,FINISHED,74a4f47f-1a6d-4dc4-bbc9-43a91730507f,0,2026-02-07T10:30:06.336Z,b2e2f919-d517-4d02-bb17-b5ee28f6f538,9641c0c9-16e9-4bb7-a7f4-e73245f48db2,1,4,0.0,True,39500867-78d9-43df-a157-1d15c96d0e97,93cda88b-c976-4e61-8f65-9a5a5f1ecf7b,4,7.0,0.0,True,False,True,93cda88b-c976-4e61-8f65-9a5a5f1ecf7b
IMW: Khazad Wrocław 2026,78daa7ea-5cff-4b08-8232-62ceba122249,Runda 2 CAPTURE AND CONTROL,2236ad9f-e7ec-462d-9d8d-a8ddde3e0594,FINISHED,319df651-6e02-4a48-b8ab-10be273bd8f0,1,2026-02-07T10:30:06.336Z,bbb44ab0-6e2b-4cee-9b6d-718d720fe8cd,62553300-be05-4e64-a57e-a9d7ea1b9e88,5,15,0.0,,2be94c72-d11d-410b-9b92-7abd179c6d15,bd51334f-700f-46ea-9801-7fa43e9c53d0,0,0.0,0.0,False,True,False,62553300-be05-4e64-a57e-a9d7ea1b9e88
IMW: Khazad Wrocław 2026,78daa7ea-5cff-4b08-8232-62ceba122249,Runda 2 CAPTURE AND CONTROL,2236ad9f-e7ec-462d-9d8d-a8ddde3e0594,FINISHED,9c0a4607-05ed-4e5e-b1c0-b732d515f80b,2,2026-02-07T10:30:06.336Z,c2325661-64e2-41d4-8c8e-ea84d0b8e893,beec30f8-4a47-431b-b7ed-e7f37e95bbbc,0,3,0.0,False,3403f999-3073-42bc-b538-0c941ae22460,76870d30-055b-4a89-a141-78ef032269f2,5,15.0,0.0,False,False,True,76870d30-055b-4a89-a141-78ef032269f2
IMW: Khazad Wrocław 2026,78daa7ea-5cff-4b08-8232-62ceba122249,Runda 2 CAPTURE AND CONTROL,2236ad9f-e7ec-462d-9d8d-a8ddde3e0594,FINISHED,b02cdd3c-7582-46ee-b706-3a0e1db39e16,3,2026-02-07T10:30:06.336Z,b013b4ff-9245-42f0-a885-724b7382f50b,f5bcca05-14a2-4c47-8a81-379d5c4ee992,1,7,0.0,True,96adf231-dbad-46fe-bd0b-e762c4376018,f6f2e7ef-8125-4bd0-90cb-7e6220d6af31,4,11.0,0.0,True,False,True,f6f2e7ef-8125-4bd0-90cb-7e6220d6af31
IMW: Khazad Wrocław 2026,78daa7ea-5cff-4b08-8232-62ceba122249,Runda 2 CAPTURE AND CONTROL,2236ad9f-e7ec-462d-9d8d-a8ddde3e0594,FINISHED,68b704e2-5797-4e97-a69d-c344b5cd5d2c,4,2026-02-07T10:30:06.336Z,20fe8d89-a423-4a96-b823-75e6d37878f4,a5f615bb-a42a-4084-98e7-426a4b15d6ac,0,2,0.0,True,b0d3101e-212c-4e1f-8959-94c20b7a7349,1279e92f-2cd2-4ab8-855a-9630a43d2c60,5,15.0,0.0,False,False,True,1279e92f-2cd2-4ab8-855a-9630a43d2c60
IMW: Khazad Wrocław 2026,78daa7ea-5cff-4b08-8232-62ceba122249,Runda 2 CAPTURE AND CONTROL,2236ad9f-e7ec-462d-9d8d-a8ddde3e0594,FINISHED,911f1384-ea04-4eda-a281-a40c3a1c9141,5,2026-02-07T10:30:06.336Z,079cb435-f619-4cb8-b082-333af7b024cf,9f936b49-9012-4b81-ba42-324cf1cc4cb2,5,11,0.0,,ed1eae15-382e-40e2-b4b4-a37f2b2e66da,6bec13b2-87d9-4e6d-b7ca-06b9e90bf3ba,0,3.0,0.0,True,True,False,9f936b49-9012-4b81-ba42-324cf1cc4cb2
IMW: Khazad Wrocław 2026,78daa7ea-5cff-4b08-8232-62ceba122249,Runda 2 CAPTURE AND CONTROL,2236ad9f-e7ec-462d-9d8d-a8ddde3e0594,FINISHED,41c600d0-9ce3-44d5-8cd2-f71df7b2768c,6,2026-02-07T10:30:06.336Z,671c22ff-cc0e-420b-8c9c-9ccacf2d2799,d1928738-701d-4759-abe9-ff1123a28015,5,12,0.0,False,a141c7b6-4cb1-4154-b41d-1d52abd68bb3,fb859afc-1d55-4d43-b4dd-1893900f13e6,0,5.0,0.0,False,True,False,d1928738-701d-4759-abe9-ff1123a28015
IMW: Khazad Wrocław 2026,78daa7ea-5cff-4b08-8232-62ceba122249,Runda 2 CAPTURE AND CONTROL,2236ad9f-e7ec-462d-9d8d-a8ddde3e0594,FINISHED,16043284-8e98-49fc-a6a5-2b1e1a49e8f1,7,2026-02-07T10:30:06.336Z,bbbfed2d-fb7f-4af1-8d61-c5a2f80956c7,d7deccf7-cc03-46b4-a9a0-6e6e66317298,0,3,0.0,True,d831ed51-8578-483a-8b4a-d79892b9b59b,e99aafd2-d310-49bd-b0d5-b12b6acd1600,5,17.0,0.0,,False,True,e99aafd2-d310-49bd-b0d5-b12b6acd1600
IMW: Khazad Wrocław 2026,78daa7ea-5cff-4b08-8232-62ceba122249,Runda 2 CAPTURE AND CONTROL,2236ad9f-e7ec-462d-9d8d-a8ddde3e0594,FINISHED,9a1ca997-3732-4a1d-81b4-92822042515f,8,2026-02-07T10:30:06.336Z,b1940590-2749-4dda-8c30-897a534f95dd,06621509-feb2-4ef5-9a05-31adb11d942c,4,9,0.0,,91415796-2d4d-48ea-8748-98e8fe4c1133,9f900a16-db8e-4406-b310-dd395a134112,1,6.0,0.0,,True,False,06621509-feb2-4ef5-9a05-31adb11d942c
IMW: Khazad Wrocław 2026,78daa7ea-5cff-4b08-8232-62ceba122249,Runda 2 CAPTURE AND CONTROL,2236ad9f-e7ec-462d-9d8d-a8ddde3e0594,FINISHED,f34b4e18-23e7-4beb-948b-297073b83940,9,2026-02-07T10:30:06.336Z,6b011686-6deb-4951-9e94-e4268c23214d,2f1215b6-dd3c-44cc-9604-ee8e4b42553c,1,7,0.0,True,cd1981cb-111e-4110-a264-a872c76cb6f5,88eff5e1-e5fa-40df-ac60-dd5cb0c71bad,4,10.0,0.0,True,False,True,88eff5e1-e5fa-40df-ac60-dd5cb0c71bad
IMW: Khazad Wrocław 2026,78daa7ea-5cff-4b08-8232-62ceba122249,Runda 2 CAPTURE AND CONTROL,2236ad9f-e7ec-462d-9d8d-a8ddde3e0594,FINISHED,6e7399ea-a7bf-4362-bd52-09e1a6ff4b79,10,2026-02-07T10:30:06.336Z,d9a090f7-9965-4930-9e8e-95728a01fccd,a15d42d2-401a-42d5-a0e7-e8f88c780302,5,17,0.0,True,1aa50808-d703-49b0-87e1-666ab7042441,cd36b01c-87a1-47c9-b877-a65940b24b12,0,0.0,0.0,True,True,False,a15d42d2-401a-42d5-a0e7-e8f88c780302
IMW: Khazad Wrocław 2026,78daa7ea-5cff-4b08-8232-62ceba122249,Runda 2 CAPTURE AND CONTROL,2236ad9f-e7ec-462d-9d8d-a8ddde3e0594,FINISHED,49941104-72cf-4e48-b698-df28e5127adf,11,2026-02-07T10:30:06.336Z,ceaa6a47-90e2-4996-a8d0-9dd98cf7414d,c6592721-9d53-40f9-b982-0b08fab710b9,0,3,0.0,,aaeed930-85ad-4361-9d10-f3cec5a4df82,97c5e5bc-7502-4f16-9c1b-53ead4fab5b2,5,14.0,0.0,True,True,False,c6592721-9d53-40f9-b982-0b08fab710b9
IMW: Khazad Wrocław 2026,78daa7ea-5cff-4b08-8232-62ceba122249,Runda 2 CAPTURE AND CONTROL,2236ad9f-e7ec-462d-9d8d-a8ddde3e0594,FINISHED,8954e528-f0e7-45a5-8538-aec7a15f4c19,12,2026-02-07T10:30:06.336Z,b98cbb34-3122-45b9-b30f-d76c24c4fde3,056f7659-8cee-46ca-a3ef-c14448a93dc3,0,2,0.0,False,621fbede-d436-487e-90f8-2dc21b7f9db5,3c31c04c-a1ca-4b00-92dc-d33f3841073e,5,19.0,0.0,,False,True,3c31c04c-a1ca-4b00-92dc-d33f3841073e
IMW: Khazad Wrocław 2026,78daa7ea-5cff-4b08-8232-62ceba122249,Runda 2 CAPTURE AND CONTROL,2236ad9f-e7ec-462d-9d8d-a8ddde3e0594,FINISHED,dbec839b-72db-4991-ac27-232d57398d89,13,2026-02-07T10:30:06.336Z,41a88e52-0be3-4640-9160-3bf7a378167a,9d5bc521-d1ac-416e-952c-926b6aef9e60,0,0,0.0,False,868b4fd6-d657-432f-8725-9ff0b3d40410,7783babb-c470-4763-80c7-8e6bd277ded8,5,11.0,0.0,True,False,True,7783babb-c470-4763-80c7-8e6bd277ded8
IMW: Khazad Wrocław 2026,78daa7ea-5cff-4b08-8232-62ceba122249,Runda 2 CAPTURE AND CONTROL,2236ad9f-e7ec-462d-9d8d-a8ddde3e0594,FINISHED,b098a6e3-fa9c-4963-82f1-38485e3a81b2,14,2026-02-07T10:30:06.336Z,7ccf03b5-b879-4a9a-a3ca-50e1014ae2bc,3d9c2b85-855a-4af5-9786-5280365b2d7d,0,4,0.0,,01bde988-eb72-45e7-8950-bd1bf23fb499,4d2a70a2-c8e1-4ab9-a886-3a945d216f71,5,13.0,0.0,,False,True,4d2a70a2-c8e1-4ab9-a886-3a945d216f71
IMW: Khazad Wrocław 2026,78daa7ea-5cff-4b08-8232-62ceba122249,Runda 2 CAPTURE AND CONTROL,2236ad9f-e7ec-462d-9d8d-a8ddde3e0594,FINISHED,a076a9f5-cb82-4a03-a6ac-36cfbf91c3a4,15,2026-02-07T10:30:06.336Z,8b1589f4-6b3f-459e-ad13-c4b543844163,4e8fbce8-9600-4b61-af86-6731e366fce3,5,14,0.0,False,fa21af98-fade-47d1-9865-aebc81872668,e2d714cd-6b6f-42d3-a62d-ae0b293e4413,0,6.0,0.0,True,True,False,4e8fbce8-9600-4b61-af86-6731e366fce3
IMW: Khazad Wrocław 2026,78daa7ea-5cff-4b08-8232-62ceba122249,Runda 2 CAPTURE AND CONTROL,2236ad9f-e7ec-462d-9d8d-a8ddde3e0594,FINISHED,fbb7a91a-f823-4b47-886e-a31e695228bf,16,2026-02-07T10:30:06.336Z,59c48a4f-ba75-496c-a03a-e6af4416178b,ef46c5bc-e9ab-450b-85f5-4b88323ef1b8,5,17,0.0,,d468a699-bb0d-471d-b77d-94147574d71f,55b3019a-a7e5-4c3c-9c51-0643513d2296,0,0.0,0.0,,False,True,55b3019a-a7e5-4c3c-9c51-0643513d2296
IMW: Khazad Wrocław 2026,78daa7ea-5cff-4b08-8232-62ceba122249,Runda 2 CAPTURE AND CONTROL,2236ad9f-e7ec-462d-9d8d-a8ddde3e0594,FINISHED,6222093a-cf89-4128-a182-1ac7ebe68133,17,2026-02-07T10:30:06.336Z,dab4fb4b-b1f9-4e3c-a0d7-3da319fc5c50,5de541e0-dfa6-4c41-b224-90684a3b5e1c,0,1,0.0,,9039a869-f630-4d46-bad5-fc4150aae783,448193ff-e2b4-4650-898a-1dd8dc3fd5e1,5,16.0,0.0,,False,True,448193ff-e2b4-4650-898a-1dd8dc3fd5e1
IMW: Khazad Wrocław 2026,78daa7ea-5cff-4b08-8232-62ceba122249,Runda 2 CAPTURE AND CONTROL,2236ad9f-e7ec-462d-9d8d-a8ddde3e0594,FINISHED,3604e067-4749-4097-93a8-af683a321ef5,18,2026-02-07T10:30:06.336Z,54c1a82c-c6d6-4b03-8b9a-27fdc19694b9,e0392558-e263-4874-b380-e33152fcecbe,5,14,0.0,True,73e15c07-92d2-45c1-9d8d-4ef0bf85738f,f99a3381-e709-4e72-a4f6-e9f96240c428,0,3.0,0.0,True,True,True,e0392558-e263-4874-b380-e33152fcecbe
IMW: Khazad Wrocław 2026,78daa7ea-5cff-4b08-8232-62ceba122249,Runda 2 CAPTURE AND CONTROL,2236ad9f-e7ec-462d-9d8d-a8ddde3e0594,FINISHED,eb3bb4f1-7008-4e14-94c7-59883e5518ce,19,2026-02-07T10:30:06.336Z,0c513fdd-5c10-4715-8146-5a861d7b4269,5dd629bc-7618-4bd4-9b02-0c13fc7b7a34,4,9,0.0,False,5316d6e0-1d29-47db-98ff-46d142491b7b,3723b773-cadb-46d3-8758-e1260476e981,1,8.0,0.0,False,True,False,5dd629bc-7618-4bd4-9b02-0c13fc7b7a34
IMW: Khazad Wrocław 2026,78daa7ea-5cff-4b08-8232-62ceba122249,Runda 2 CAPTURE AND CONTROL,2236ad9f-e7ec-462d-9d8d-a8ddde3e0594,FINISHED,73057808-6db6-4dc3-8f9d-d811df12785d,20,2026-02-07T10:30:06.336Z,88c6cfee-cd78-441b-bf5d-80050018c6df,3da7c3c2-987d-408e-b093-18bfdeb2877a,0,0,0.0,False,54c18092-d155-4843-9bb6-94c5865e2562,d96af431-77bb-4909-bb15-61df62e81b15,5,20.0,0.0,False,False,True,d96af431-77bb-4909-bb15-61df62e81b15
IMW: Khazad Wrocław 2026,78daa7ea-5cff-4b08-8232-62ceba122249,Runda 2 CAPTURE AND CONTROL,2236ad9f-e7ec-462d-9d8d-a8ddde3e0594,FINISHED,eeb3d7cd-db3e-44fa-9652-2a55add10be0,21,2026-02-07T10:30:06.336Z,5134a70b-d38e-4968-a312-b7aa4ead7c7c,224b8d3d-7e1f-4095-853a-088883879195,1,8,0.0,True,34f52fa3-9bf4-4199-b445-ab20be0fb499,22a23162-8fd8-4dcc-833c-430aafa67491,4,9.0,0.0,False,False,True,22a23162-8fd8-4dcc-833c-430aafa67491
IMW: Khazad Wrocław 2026,78daa7ea-5cff-4b08-8232-62ceba122249,Runda 2 CAPTURE AND CONTROL,2236ad9f-e7ec-462d-9d8d-a8ddde3e0594,FINISHED,c43fd317-8431-4bac-8d13-6a874fe09e1a,22,2026-02-07T10:30:06.336Z,349b2826-d95c-4ad5-870d-7b40bbec7589,a46fa07b-c714-4a45-88f8-742a13295b30,5,15,0.0,True,712bc21b-0ac9-4283-bd24-7ea7add7cb14,57cefe9a-fa1b-45a6-a166-3e94e0d12d49,0,0.0,0.0,False,True,False,a46fa07b-c714-4a45-88f8-742a13295b30
IMW: Khazad Wrocław 2026,78daa7ea-5cff-4b08-8232-62ceba122249,Runda 2 CAPTURE AND CONTROL,2236ad9f-e7ec-462d-9d8d-a8ddde3e0594,FINISHED,0d642407-56de-4e32-9c80-68d98d360c16,23,2026-02-07T10:30:06.336Z,2693a8b0-c9e3-4c16-a7b1-27fc73c532ef,4a511f44-0b5e-4f86-b9ea-6db298859c11,0,0,0.0,,60157d6b-a11a-4008-9718-3dde81277806,64a59e06-3985-4400-b26f-6528e57ac2d7,5,20.0,0.0,,False,True,64a59e06-3985-4400-b26f-6528e57ac2d7
IMW: Khazad Wrocław 2026,78daa7ea-5cff-4b08-8232-62ceba122249,Runda 2 CAPTURE AND CONTROL,2236ad9f-e7ec-462d-9d8d-a8ddde3e0594,FINISHED,d295f128-7d94-471a-b7ef-a7701847f275,24,2026-02-07T10:30:06.336Z,c85edb96-d2f2-436e-93fc-d3b4631b3266,71f045ad-ce24-4e8b-865a-1dc0f634a42d,4,10,0.0,True,a8f4658a-f896-4b11-986f-eeec91d34a84,309de8ee-ad9e-4a87-911b-e3a5d480d491,1,7.0,0.0,,True,False,71f045ad-ce24-4e8b-865a-1dc0f634a42d
IMW: Khazad Wrocław 2026,78daa7ea-5cff-4b08-8232-62ceba122249,Runda 2 CAPTURE AND CONTROL,2236ad9f-e7ec-462d-9d8d-a8ddde3e0594,FINISHED,93dcef94-effa-44d5-b224-8a632ce89204,25,2026-02-07T10:30:06.336Z,24bf82c3-36b4-4780-ac1f-86e3a0e8f34c,21c12fb0-4289-4df3-8bad-f18c2a49fd0d,5,14,0.0,False,d6893748-a2eb-457e-8aa4-c71aae3bc5dd,6f6ad631-bb1c-4478-9430-700ff7e8271c,0,3.0,0.0,True,False,True,6f6ad631-bb1c-4478-9430-700ff7e8271c
IMW: Khazad Wrocław 2026,78daa7ea-5cff-4b08-8232-62ceba122249,Runda 2 CAPTURE AND CONTROL,2236ad9f-e7ec-462d-9d8d-a8ddde3e0594,FINISHED,8b2dcfdc-f81f-4a71-a9fe-bb0b3d9e92a6,26,2026-02-07T10:30:06.336Z,45b8828e-9a21-491d-92c9-d1f9e253884e,ad4836af-7b5d-4389-a937-446249ae3deb,0,2,0.0,False,944a715e-a0e3-40d2-bbf9-b75f3c45b918,fe2829dd-d3d5-4397-9c63-f65a285aba6e,5,16.0,0.0,False,False,True,fe2829dd-d3d5-4397-9c63-f65a285aba6e
IMW: Khazad Wrocław 2026,78daa7ea-5cff-4b08-8232-62ceba122249,Runda 2 CAPTURE AND CONTROL,2236ad9f-e7ec-462d-9d8d-a8ddde3e0594,FINISHED,e885c0c0-e39a-4bed-8af2-c92fec214115,27,2026-02-07T10:30:06.336Z,d2ced5e6-0b50-4259-9777-6a037c3be6aa,4f58781a-8316-46cb-8bae-bed4018184ff,0,0,0.0,,00153a19-a198-4e40-a434-a6edb7425c0a,18126e31-d169-4a78-b141-b61b9856d41c,5,12.0,0.0,,False,True,18126e31-d169-4a78-b141-b61b9856d41c
IMW: Khazad Wrocław 2026,78daa7ea-5cff-4b08-8232-62ceba122249,Runda 2 CAPTURE AND CONTROL,2236ad9f-e7ec-462d-9d8d-a8ddde3e0594,FINISHED,63f78e78-b32e-4a84-91a6-94715d0f5296,28,2026-02-07T10:30:06.336Z,692c24f3-78fc-4c08-aba0-c731fbfc3cd9,fadee12e-74a5-412b-9a4c-4d3cd94e1d4c,1,9,0.0,,27abc348-20dd-48ac-9f4c-6fbbb1cfeac8,cd905d3f-c042-479b-81f6-61d3ffcc713f,4,11.0,0.0,False,False,True,cd905d3f-c042-479b-81f6-61d3ffcc713f
IMW: Khazad Wrocław 2026,78daa7ea-5cff-4b08-8232-62ceba122249,Runda 2 CAPTURE AND CONTROL,2236ad9f-e7ec-462d-9d8d-a8ddde3e0594,FINISHED,e342ff3e-89cd-4783-87e7-92002500952e,29,2026-02-07T10:30:06.336Z,59974604-aa51-4d91-aaf1-6b4325cb059d,4edd7b4a-f5e4-4136-9363-aa93d7e9b8e3,5,18,0.0,,e87d6633-88d9-4867-839a-9a573a7bfcdb,0231b3c3-fb2b-4033-8dd3-bf98d9e29410,0,0.0,0.0,True,True,False,4edd7b4a-f5e4-4136-9363-aa93d7e9b8e3
IMW: Khazad Wrocław 2026,78daa7ea-5cff-4b08-8232-62ceba122249,Runda 2 CAPTURE AND CONTROL,2236ad9f-e7ec-462d-9d8d-a8ddde3e0594,FINISHED,4b38f274-cb45-48bb-9f23-c76c75a2dcdc,30,2026-02-07T10:30:06.336Z,287c907c-1747-41f3-b21d-ec9e4a120211,4f35155c-5106-464f-960a-2db734044a29,0,6,0.0,,eed51375-215d-48a5-bc37-3091bbee691d,40eca01a-ba05-4c54-afa1-205dbb9e86dc,5,14.0,0.0,False,False,True,40eca01a-ba05-4c54-afa1-205dbb9e86dc
IMW: Khazad Wrocław 2026,78daa7ea-5cff-4b08-8232-62ceba122249,Runda 2 CAPTURE AND CONTROL,2236ad9f-e7ec-462d-9d8d-a8ddde3e0594,FINISHED,4fbfd22b-e68a-44ad-85a4-c32bd2125b49,31,2026-02-07T10:30:06.336Z,30cde2f2-a67b-48d9-a7b8-052db58f1f08,3eb83ac9-7653-45f3-bdcb-1afc3f540633,0,0,0.0,,e4fe6044-0287-4008-abff-3e4f8e933051,457f9c1a-0e9a-4c0e-ae41-7f00e3646fba,5,20.0,0.0,False,False,True,457f9c1a-0e9a-4c0e-ae41-7f00e3646fba
IMW: Khazad Wrocław 2026,78daa7ea-5cff-4b08-8232-62ceba122249,Runda 2 CAPTURE AND CONTROL,2236ad9f-e7ec-462d-9d8d-a8ddde3e0594,FINISHED,7b6c5097-c3e1-42e4-a31b-3efb3518dc83,32,2026-02-07T10:30:06.336Z,8208cfdb-a793-4e20-8cdf-7e616ab65403,20a238b0-37e6-400b-a2a1-20935ab4cc00,5,10,0.0,False,cba3c8e4-4d70-44d0-8746-fdb79f56a12e,289932ee-6bb1-405e-b6d8-4ff67f3a7cbe,0,5.0,0.0,,True,False,20a238b0-37e6-400b-a2a1-20935ab4cc00
IMW: Khazad Wrocław 2026,78daa7ea-5cff-4b08-8232-62ceba122249,Runda 2 CAPTURE AND CONTROL,2236ad9f-e7ec-462d-9d8d-a8ddde3e0594,FINISHED,ca2e3a56-73d1-46d7-a568-6d39367cd967,33,2026-02-07T10:30:06.336Z,1fc58604-3ac5-4a6d-a9eb-7918ebaf7a14,bae5de7f-387f-4f91-b62a-1ceafdaab07d,5,20,0.0,True,0b085ff7-0871-45e2-9317-afe8c47b8758,1a213d8f-2820-427b-b78e-13a82bce30a1,0,0.0,0.0,,True,False,bae5de7f-387f-4f91-b62a-1ceafdaab07d
IMW: Khazad Wrocław 2026,78daa7ea-5cff-4b08-8232-62ceba122249,Runda 2 CAPTURE AND CONTROL,2236ad9f-e7ec-462d-9d8d-a8ddde3e0594,FINISHED,3d65370e-ea29-4e4f-9adc-12e2b5424506,34,2026-02-07T10:30:06.336Z,021f3669-c7cd-449c-bff0-f34f8b3ac647,6d76fd72-4dde-4033-a747-dbfcfaf62c81,0,3,0.0,True,bfea9d87-8e60-45fa-bbc7-2ae419e038a5,da4d183b-aede-448f-aad8-231ec4a32cfe,5,11.0,0.0,,False,True,da4d183b-aede-448f-aad8-231ec4a32cfe
IMW: Khazad Wrocław 2026,78daa7ea-5cff-4b08-8232-62ceba122249,Runda 2 CAPTURE AND CONTROL,2236ad9f-e7ec-462d-9d8d-a8ddde3e0594,FINISHED,3aaaa6e6-627d-4275-8fd1-5d78817dba6d,35,2026-02-07T10:30:06.336Z,341ad403-5bc8-407c-b1ea-19a2daa291f6,9357ea2e-af38-453d-9c2f-b828d5ccdfb6,5,18,0.0,False,43d6e62d-a426-4997-916f-ab3ece0802fa,27aaf15d-3203-4338-954d-c58024f42a2b,0,0.0,0.0,,True,False,9357ea2e-af38-453d-9c2f-b828d5ccdfb6
IMW: Khazad Wrocław 2026,78daa7ea-5cff-4b08-8232-62ceba122249,Runda 2 CAPTURE AND CONTROL,2236ad9f-e7ec-462d-9d8d-a8ddde3e0594,FINISHED,82a8bcbf-115e-4c77-b00f-fd20c33d8e61,36,2026-02-07T10:30:06.336Z,fc109e3b-3b41-4a6b-86a0-df0c0df468bd,2a392470-f47d-4fff-a8b9-37d9cbbe2361,0,0,0.0,False,b73b71bd-a16c-45d3-bd25-f57fcc084086,69a11808-e3ca-44e5-9ac0-e4d735625b21,5,20.0,0.0,,False,True,69a11808-e3ca-44e5-9ac0-e4d735625b21
IMW: Khazad Wrocław 2026,78daa7ea-5cff-4b08-8232-62ceba122249,Runda 2 CAPTURE AND CONTROL,2236ad9f-e7ec-462d-9d8d-a8ddde3e0594,FINISHED,bd78f644-4021-4b43-887b-518ae6503eb2,37,2026-02-07T10:30:06.336Z,437774e2-6c59-48d4-9869-4cfae9343980,7ca2b5ee-c648-4e98-bcba-50d159612ecc,1,7,0.0,True,6a39c535-d31f-4dff-9d8b-6fe31b138627,de5cbcdc-3bbc-430b-a716-53b4792437f9,4,11.0,0.0,True,False,True,de5cbcdc-3bbc-430b-a716-53b4792437f9
IMW: Khazad Wrocław 2026,78daa7ea-5cff-4b08-8232-62ceba122249,Runda 2 CAPTURE AND CONTROL,2236ad9f-e7ec-462d-9d8d-a8ddde3e0594,FINISHED,07a3c72b-1063-4a31-9f73-d5819a20d159,38,2026-02-07T10:30:06.336Z,e0ddf353-2cb0-4fdf-b96d-e46970a51e5a,a10c88af-658f-4dbe-bb23-533f04cdfa24,5,19,0.0,,64bbe263-c978-4f38-bd98-c6b870c2f0fb,d69a27be-2cfc-4695-9551-250b26795a4f,0,2.0,0.0,,True,False,a10c88af-658f-4dbe-bb23-533f04cdfa24
IMW: Khazad Wrocław 2026,78daa7ea-5cff-4b08-8232-62ceba122249,Runda 2 CAPTURE AND CONTROL,2236ad9f-e7ec-462d-9d8d-a8ddde3e0594,FINISHED,08a708b9-2bcd-4e56-b7c0-2340ec66e99c,39,2026-02-07T10:30:06.336Z,0a6c4d97-10d0-4ad0-838d-146b7091460c,a6bf8ed5-530f-4135-a0ca-0a34b5f352c0,5,17,0.0,True,ac5c774f-a6ce-4bd6-8aaa-7a74be9ce128,ab63d4ea-e622-4b2d-8ad2-38b15679c94f,0,0.0,0.0,True,True,False,a6bf8ed5-530f-4135-a0ca-0a34b5f352c0
IMW: Khazad Wrocław 2026,78daa7ea-5cff-4b08-8232-62ceba122249,Runda 2 CAPTURE AND CONTROL,2236ad9f-e7ec-462d-9d8d-a8ddde3e0594,FINISHED,a4a063a9-6529-41ef-b0bd-45f11e7e182a,40,2026-02-07T10:30:06.336Z,1dda3669-fd5e-4e88-8a0f-aeaaf5247ea8,27e5fd8e-fc73-48f9-802e-3546fde22d25,1,9,0.0,True,a025c008-b29f-4524-9f01-2db3c001fea2,9c59dcd5-6271-489b-987b-5e49989ea486,4,11.0,0.0,,False,True,9c59dcd5-6271-489b-987b-5e49989ea486
IMW: Khazad Wrocław 2026,78daa7ea-5cff-4b08-8232-62ceba122249,Runda 2 CAPTURE AND CONTROL,2236ad9f-e7ec-462d-9d8d-a8ddde3e0594,FINISHED,98b4b6fa-8d6c-423f-9f33-6c22b09efa56,41,2026-02-07T10:30:06.336Z,0e4caca7-570d-4984-bf19-5099605db62c,a66f5a56-1f3b-4944-9a2b-040faa0061e5,0,4,0.0,True,136d6d97-dd41-4011-9244-05c1ff6f8ee1,d46af0a2-c60d-45ef-9286-540bdc4ee510,5,10.0,0.0,False,True,False,a66f5a56-1f3b-4944-9a2b-040faa0061e5
IMW: Khazad Wrocław 2026,78daa7ea-5cff-4b08-8232-62ceba122249,Runda 2 CAPTURE AND CONTROL,2236ad9f-e7ec-462d-9d8d-a8ddde3e0594,FINISHED,0acf5bae-08cb-4a94-97cc-83ff4df1474a,42,2026-02-07T10:30:06.336Z,9aa03300-2fbe-4006-a6dc-0e47309024f9,27c4c004-c8f1-436b-b449-0dbd8a0f08fa,0,3,0.0,,40327506-d34b-408e-aa47-c55d5dc71a79,9fa82917-385d-469e-84c0-8db3e5214cd5,5,20.0,0.0,True,False,True,9fa82917-385d-469e-84c0-8db3e5214cd5
IMW: Khazad Wrocław 2026,78daa7ea-5cff-4b08-8232-62ceba122249,Runda 2 CAPTURE AND CONTROL,2236ad9f-e7ec-462d-9d8d-a8ddde3e0594,FINISHED,9d045eed-7877-4eef-b907-efaa0c92839c,43,2026-02-07T10:30:06.336Z,c4127e85-21b7-495a-ab38-d791a659d9f9,40ebe707-6a6c-4a85-aff5-58b2d0493daa,0,1,0.0,,f2a2700e-c92b-4561-9865-fff13fe99c76,a946ead4-d386-4d2f-b350-64a65f00e5e2,5,16.0,0.0,,False,True,a946ead4-d386-4d2f-b350-64a65f00e5e2
IMW: Khazad Wrocław 2026,78daa7ea-5cff-4b08-8232-62ceba122249,Runda 2 CAPTURE AND CONTROL,2236ad9f-e7ec-462d-9d8d-a8ddde3e0594,FINISHED,7034ce1a-2de2-48fd-b6d4-afbb29bc8214,44,2026-02-07T10:30:06.336Z,cde4e39b-64cb-46bd-a93b-68dee032713b,7b790eea-3a98-4741-9b30-c30e32fd3908,0,3,0.0,True,63324bbb-fd24-4ff7-9734-1c969b9b18c1,2cfad443-8847-46de-a012-26ce9c087035,5,17.0,0.0,False,False,True,2cfad443-8847-46de-a012-26ce9c087035
IMW: Khazad Wrocław 2026,78daa7ea-5cff-4b08-8232-62ceba122249,Runda 2 CAPTURE AND CONTROL,2236ad9f-e7ec-462d-9d8d-a8ddde3e0594,FINISHED,ab6d0223-c699-41d5-b0e3-7eddbef04097,45,2026-02-07T10:30:06.336Z,f1e4b96c-678a-4436-af36-853d9d2b39f4,337cf4cf-c3db-40f2-bccb-d9d98d3928b9,1,4,0.0,False,9536b488-60c2-4505-99aa-773e18e1f311,dd081a04-8bbb-4409-aed7-f6ceedf4d7d0,4,7.0,0.0,True,False,True,dd081a04-8bbb-4409-aed7-f6ceedf4d7d0
IMW: Khazad Wrocław 2026,78daa7ea-5cff-4b08-8232-62ceba122249,Runda 2 CAPTURE AND CONTROL,2236ad9f-e7ec-462d-9d8d-a8ddde3e0594,FINISHED,34135f3c-efb0-47c5-9f8d-34c79cee2fe3,46,2026-02-07T10:30:06.336Z,17aee283-9368-4a20-bd16-883873a58414,68c247ff-b8a7-490b-a867-ee772be81ab8,4,12,0.0,,772674f2-8d59-498a-8a6f-7f5649df5fd1,72214086-3cc8-4fa1-8520-7a6de92529de,1,8.0,0.0,,True,False,68c247ff-b8a7-490b-a867-ee772be81ab8
IMW: Khazad Wrocław 2026,78daa7ea-5cff-4b08-8232-62ceba122249,Runda 1 - SEIZE THE PRIZES,8ba6e68b-9f5d-4d00-b179-8b42c9434ca5,FINISHED,6478ba61-a4a6-4730-982c-71601a303c5c,0,2026-02-07T08:17:32.583Z,3b9aefba-83ac-4d2d-9bad-e183231ba360,7b790eea-3a98-4741-9b30-c30e32fd3908,0,0,0.0,False,908816f6-f118-4f91-a053-8298741840e7,62553300-be05-4e64-a57e-a9d7ea1b9e88,5,19.0,0.0,,True,False,7b790eea-3a98-4741-9b30-c30e32fd3908
IMW: Khazad Wrocław 2026,78daa7ea-5cff-4b08-8232-62ceba122249,Runda 1 - SEIZE THE PRIZES,8ba6e68b-9f5d-4d00-b179-8b42c9434ca5,FINISHED,a81e1774-ab70-4f78-a8fa-7c3ed03ae4da,1,2026-02-05T19:09:23.844Z,90656b01-6c2f-4559-886f-6449e79d3b4d,4a511f44-0b5e-4f86-b9ea-6db298859c11,2,8,0.0,True,fd6525f2-f217-428e-bdc6-b0bfeda8bff8,57cefe9a-fa1b-45a6-a166-3e94e0d12d49,2,8.0,0.0,False,True,False,4a511f44-0b5e-4f86-b9ea-6db298859c11
IMW: Khazad Wrocław 2026,78daa7ea-5cff-4b08-8232-62ceba122249,Runda 1 - SEIZE THE PRIZES,8ba6e68b-9f5d-4d00-b179-8b42c9434ca5,FINISHED,56c3165f-98ac-4ab3-bea9-32c92aa8c42b,2,2026-02-05T19:09:23.844Z,7166c08a-3a7a-473b-a0d8-080fc700fb00,a10c88af-658f-4dbe-bb23-533f04cdfa24,0,1,0.0,,1f5b4b98-5502-4468-970a-9c5ddb4b5709,6bec13b2-87d9-4e6d-b7ca-06b9e90bf3ba,5,15.0,0.0,False,False,True,6bec13b2-87d9-4e6d-b7ca-06b9e90bf3ba
IMW: Khazad Wrocław 2026,78daa7ea-5cff-4b08-8232-62ceba122249,Runda 1 - SEIZE THE PRIZES,8ba6e68b-9f5d-4d00-b179-8b42c9434ca5,FINISHED,13a29a59-0e06-4179-a8a7-ff799abba259,3,2026-02-05T19:09:23.844Z,a435ff95-7b4a-43d2-906c-b7b9b650e425,d96af431-77bb-4909-bb15-61df62e81b15,4,9,0.0,,cdfce4b9-a91e-4c1c-977c-68c75e0a7465,0231b3c3-fb2b-4033-8dd3-bf98d9e29410,1,5.0,0.0,,True,False,d96af431-77bb-4909-bb15-61df62e81b15
IMW: Khazad Wrocław 2026,78daa7ea-5cff-4b08-8232-62ceba122249,Runda 1 - SEIZE THE PRIZES,8ba6e68b-9f5d-4d00-b179-8b42c9434ca5,FINISHED,3d303951-4d90-4b17-9a9d-3d95c2189665,4,2026-02-05T19:09:23.844Z,d8fd994b-b433-4044-9b35-d5704c7428fe,bae5de7f-387f-4f91-b62a-1ceafdaab07d,0,4,0.0,False,efd9335f-7c3f-406a-8b5d-003ccc83f757,3d9c2b85-855a-4af5-9786-5280365b2d7d,5,10.0,0.0,,True,False,bae5de7f-387f-4f91-b62a-1ceafdaab07d
IMW: Khazad Wrocław 2026,78daa7ea-5cff-4b08-8232-62ceba122249,Runda 1 - SEIZE THE PRIZES,8ba6e68b-9f5d-4d00-b179-8b42c9434ca5,FINISHED,bebbaf84-6d7c-44a4-9cc4-0eecf9a045b0,5,2026-02-05T19:09:23.844Z,7cce6f20-61b8-4eb9-b3ef-48f1a5e58784,da4d183b-aede-448f-aad8-231ec4a32cfe,0,4,0.0,,45b8635e-7cda-40d9-bf86-bd8996bb2a4f,9f900a16-db8e-4406-b310-dd395a134112,5,14.0,0.0,,False,True,9f900a16-db8e-4406-b310-dd395a134112
IMW: Khazad Wrocław 2026,78daa7ea-5cff-4b08-8232-62ceba122249,Runda 1 - SEIZE THE PRIZES,8ba6e68b-9f5d-4d00-b179-8b42c9434ca5,FINISHED,91322496-79a1-4f1e-87f8-95ddde7f4d89,6,2026-02-05T19:09:23.844Z,9c909b7c-7d98-4a57-bc8f-0702199deea8,d46af0a2-c60d-45ef-9286-540bdc4ee510,0,0,0.0,True,e97b3a8a-49f4-4001-a568-697779bc58ce,9f936b49-9012-4b81-ba42-324cf1cc4cb2,5,15.0,0.0,,False,True,9f936b49-9012-4b81-ba42-324cf1cc4cb2
IMW: Khazad Wrocław 2026,78daa7ea-5cff-4b08-8232-62ceba122249,Runda 1 - SEIZE THE PRIZES,8ba6e68b-9f5d-4d00-b179-8b42c9434ca5,FINISHED,0be6117b-ef03-4204-aed9-98e3886f571f,7,2026-02-05T19:09:23.844Z,9fcbfa0d-2ac2-471d-b8fe-43027de47636,64a59e06-3985-4400-b26f-6528e57ac2d7,2,7,0.0,True,01481674-20a0-4fc0-a028-4503990782bc,71f045ad-ce24-4e8b-865a-1dc0f634a42d,2,7.0,0.0,False,False,True,71f045ad-ce24-4e8b-865a-1dc0f634a42d
IMW: Khazad Wrocław 2026,78daa7ea-5cff-4b08-8232-62ceba122249,Runda 1 - SEIZE THE PRIZES,8ba6e68b-9f5d-4d00-b179-8b42c9434ca5,FINISHED,041621cf-946d-4bb4-bdec-2543f34d9e57,8,2026-02-05T19:09:23.844Z,12e0e356-182b-4245-aabe-8e8daa3f8d48,6f6ad631-bb1c-4478-9430-700ff7e8271c,1,8,0.0,False,628058a8-c344-46d9-8ebc-83f4c2198890,ef46c5bc-e9ab-450b-85f5-4b88323ef1b8,4,11.0,0.0,True,False,True,ef46c5bc-e9ab-450b-85f5-4b88323ef1b8
IMW: Khazad Wrocław 2026,78daa7ea-5cff-4b08-8232-62ceba122249,Runda 1 - SEIZE THE PRIZES,8ba6e68b-9f5d-4d00-b179-8b42c9434ca5,FINISHED,f3a8fe05-10a1-498e-ab74-aefa51c39548,9,2026-02-05T19:09:23.844Z,cfd576b3-4a9b-4a20-a779-4ba63506dd15,056f7659-8cee-46ca-a3ef-c14448a93dc3,5,11,0.0,True,ea0a7ba7-b6b1-4c10-962f-7d52e8e6b4b9,2a392470-f47d-4fff-a8b9-37d9cbbe2361,0,3.0,0.0,False,True,False,056f7659-8cee-46ca-a3ef-c14448a93dc3
IMW: Khazad Wrocław 2026,78daa7ea-5cff-4b08-8232-62ceba122249,Runda 1 - SEIZE THE PRIZES,8ba6e68b-9f5d-4d00-b179-8b42c9434ca5,FINISHED,ea921de7-d754-4008-a5a7-ad8dff3b99d0,10,2026-02-05T19:09:23.844Z,f59aa354-f5fd-4014-b30a-091adaddbe58,69a11808-e3ca-44e5-9ac0-e4d735625b21,0,3,0.0,,8fcaa20f-50d4-4603-9fe8-62175f23444f,1279e92f-2cd2-4ab8-855a-9630a43d2c60,5,18.0,0.0,False,False,True,1279e92f-2cd2-4ab8-855a-9630a43d2c60
IMW: Khazad Wrocław 2026,78daa7ea-5cff-4b08-8232-62ceba122249,Runda 1 - SEIZE THE PRIZES,8ba6e68b-9f5d-4d00-b179-8b42c9434ca5,FINISHED,8f41de1c-61f2-485b-956b-343f95068b6b,11,2026-02-05T19:09:23.844Z,4d2ddf90-a034-4cc8-afb8-2f7f0f441dc7,40eca01a-ba05-4c54-afa1-205dbb9e86dc,1,3,0.0,False,3621b316-9e46-440b-8441-a79e5fbe5c2c,22a23162-8fd8-4dcc-833c-430aafa67491,4,7.0,0.0,True,False,True,22a23162-8fd8-4dcc-833c-430aafa67491
IMW: Khazad Wrocław 2026,78daa7ea-5cff-4b08-8232-62ceba122249,Runda 1 - SEIZE THE PRIZES,8ba6e68b-9f5d-4d00-b179-8b42c9434ca5,FINISHED,4ab82aef-28af-4623-96ab-5e72d7287579,12,2026-02-05T19:09:23.844Z,f350c281-dd23-4c3c-b6b5-95c11aa3629c,337cf4cf-c3db-40f2-bccb-d9d98d3928b9,0,0,0.0,False,b964177e-b5bc-4d94-b4b7-11e500153fe9,f5bcca05-14a2-4c47-8a81-379d5c4ee992,5,18.0,0.0,True,False,False,6dead819-2363-4244-ab43-933ee534235f
IMW: Khazad Wrocław 2026,78daa7ea-5cff-4b08-8232-62ceba122249,Runda 1 - SEIZE THE PRIZES,8ba6e68b-9f5d-4d00-b179-8b42c9434ca5,FINISHED,d80475c1-46b2-4948-accf-18c744824414,13,2026-02-05T19:09:23.844Z,4f37b49f-6762-40c2-a4cf-300a78ad7d35,ad4836af-7b5d-4389-a937-446249ae3deb,1,7,0.0,True,c69334be-7cf0-48a9-abe7-2d3460f8dddd,448193ff-e2b4-4650-898a-1dd8dc3fd5e1,4,10.0,0.0,True,True,False,ad4836af-7b5d-4389-a937-446249ae3deb
IMW: Khazad Wrocław 2026,78daa7ea-5cff-4b08-8232-62ceba122249,Runda 1 - SEIZE THE PRIZES,8ba6e68b-9f5d-4d00-b179-8b42c9434ca5,FINISHED,566e44f7-0fae-402c-9835-a0446c87a16b,14,2026-02-05T19:09:23.844Z,d26efad0-ff5d-45cc-9ebc-8694ff19177e,dd081a04-8bbb-4409-aed7-f6ceedf4d7d0,0,0,0.0,False,277a738e-1158-4d4f-b8fe-f3c8ad7e74bb,bd51334f-700f-46ea-9801-7fa43e9c53d0,5,18.0,0.0,True,False,True,bd51334f-700f-46ea-9801-7fa43e9c53d0
IMW: Khazad Wrocław 2026,78daa7ea-5cff-4b08-8232-62ceba122249,Runda 1 - SEIZE THE PRIZES,8ba6e68b-9f5d-4d00-b179-8b42c9434ca5,FINISHED,3f660b6a-05af-456b-8e30-7c7bf2d58ad9,15,2026-02-05T19:09:23.844Z,3ead3e1a-35f2-49da-9e2c-7943ebbb9de9,de5cbcdc-3bbc-430b-a716-53b4792437f9,0,3,0.0,True,e18e7f55-5547-4af2-b4d2-58f3a1864d2a,d1928738-701d-4759-abe9-ff1123a28015,5,14.0,0.0,True,False,True,d1928738-701d-4759-abe9-ff1123a28015
IMW: Khazad Wrocław 2026,78daa7ea-5cff-4b08-8232-62ceba122249,Runda 1 - SEIZE THE PRIZES,8ba6e68b-9f5d-4d00-b179-8b42c9434ca5,FINISHED,b4f87629-47d0-42da-bb53-5ab4e44ea702,16,2026-02-05T19:09:23.844Z,9a6cac11-9834-4309-b514-c493d9009133,ab63d4ea-e622-4b2d-8ad2-38b15679c94f,0,1,0.0,False,fe89865a-40c4-46bd-bfe8-f103382529a0,e2d714cd-6b6f-42d3-a62d-ae0b293e4413,5,7.0,0.0,True,False,True,e2d714cd-6b6f-42d3-a62d-ae0b293e4413
IMW: Khazad Wrocław 2026,78daa7ea-5cff-4b08-8232-62ceba122249,Runda 1 - SEIZE THE PRIZES,8ba6e68b-9f5d-4d00-b179-8b42c9434ca5,FINISHED,6d756fd9-da51-4385-a997-2933f70a243b,17,2026-02-06T20:03:55.826Z,d0790626-1c99-4a06-b013-d743aa80b7d2,fe2829dd-d3d5-4397-9c63-f65a285aba6e,1,6,0.0,False,3c863c3d-2eca-4f9c-88cc-a72fa7c626a0,3723b773-cadb-46d3-8758-e1260476e981,4,9.0,0.0,True,False,True,3723b773-cadb-46d3-8758-e1260476e981
IMW: Khazad Wrocław 2026,78daa7ea-5cff-4b08-8232-62ceba122249,Runda 1 - SEIZE THE PRIZES,8ba6e68b-9f5d-4d00-b179-8b42c9434ca5,FINISHED,e447f195-b7fd-409b-ab24-785e2026738b,18,2026-02-05T19:09:23.844Z,75cec31b-4eaf-4ffd-ab66-7293c8277dab,309de8ee-ad9e-4a87-911b-e3a5d480d491,1,8,0.0,,2e87a90d-88c2-4344-80a5-80e28e5f81a0,f99a3381-e709-4e72-a4f6-e9f96240c428,4,9.0,0.0,False,False,False,6dead819-2363-4244-ab43-933ee534235f
IMW: Khazad Wrocław 2026,78daa7ea-5cff-4b08-8232-62ceba122249,Runda 1 - SEIZE THE PRIZES,8ba6e68b-9f5d-4d00-b179-8b42c9434ca5,FINISHED,53637d8b-1092-41d1-94b8-40d4082cf4d5,19,2026-02-06T20:12:14.627Z,9b5da10c-a8ef-4f75-8593-576453f94ab3,a6bf8ed5-530f-4135-a0ca-0a34b5f352c0,0,1,0.0,True,47f2757e-5a61-45e5-a607-b22bc1ef2bd5,f6f2e7ef-8125-4bd0-90cb-7e6220d6af31,5,18.0,0.0,False,False,True,f6f2e7ef-8125-4bd0-90cb-7e6220d6af31
IMW: Khazad Wrocław 2026,78daa7ea-5cff-4b08-8232-62ceba122249,Runda 1 - SEIZE THE PRIZES,8ba6e68b-9f5d-4d00-b179-8b42c9434ca5,FINISHED,9624fdcc-620b-43a8-9d11-4040a818edae,20,2026-02-05T19:09:23.844Z,01ac5c4f-0111-4c04-9724-4b912fb00f59,a946ead4-d386-4d2f-b350-64a65f00e5e2,0,0,0.0,,276fff31-247a-4369-ad21-8e93e9318300,beec30f8-4a47-431b-b7ed-e7f37e95bbbc,5,18.0,0.0,False,False,True,beec30f8-4a47-431b-b7ed-e7f37e95bbbc
IMW: Khazad Wrocław 2026,78daa7ea-5cff-4b08-8232-62ceba122249,Runda 1 - SEIZE THE PRIZES,8ba6e68b-9f5d-4d00-b179-8b42c9434ca5,FINISHED,da0f1255-ddfc-4206-bbc5-a5ed2ed96443,21,2026-02-05T19:09:23.844Z,04f907c9-0b5a-492f-b31e-dd9d91a2996e,289932ee-6bb1-405e-b6d8-4ff67f3a7cbe,0,4,0.0,,6254b062-11a5-44eb-bb41-e7e35f778261,06621509-feb2-4ef5-9a05-31adb11d942c,5,14.0,0.0,,False,False,6dead819-2363-4244-ab43-933ee534235f
IMW: Khazad Wrocław 2026,78daa7ea-5cff-4b08-8232-62ceba122249,Runda 1 - SEIZE THE PRIZES,8ba6e68b-9f5d-4d00-b179-8b42c9434ca5,FINISHED,98685fd8-b1b9-4a3d-bbe5-44b79bc3b6f3,22,2026-02-05T19:09:23.844Z,bf81e5af-7d3f-4ac6-a520-bba8248ddbc8,27aaf15d-3203-4338-954d-c58024f42a2b,0,4,0.0,,9fe0aed8-6f17-4699-8945-c1f2e4e05bd5,4e8fbce8-9600-4b61-af86-6731e366fce3,5,8.0,0.0,True,False,True,4e8fbce8-9600-4b61-af86-6731e366fce3
IMW: Khazad Wrocław 2026,78daa7ea-5cff-4b08-8232-62ceba122249,Runda 1 - SEIZE THE PRIZES,8ba6e68b-9f5d-4d00-b179-8b42c9434ca5,FINISHED,e1d5a682-1c07-447d-8a51-7eb0d0470db1,23,2026-02-05T19:09:23.844Z,ae2264ef-3d90-44f2-9138-9d33ab980195,88eff5e1-e5fa-40df-ac60-dd5cb0c71bad,5,13,0.0,True,ebd234d4-1625-4a7c-b45a-49de6b232473,7ca2b5ee-c648-4e98-bcba-50d159612ecc,0,3.0,0.0,True,True,False,88eff5e1-e5fa-40df-ac60-dd5cb0c71bad
IMW: Khazad Wrocław 2026,78daa7ea-5cff-4b08-8232-62ceba122249,Runda 1 - SEIZE THE PRIZES,8ba6e68b-9f5d-4d00-b179-8b42c9434ca5,FINISHED,76b4ceb6-9661-4e0b-928c-5756086894c8,24,2026-02-05T19:09:23.844Z,3c6b9122-3551-4f8c-9ea5-8457527eab92,4f58781a-8316-46cb-8bae-bed4018184ff,1,6,0.0,,1dd21f37-94d1-401c-b8a3-edd41a8b5fd7,55b3019a-a7e5-4c3c-9c51-0643513d2296,4,11.0,0.0,,False,True,55b3019a-a7e5-4c3c-9c51-0643513d2296
IMW: Khazad Wrocław 2026,78daa7ea-5cff-4b08-8232-62ceba122249,Runda 1 - SEIZE THE PRIZES,8ba6e68b-9f5d-4d00-b179-8b42c9434ca5,FINISHED,98e340e7-dcaa-443e-93c9-42527ec048e0,25,2026-02-05T19:09:23.844Z,028b41f2-e74d-444d-81b8-64a7e3b92440,7783babb-c470-4763-80c7-8e6bd277ded8,5,10,0.0,False,7afbe01e-c23f-477a-92fe-807237bc7024,457f9c1a-0e9a-4c0e-ae41-7f00e3646fba,0,5.0,0.0,False,False,True,457f9c1a-0e9a-4c0e-ae41-7f00e3646fba
IMW: Khazad Wrocław 2026,78daa7ea-5cff-4b08-8232-62ceba122249,Runda 1 - SEIZE THE PRIZES,8ba6e68b-9f5d-4d00-b179-8b42c9434ca5,FINISHED,0c149d6a-4c87-4a74-9740-b92596d86ed2,26,2026-02-05T19:09:23.844Z,1da87c35-b1af-419e-8af0-7b1ee1e58ae7,68c247ff-b8a7-490b-a867-ee772be81ab8,0,0,0.0,,8779d585-2971-42a7-b843-c0696d5b01e3,9d5bc521-d1ac-416e-952c-926b6aef9e60,5,10.0,0.0,True,False,True,9d5bc521-d1ac-416e-952c-926b6aef9e60
IMW: Khazad Wrocław 2026,78daa7ea-5cff-4b08-8232-62ceba122249,Runda 1 - SEIZE THE PRIZES,8ba6e68b-9f5d-4d00-b179-8b42c9434ca5,FINISHED,e3df65ab-0ef1-48d5-b84a-e13831e29eb1,27,2026-02-05T19:09:23.844Z,f21cfd73-e5ad-497d-8f82-b1a8bfa22c6b,97c5e5bc-7502-4f16-9c1b-53ead4fab5b2,5,11,,,d3673201-92a0-4d38-909b-2204de3ad06f,9fa82917-385d-469e-84c0-8db3e5214cd5,0,0.0,,,False,False,6dead819-2363-4244-ab43-933ee534235f
IMW: Khazad Wrocław 2026,78daa7ea-5cff-4b08-8232-62ceba122249,Runda 1 - SEIZE THE PRIZES,8ba6e68b-9f5d-4d00-b179-8b42c9434ca5,FINISHED,6d3ccf80-30c6-456e-9fc2-7e2d6838da32,28,2026-02-05T19:09:23.844Z,03a2587a-0023-49b4-b1af-ab940ce2976b,76870d30-055b-4a89-a141-78ef032269f2,5,18,0.0,True,96d9e929-2882-4558-9d67-b4c0278afa4a,2cfad443-8847-46de-a012-26ce9c087035,0,0.0,0.0,False,True,False,76870d30-055b-4a89-a141-78ef032269f2
IMW: Khazad Wrocław 2026,78daa7ea-5cff-4b08-8232-62ceba122249,Runda 1 - SEIZE THE PRIZES,8ba6e68b-9f5d-4d00-b179-8b42c9434ca5,FINISHED,3307411c-4349-4e94-b259-9fc2bf3e8b4f,29,2026-02-05T19:09:23.844Z,9f8305c1-1edf-425b-a741-dc56d2ffc568,27c4c004-c8f1-436b-b449-0dbd8a0f08fa,0,0,0.0,,3a3d536e-0a29-43ae-b6bb-9fbb4f498487,9641c0c9-16e9-4bb7-a7f4-e73245f48db2,5,20.0,0.0,True,False,True,9641c0c9-16e9-4bb7-a7f4-e73245f48db2
IMW: Khazad Wrocław 2026,78daa7ea-5cff-4b08-8232-62ceba122249,Runda 1 - SEIZE THE PRIZES,8ba6e68b-9f5d-4d00-b179-8b42c9434ca5,FINISHED,9c0d6596-71e4-4c16-9080-50e676264f41,30,2026-02-05T19:09:23.844Z,a9973889-5e0e-4a9f-9adb-2d8b0ef6c6df,e0392558-e263-4874-b380-e33152fcecbe,4,10,0.0,True,3a79ceec-b5f6-4db3-956e-576a95b243ad,18126e31-d169-4a78-b141-b61b9856d41c,1,6.0,0.0,False,True,False,e0392558-e263-4874-b380-e33152fcecbe
IMW: Khazad Wrocław 2026,78daa7ea-5cff-4b08-8232-62ceba122249,Runda 1 - SEIZE THE PRIZES,8ba6e68b-9f5d-4d00-b179-8b42c9434ca5,FINISHED,4d94e773-5606-495c-8087-a9a52cbbbf62,31,2026-02-05T19:09:23.844Z,33ed2834-b975-40cf-87e2-45dc91189eeb,2f1215b6-dd3c-44cc-9604-ee8e4b42553c,5,13,0.0,,83b2d963-5b9a-4f6e-b0af-f26096f75a71,6d76fd72-4dde-4033-a747-dbfcfaf62c81,0,4.0,0.0,,True,False,2f1215b6-dd3c-44cc-9604-ee8e4b42553c
IMW: Khazad Wrocław 2026,78daa7ea-5cff-4b08-8232-62ceba122249,Runda 1 - SEIZE THE PRIZES,8ba6e68b-9f5d-4d00-b179-8b42c9434ca5,FINISHED,260e15d5-bc3d-44aa-820e-823b66913378,32,2026-02-05T19:09:23.844Z,51c51309-3c3c-4677-8e5f-9688f1d1295f,224b8d3d-7e1f-4095-853a-088883879195,4,8,0.0,True,135e4132-b1d9-4561-b85e-03c809d23efb,fadee12e-74a5-412b-9a4c-4d3cd94e1d4c,1,6.0,0.0,,False,False,6dead819-2363-4244-ab43-933ee534235f
IMW: Khazad Wrocław 2026,78daa7ea-5cff-4b08-8232-62ceba122249,Runda 1 - SEIZE THE PRIZES,8ba6e68b-9f5d-4d00-b179-8b42c9434ca5,FINISHED,19ce279c-ab90-4e20-b528-36e32d23468b,33,2026-02-05T19:09:23.844Z,0cb46e77-163a-4595-b280-4fd3413d0b1c,5dd629bc-7618-4bd4-9b02-0c13fc7b7a34,4,9,0.0,True,9c3c50f7-b639-44b4-8754-50bef7b750ef,4edd7b4a-f5e4-4136-9363-aa93d7e9b8e3,1,5.0,0.0,,True,False,5dd629bc-7618-4bd4-9b02-0c13fc7b7a34
IMW: Khazad Wrocław 2026,78daa7ea-5cff-4b08-8232-62ceba122249,Runda 1 - SEIZE THE PRIZES,8ba6e68b-9f5d-4d00-b179-8b42c9434ca5,FINISHED,353d6086-522d-40da-b332-c949e0ab1748,34,2026-02-05T19:09:23.844Z,bb5b0cd8-cf03-466b-8f8f-299d2a916361,4f35155c-5106-464f-960a-2db734044a29,1,4,0.0,,efdee568-7ce5-44ec-a28e-90359dce66ce,a46fa07b-c714-4a45-88f8-742a13295b30,4,5.0,0.0,False,False,True,a46fa07b-c714-4a45-88f8-742a13295b30
IMW: Khazad Wrocław 2026,78daa7ea-5cff-4b08-8232-62ceba122249,Runda 1 - SEIZE THE PRIZES,8ba6e68b-9f5d-4d00-b179-8b42c9434ca5,FINISHED,bfc2e97b-47a7-4a7d-9653-dbf3c5b5f341,35,2026-02-05T19:09:23.844Z,b5f75f36-6145-4891-8dbe-61a1cbdd2571,c6592721-9d53-40f9-b982-0b08fab710b9,5,11,0.0,,07ec770d-6436-4142-810b-cd89fa2199b1,a66f5a56-1f3b-4944-9a2b-040faa0061e5,0,1.0,0.0,True,False,True,a66f5a56-1f3b-4944-9a2b-040faa0061e5
IMW: Khazad Wrocław 2026,78daa7ea-5cff-4b08-8232-62ceba122249,Runda 1 - SEIZE THE PRIZES,8ba6e68b-9f5d-4d00-b179-8b42c9434ca5,FINISHED,a5299a35-5df5-479c-89a0-13005c7cec79,36,2026-02-05T19:09:23.844Z,e7abe926-821b-40f2-bd5b-1e9819389237,9c59dcd5-6271-489b-987b-5e49989ea486,0,1,0.0,,277d842e-9b60-4f80-b88d-538004307380,a15d42d2-401a-42d5-a0e7-e8f88c780302,5,13.0,0.0,False,False,True,a15d42d2-401a-42d5-a0e7-e8f88c780302
IMW: Khazad Wrocław 2026,78daa7ea-5cff-4b08-8232-62ceba122249,Runda 1 - SEIZE THE PRIZES,8ba6e68b-9f5d-4d00-b179-8b42c9434ca5,FINISHED,d563548c-07ec-4d58-9932-d5878bab6dff,37,2026-02-05T19:09:23.844Z,95a780a4-ba73-4a6e-a801-12741a0f0069,9357ea2e-af38-453d-9c2f-b828d5ccdfb6,0,4,0.0,True,444b3cce-6378-4922-b54e-c84573c68bd3,e99aafd2-d310-49bd-b0d5-b12b6acd1600,5,14.0,0.0,,False,True,e99aafd2-d310-49bd-b0d5-b12b6acd1600
IMW: Khazad Wrocław 2026,78daa7ea-5cff-4b08-8232-62ceba122249,Runda 1 - SEIZE THE PRIZES,8ba6e68b-9f5d-4d00-b179-8b42c9434ca5,FINISHED,547181e5-7c8f-426b-8721-2cacedf77850,38,2026-02-05T19:09:23.844Z,3bb5af84-8034-4f23-9b94-dc6e9d8dbec4,5de541e0-dfa6-4c41-b224-90684a3b5e1c,4,10,0.0,False,bfd777f8-d76e-41cd-b46c-9ad1d55e3c95,21c12fb0-4289-4df3-8bad-f18c2a49fd0d,1,8.0,0.0,True,False,True,21c12fb0-4289-4df3-8bad-f18c2a49fd0d
IMW: Khazad Wrocław 2026,78daa7ea-5cff-4b08-8232-62ceba122249,Runda 1 - SEIZE THE PRIZES,8ba6e68b-9f5d-4d00-b179-8b42c9434ca5,FINISHED,38686d07-06bb-4d29-a1c2-0cf62e0ffc21,39,2026-02-05T19:09:23.844Z,fd37f0fb-c08b-4baf-bbde-c44f2f5746b9,3eb83ac9-7653-45f3-bdcb-1afc3f540633,0,6,0.0,True,0c8ad57b-3d5b-492e-871a-fee6d968b1ee,fb859afc-1d55-4d43-b4dd-1893900f13e6,5,14.0,0.0,True,False,True,fb859afc-1d55-4d43-b4dd-1893900f13e6
IMW: Khazad Wrocław 2026,78daa7ea-5cff-4b08-8232-62ceba122249,Runda 1 - SEIZE THE PRIZES,8ba6e68b-9f5d-4d00-b179-8b42c9434ca5,FINISHED,c56b1dd0-47ed-4de2-a490-991cd9d4e3e9,40,2026-02-05T19:09:23.844Z,724f5317-e0e8-4c22-adfa-8fcb3a558124,d69a27be-2cfc-4695-9551-250b26795a4f,0,1,0.0,,ca625914-1f06-4d7d-b47a-8126546974df,3c31c04c-a1ca-4b00-92dc-d33f3841073e,5,10.0,0.0,,False,True,3c31c04c-a1ca-4b00-92dc-d33f3841073e
IMW: Khazad Wrocław 2026,78daa7ea-5cff-4b08-8232-62ceba122249,Runda 1 - SEIZE THE PRIZES,8ba6e68b-9f5d-4d00-b179-8b42c9434ca5,FINISHED,bf92f90b-2874-4748-a71c-2f20e4c9971b,41,2026-02-05T19:09:23.844Z,04bb8d1c-9cc3-4cc6-8050-a5af3b9032dc,40ebe707-6a6c-4a85-aff5-58b2d0493daa,0,0,0.0,False,53cbedc5-469f-442f-b03b-c5205d3081f3,a5f615bb-a42a-4084-98e7-426a4b15d6ac,5,18.0,0.0,False,False,True,a5f615bb-a42a-4084-98e7-426a4b15d6ac
IMW: Khazad Wrocław 2026,78daa7ea-5cff-4b08-8232-62ceba122249,Runda 1 - SEIZE THE PRIZES,8ba6e68b-9f5d-4d00-b179-8b42c9434ca5,FINISHED,d456db08-17a5-4f32-a707-87ee895f23a7,42,2026-02-05T19:09:23.844Z,28c68435-fa65-4514-90cf-1e2a7846fe6e,20a238b0-37e6-400b-a2a1-20935ab4cc00,0,4,0.0,False,f820c273-564c-42a5-847a-303b46326047,d7deccf7-cc03-46b4-a9a0-6e6e66317298,5,14.0,0.0,False,False,True,d7deccf7-cc03-46b4-a9a0-6e6e66317298
IMW: Khazad Wrocław 2026,78daa7ea-5cff-4b08-8232-62ceba122249,Runda 1 - SEIZE THE PRIZES,8ba6e68b-9f5d-4d00-b179-8b42c9434ca5,FINISHED,5b0cda1a-c757-42ef-85d1-82bff2d28004,43,2026-02-05T19:09:23.844Z,46d3dd30-ea54-4960-b3bc-03480083dbb0,1a213d8f-2820-427b-b78e-13a82bce30a1,0,4,0.0,,e9d10b6b-07a8-487e-a05e-f93d84247dbb,4d2a70a2-c8e1-4ab9-a886-3a945d216f71,5,9.0,0.0,,False,True,4d2a70a2-c8e1-4ab9-a886-3a945d216f71
IMW: Khazad Wrocław 2026,78daa7ea-5cff-4b08-8232-62ceba122249,Runda 1 - SEIZE THE PRIZES,8ba6e68b-9f5d-4d00-b179-8b42c9434ca5,FINISHED,d08f1455-54c1-4e04-9320-30da0112e36f,44,2026-02-05T19:09:23.844Z,8ed24480-a521-43a7-a194-b52e00417509,cd905d3f-c042-479b-81f6-61d3ffcc713f,1,6,0.0,False,74affd37-01bb-4882-8ca8-248c93eb8983,3da7c3c2-987d-408e-b093-18bfdeb2877a,4,9.0,0.0,False,False,True,3da7c3c2-987d-408e-b093-18bfdeb2877a
IMW: Khazad Wrocław 2026,78daa7ea-5cff-4b08-8232-62ceba122249,Runda 1 - SEIZE THE PRIZES,8ba6e68b-9f5d-4d00-b179-8b42c9434ca5,FINISHED,227f9227-966f-4e77-82b8-63608f6bf77c,45,2026-02-05T19:09:23.844Z,3a2d26b8-7b3d-4592-b72a-24c5ce700297,93cda88b-c976-4e61-8f65-9a5a5f1ecf7b,5,20,0.0,True,2785a779-7f71-456e-8939-616e8d537534,72214086-3cc8-4fa1-8520-7a6de92529de,0,0.0,0.0,,True,False,93cda88b-c976-4e61-8f65-9a5a5f1ecf7b
IMW: Khazad Wrocław 2026,78daa7ea-5cff-4b08-8232-62ceba122249,Runda 1 - SEIZE THE PRIZES,8ba6e68b-9f5d-4d00-b179-8b42c9434ca5,FINISHED,0ff051c7-f980-48d8-84d2-2e8b2a27b96f,46,2026-02-05T19:09:23.844Z,a33c54d6-6867-496a-bdcf-ddd27f390ae6,cd36b01c-87a1-47c9-b877-a65940b24b12,5,13,0.0,True,d33baf37-bb2f-4ffc-abeb-ccb464b22616,27e5fd8e-fc73-48f9-802e-3546fde22d25,0,1.0,0.0,False,True,False,cd36b01c-87a1-47c9-b877-a65940b24b12
