Tournament Name,Tournament ID,Round Title,Round ID,Round Status,Table ID,Table Number (Order),Created At,P1 ID,P1 User ID,P1 Primary Points (TP),P1 Secondary Points (VP),P1 Tertiary Points,P1 Use Secondary List,P2 ID,P2 User ID,P2 Primary Points (TP),P2 Secondary Points (VP),P2 Tertiary Points,P2 Use Secondary List,Approved by P1,Approved by P2,Added by User ID
Macki Wojny 2026 - Otwarcie Sezonu ME-SBG,1a1d8ae7-1be8-46d3-afde-ab479c8cc5a3,Runda 6 Divide and Conquer ,0581c8ba-ee61-430d-b26c-10a00962887f,FINISHED,a8c257bb-24ef-449f-804c-50b26a86c0b4,,2026-01-18T11:37:07.330Z,531fbd78-2459-44cb-a2fd-5bc195941b3e,4edd7b4a-f5e4-4136-9363-aa93d7e9b8e3,0.0,0.0,,,59c84133-ec72-4c35-9db1-8982a11594ff,457f9c1a-0e9a-4c0e-ae41-7f00e3646fba,6.0,6.0,,,False,False,55b3019a-a7e5-4c3c-9c51-0643513d2296
Macki Wojny 2026 - Otwarcie Sezonu ME-SBG,1a1d8ae7-1be8-46d3-afde-ab479c8cc5a3,Runda 6 Divide and Conquer ,0581c8ba-ee61-430d-b26c-10a00962887f,FINISHED,f495e4ed-935d-4bca-b71e-206e94cd4239,,2026-01-18T11:44:55.782Z,7b5dfecb-67a0-465f-a315-244344ab7856,85e858a0-eb30-4b0d-8622-f6bdbc8c12e8,0.0,0.0,,,aff5ea93-e68a-4354-a3b9-1012067661f9,1e4b9bdf-6062-4736-aef3-52bc568f8803,6.0,6.0,,,False,False,55b3019a-a7e5-4c3c-9c51-0643513d2296
Macki Wojny 2026 - Otwarcie Sezonu ME-SBG,1a1d8ae7-1be8-46d3-afde-ab479c8cc5a3,Runda 6 Divide and Conquer ,0581c8ba-ee61-430d-b26c-10a00962887f,FINISHED,7cefbddb-02ea-4eef-851f-648f953745ef,,2026-01-18T11:45:41.776Z,647eea0f-15f5-4c8f-8b28-f1ece2801cb3,20a238b0-37e6-400b-a2a1-20935ab4cc00,3.0,10.0,,,2909a493-b174-488a-b3c9-a110a20b6989,97c5e5bc-7502-4f16-9c1b-53ead4fab5b2,3.0,10.0,,,False,False,97c5e5bc-7502-4f16-9c1b-53ead4fab5b2
Macki Wojny 2026 - Otwarcie Sezonu ME-SBG,1a1d8ae7-1be8-46d3-afde-ab479c8cc5a3,Runda 6 Divide and Conquer ,0581c8ba-ee61-430d-b26c-10a00962887f,FINISHED,25b25589-8a86-46d5-b386-52d03bb520dc,,2026-01-18T12:04:25.303Z,d50fd071-be88-47a7-86a6-aa5d5c147778,5d01b02f-444d-4547-958a-e2dcac24e017,0.0,0.0,,,edc33813-6502-4140-ab6a-025b82564ad9,a7f6afd7-7e8e-4a00-a3ba-fc637ca964fd,6.0,20.0,,,False,False,a7f6afd7-7e8e-4a00-a3ba-fc637ca964fd
Macki Wojny 2026 - Otwarcie Sezonu ME-SBG,1a1d8ae7-1be8-46d3-afde-ab479c8cc5a3,Runda 6 Divide and Conquer ,0581c8ba-ee61-430d-b26c-10a00962887f,FINISHED,b2a1d311-bfde-49b1-b4d7-fb51bf2bb7ed,,2026-01-18T11:45:58.186Z,d6539358-ad3d-40a7-a910-dc9676a0ebaf,68bf04f5-3d30-4e15-9d0e-10ff004496e9,0.0,0.0,,,763b002a-6201-4db1-a091-cdf2285c0d85,5dd629bc-7618-4bd4-9b02-0c13fc7b7a34,6.0,6.0,,,False,False,55b3019a-a7e5-4c3c-9c51-0643513d2296
Macki Wojny 2026 - Otwarcie Sezonu ME-SBG,1a1d8ae7-1be8-46d3-afde-ab479c8cc5a3,Runda 6 Divide and Conquer ,0581c8ba-ee61-430d-b26c-10a00962887f,FINISHED,9f1c8f9a-9eb0-497c-8067-8bded08aa853,,2026-01-18T11:36:55.509Z,deca9084-794f-4f7a-854e-46958c8348cb,3723b773-cadb-46d3-8758-e1260476e981,0.0,0.0,,,aa5197ab-9667-4d94-a03e-7d4ca3b2dc79,40ebe707-6a6c-4a85-aff5-58b2d0493daa,6.0,6.0,,,False,False,55b3019a-a7e5-4c3c-9c51-0643513d2296
Macki Wojny 2026 - Otwarcie Sezonu ME-SBG,1a1d8ae7-1be8-46d3-afde-ab479c8cc5a3,Runda 6 Divide and Conquer ,0581c8ba-ee61-430d-b26c-10a00962887f,FINISHED,7ce057de-7352-421a-b5de-3db48869d0fe,,2026-01-18T11:47:13.770Z,c81b352b-f253-48d5-8db3-4a8b57dceb04,8cf73c83-a3a1-4dd6-8882-e8dd30912ab1,0.0,0.0,,,9d37b2b4-8e55-40db-9c73-6809be851ea1,396741ce-3694-4877-9603-fe19efd6284f,6.0,6.0,,,False,False,55b3019a-a7e5-4c3c-9c51-0643513d2296
Macki Wojny 2026 - Otwarcie Sezonu ME-SBG,1a1d8ae7-1be8-46d3-afde-ab479c8cc5a3,Runda 6 Divide and Conquer ,0581c8ba-ee61-430d-b26c-10a00962887f,FINISHED,89ee5afd-2b27-4055-9b6d-d8ac3ffa08ba,,2026-01-18T11:47:22.353Z,fc0e1571-3363-4eda-8358-772df0d76702,0231b3c3-fb2b-4033-8dd3-bf98d9e29410,0.0,0.0,,,8108233d-9a6d-4c86-9412-2c9894d40963,7f22159a-00df-4a00-9aa9-2f36d60d2455,6.0,6.0,,,False,False,55b3019a-a7e5-4c3c-9c51-0643513d2296
Macki Wojny 2026 - Otwarcie Sezonu ME-SBG,1a1d8ae7-1be8-46d3-afde-ab479c8cc5a3,Runda 6 Divide and Conquer ,0581c8ba-ee61-430d-b26c-10a00962887f,FINISHED,16f0b9f2-a85c-4654-b06a-2766754ff7c1,,2026-01-18T13:12:39.546Z,2a50edcd-b035-45df-96ea-0a22505a1fa2,dfae3b97-3154-43b8-a7cf-26ece499fa82,1.0,8.0,,,3cae3d94-c7d2-4ac2-aae2-bdbd6887c85c,d96af431-77bb-4909-bb15-61df62e81b15,5.0,9.0,,,False,False,d96af431-77bb-4909-bb15-61df62e81b15
Macki Wojny 2026 - Otwarcie Sezonu ME-SBG,1a1d8ae7-1be8-46d3-afde-ab479c8cc5a3,Runda 6 Divide and Conquer ,0581c8ba-ee61-430d-b26c-10a00962887f,FINISHED,0d3efe08-1df4-46bf-bacd-2be75385ccb2,,2026-01-18T12:50:35.329Z,8f759c14-b505-4838-b0fa-d7448cd418fd,c0c93d87-3a8b-4fd2-a654-f009b0226875,0.0,,,,6c0eddb5-5415-4d0a-bc24-e624e22ada13,fe2829dd-d3d5-4397-9c63-f65a285aba6e,6.0,20.0,,,False,False,fe2829dd-d3d5-4397-9c63-f65a285aba6e
Macki Wojny 2026 - Otwarcie Sezonu ME-SBG,1a1d8ae7-1be8-46d3-afde-ab479c8cc5a3,Runda 6 Divide and Conquer ,0581c8ba-ee61-430d-b26c-10a00962887f,FINISHED,3a44eb6a-7806-4bf2-a0c6-7decb9b99627,,2026-01-18T12:56:37.974Z,67da51ac-38dc-415b-8628-07001fc330e3,a946ead4-d386-4d2f-b350-64a65f00e5e2,1.0,7.0,,,898fee0d-be1b-4e38-a2f9-638427e1eb60,21066989-54d5-4f5b-b9f2-4ef34bb62943,5.0,12.0,,,False,False,21066989-54d5-4f5b-b9f2-4ef34bb62943
Macki Wojny 2026 - Otwarcie Sezonu ME-SBG,1a1d8ae7-1be8-46d3-afde-ab479c8cc5a3,Runda 6 Divide and Conquer ,0581c8ba-ee61-430d-b26c-10a00962887f,FINISHED,3f07040a-f83d-4577-bfdd-e47e290b18a1,,2026-01-18T13:02:23.118Z,082ead6b-80b1-4cc5-85fa-194794edf0e6,9e5a191c-e93a-436d-b7b0-95d223dd6e2e,1.0,6.0,,,b3fc8805-be1d-4498-a572-f09ebb39c1ff,beec30f8-4a47-431b-b7ed-e7f37e95bbbc,5.0,7.0,,,False,False,beec30f8-4a47-431b-b7ed-e7f37e95bbbc
Macki Wojny 2026 - Otwarcie Sezonu ME-SBG,1a1d8ae7-1be8-46d3-afde-ab479c8cc5a3,Runda 6 Divide and Conquer ,0581c8ba-ee61-430d-b26c-10a00962887f,FINISHED,9e450360-309f-4e53-9afe-1d364f8a79fc,,2026-01-18T13:05:04.074Z,b86437ba-4a98-413e-a978-77e1ce774468,a15d42d2-401a-42d5-a0e7-e8f88c780302,0.0,0.0,,,c6f6d502-292f-4b79-a149-c565600ca6d6,93cda88b-c976-4e61-8f65-9a5a5f1ecf7b,6.0,20.0,,,False,False,93cda88b-c976-4e61-8f65-9a5a5f1ecf7b
Macki Wojny 2026 - Otwarcie Sezonu ME-SBG,1a1d8ae7-1be8-46d3-afde-ab479c8cc5a3,Runda 6 Divide and Conquer ,0581c8ba-ee61-430d-b26c-10a00962887f,FINISHED,e2b80f62-8c77-4a07-8b1b-40533dbcf907,,2026-01-18T13:10:36.657Z,b491136b-fe4d-40ed-a4e4-4dc42766a578,dedfc2b9-4e69-452e-a9ae-35e131680cd5,0.0,0.0,,,8280f267-9246-413c-b01e-5ccc456bf0de,1162e493-2a1e-4b15-aa4d-70fd185e8f8d,6.0,17.0,,,False,False,1162e493-2a1e-4b15-aa4d-70fd185e8f8d
Macki Wojny 2026 - Otwarcie Sezonu ME-SBG,1a1d8ae7-1be8-46d3-afde-ab479c8cc5a3,Runda 6 Divide and Conquer ,0581c8ba-ee61-430d-b26c-10a00962887f,FINISHED,659ef64f-c91c-46c7-a58d-714be152e45f,,2026-01-18T13:11:44.839Z,4aa87d2d-c5b4-464b-b620-ccc0c8b6ec0a,592e6817-d59d-4c9e-80b7-e9d8956362be,5.0,6.0,,,e1e13f9e-44bc-4a92-9b9f-7526fab1b613,8c340f26-1543-4335-8b37-d814614b81f9,1.0,5.0,,,False,False,8c340f26-1543-4335-8b37-d814614b81f9
Macki Wojny 2026 - Otwarcie Sezonu ME-SBG,1a1d8ae7-1be8-46d3-afde-ab479c8cc5a3,Runda 6 Divide and Conquer ,0581c8ba-ee61-430d-b26c-10a00962887f,FINISHED,0880a78e-7442-41ce-bb93-c14689473888,,2026-01-18T13:12:27.310Z,4a4997a6-fed3-40dd-b50b-44ebb2139400,6bbae723-3f56-4f46-b886-e4f179c50e93,0.0,1.0,,,8b90843b-40ca-4a81-a16b-1d9ad9ab74b4,2a69f764-5cb1-4177-9200-d58b7117a089,6.0,10.0,,,False,False,2a69f764-5cb1-4177-9200-d58b7117a089
Macki Wojny 2026 - Otwarcie Sezonu ME-SBG,1a1d8ae7-1be8-46d3-afde-ab479c8cc5a3,Runda 6 Divide and Conquer ,0581c8ba-ee61-430d-b26c-10a00962887f,FINISHED,8c7969f0-905e-4961-9dc3-6691782a6041,,2026-01-18T13:12:57.863Z,6cf9b819-8f3a-4a08-8b0e-3b8066fc7084,3e29a228-3a1f-4cd4-b7b6-6a9ad0f22619,1.0,6.0,,,8c89e2ac-76e0-4091-a00f-03c4967e7efb,e99aafd2-d310-49bd-b0d5-b12b6acd1600,5.0,9.0,,,False,False,e99aafd2-d310-49bd-b0d5-b12b6acd1600
Macki Wojny 2026 - Otwarcie Sezonu ME-SBG,1a1d8ae7-1be8-46d3-afde-ab479c8cc5a3,Runda 6 Divide and Conquer ,0581c8ba-ee61-430d-b26c-10a00962887f,FINISHED,ebfd1a0c-2959-4cfc-a46f-9822f4fe514f,,2026-01-18T13:13:46.397Z,100a8242-213e-4adf-a791-fee1fe07d30d,4e8fbce8-9600-4b61-af86-6731e366fce3,0.0,1.0,,,1e380d1f-cca8-4ead-8e0b-a8fc116ec13e,f1143858-3e87-4afe-807d-f33f21de6d7e,6.0,18.0,,,False,False,f1143858-3e87-4afe-807d-f33f21de6d7e
Macki Wojny 2026 - Otwarcie Sezonu ME-SBG,1a1d8ae7-1be8-46d3-afde-ab479c8cc5a3,Runda 6 Divide and Conquer ,0581c8ba-ee61-430d-b26c-10a00962887f,FINISHED,d87b3641-bcbe-4c5f-8abb-379f56926aef,,2026-01-18T13:14:17.811Z,4e0140e4-f853-479f-96dd-1253e11fe0de,eacb0c29-8302-462e-9e47-c61d95ce5ff3,0.0,5.0,,,4a84313b-c04e-4fa5-9999-ba95f19a36f7,6c1b533a-5a81-442a-8d96-1100083dcb4b,6.0,11.0,,,False,False,6c1b533a-5a81-442a-8d96-1100083dcb4b
Macki Wojny 2026 - Otwarcie Sezonu ME-SBG,1a1d8ae7-1be8-46d3-afde-ab479c8cc5a3,Runda 6 Divide and Conquer ,0581c8ba-ee61-430d-b26c-10a00962887f,FINISHED,5ee2bb20-40f4-4321-819d-808f4e1258d4,,2026-01-18T13:17:10.041Z,ce15d9f3-ece8-47e4-b169-5a0e208fcc52,a4179cf5-0caa-450b-8b1d-8331298d0ee1,0.0,4.0,,,16c83d0e-dd63-4d63-93e3-abe1927b2178,6df80142-0804-43f3-910e-3d51131586cf,6.0,12.0,,,False,False,6df80142-0804-43f3-910e-3d51131586cf
Macki Wojny 2026 - Otwarcie Sezonu ME-SBG,1a1d8ae7-1be8-46d3-afde-ab479c8cc5a3,Runda 6 Divide and Conquer ,0581c8ba-ee61-430d-b26c-10a00962887f,FINISHED,abd23128-344e-4e47-beea-5243941781c3,,2026-01-18T13:18:15.191Z,36a47fba-805a-4ab6-a4b3-1e7f0f089457,5f6a7ffa-1a94-4176-a2f0-42f18d04a39e,1.0,1.0,,,f9012da4-e986-494b-bc17-00273fd675a8,bd51334f-700f-46ea-9801-7fa43e9c53d0,5.0,6.0,,,False,False,bd51334f-700f-46ea-9801-7fa43e9c53d0
Macki Wojny 2026 - Otwarcie Sezonu ME-SBG,1a1d8ae7-1be8-46d3-afde-ab479c8cc5a3,Runda 6 Divide and Conquer ,0581c8ba-ee61-430d-b26c-10a00962887f,FINISHED,0a1039bc-a8a0-460f-be99-07ae9318d3a9,,2026-01-18T13:19:14.176Z,d15c0296-a552-4979-a041-b138b0af6328,780e8297-2cf1-4ac2-89bd-e9dd5ece6347,0.0,0.0,,,10ea3ff4-b0c6-46dc-8650-a1ffccde87fa,f6f2e7ef-8125-4bd0-90cb-7e6220d6af31,6.0,20.0,,,False,False,f6f2e7ef-8125-4bd0-90cb-7e6220d6af31
Macki Wojny 2026 - Otwarcie Sezonu ME-SBG,1a1d8ae7-1be8-46d3-afde-ab479c8cc5a3,Runda 6 Divide and Conquer ,0581c8ba-ee61-430d-b26c-10a00962887f,FINISHED,9d47ea63-2c12-4585-ac1b-1d43cc0a3d60,,2026-01-18T13:20:45.853Z,3e0b623d-b816-40f3-bf1a-9c38206c6315,7ca2b5ee-c648-4e98-bcba-50d159612ecc,0.0,0.0,,,84c745a0-93fd-49e0-8227-b57e4d63ac14,1081ab22-cae7-4cc1-8b47-c69bffcfa8d2,6.0,20.0,,,False,False,1081ab22-cae7-4cc1-8b47-c69bffcfa8d2
Macki Wojny 2026 - Otwarcie Sezonu ME-SBG,1a1d8ae7-1be8-46d3-afde-ab479c8cc5a3,Runda 6 Divide and Conquer ,0581c8ba-ee61-430d-b26c-10a00962887f,FINISHED,de02ee9f-42ba-4a29-892b-ec459dd6b5d1,,2026-01-18T13:23:44.228Z,d731dd9f-c8ee-4d85-a26a-8f28047d6728,774afb8c-8f87-46dc-823e-a82621336e4f,1.0,6.0,,,2f6f1677-eab3-4519-890b-8d42815ded2d,4a55491b-3a8e-47bb-8c61-85b9446dca01,5.0,7.0,,,False,False,4a55491b-3a8e-47bb-8c61-85b9446dca01
Macki Wojny 2026 - Otwarcie Sezonu ME-SBG,1a1d8ae7-1be8-46d3-afde-ab479c8cc5a3,Runda 6 Divide and Conquer ,0581c8ba-ee61-430d-b26c-10a00962887f,FINISHED,cf53fc60-3961-48a7-994a-7e0fdb1234ba,,2026-01-18T13:24:18.507Z,50018113-dd2f-489c-9c9d-36a415bd36bd,62553300-be05-4e64-a57e-a9d7ea1b9e88,0.0,0.0,,,f31dccff-bdb4-4d41-8211-b2934949bb50,9357ea2e-af38-453d-9c2f-b828d5ccdfb6,6.0,20.0,,,False,False,9357ea2e-af38-453d-9c2f-b828d5ccdfb6
Macki Wojny 2026 - Otwarcie Sezonu ME-SBG,1a1d8ae7-1be8-46d3-afde-ab479c8cc5a3,Runda 6 Divide and Conquer ,0581c8ba-ee61-430d-b26c-10a00962887f,FINISHED,115bf7dd-4b92-4ad9-bc26-818ad0af12b9,,2026-01-18T13:26:49.177Z,5c2dbbcc-e0b0-43a5-859a-bdd027be5eda,e11c9221-5fee-4a26-b4a8-23f3ee654de2,1.0,5.0,,,a93948c7-0019-4749-a72e-38bb082e0440,bddd8ac9-5247-4f0a-9a17-4ac7bea1812a,5.0,7.0,,,False,False,bddd8ac9-5247-4f0a-9a17-4ac7bea1812a
Macki Wojny 2026 - Otwarcie Sezonu ME-SBG,1a1d8ae7-1be8-46d3-afde-ab479c8cc5a3,Runda 6 Divide and Conquer ,0581c8ba-ee61-430d-b26c-10a00962887f,FINISHED,f2ad79c0-11a9-4986-aa5c-32743d1ea6c5,,2026-01-18T13:29:22.262Z,af020cf9-1a9c-44cd-a1d8-d54ccb1bdc9f,73de21a8-323e-470e-8e98-8aba0d14d244,0.0,0.0,,,b02640db-8ac4-4bfc-9dd4-5eebc819b66a,a8c5dace-3769-45a7-9812-c134eda0fcae,6.0,6.0,,,False,False,a8c5dace-3769-45a7-9812-c134eda0fcae
Macki Wojny 2026 - Otwarcie Sezonu ME-SBG,1a1d8ae7-1be8-46d3-afde-ab479c8cc5a3,Runda 6 Divide and Conquer ,0581c8ba-ee61-430d-b26c-10a00962887f,FINISHED,52c9b0b5-b582-4e5a-9d65-8dbdc2701c44,,2026-01-18T13:29:56.150Z,057bcb98-c727-4a96-852e-9980f2c7d6ee,013435de-6dfa-4aa3-b660-b670b6a245e5,0.0,4.0,,,be0a2085-d0c4-4b1f-b3b7-5bcc4ec5cd0d,4312b892-eb2e-491a-b14a-6f7cff1ab128,6.0,11.0,,,False,False,4312b892-eb2e-491a-b14a-6f7cff1ab128
Macki Wojny 2026 - Otwarcie Sezonu ME-SBG,1a1d8ae7-1be8-46d3-afde-ab479c8cc5a3,Runda 6 Divide and Conquer ,0581c8ba-ee61-430d-b26c-10a00962887f,FINISHED,1c138419-3951-4063-bc43-83ebf84f9289,,2026-01-18T13:32:11.048Z,15384856-9df3-42c6-bd20-de894c135378,06e08db4-eeb0-41a3-9e0c-7a8d0203bc0e,0.0,2.0,,,930a45f2-356c-4b6a-9868-f60fc8bcbc59,d49d9342-cc0c-46cc-83bf-ddd443b7aa8b,6.0,11.0,,,False,False,d49d9342-cc0c-46cc-83bf-ddd443b7aa8b
Macki Wojny 2026 - Otwarcie Sezonu ME-SBG,1a1d8ae7-1be8-46d3-afde-ab479c8cc5a3,Runda 6 Divide and Conquer ,0581c8ba-ee61-430d-b26c-10a00962887f,FINISHED,2ef513ba-c823-41e6-9c3f-952c9799fe21,,2026-01-18T13:32:13.739Z,6957b9c4-aaaa-428e-a45e-8df4047f34f8,ac23a3ec-2b0f-4d94-8575-948ae2f7eb83,0.0,3.0,,,33496148-8197-45ff-9620-0842dd0c25da,5de541e0-dfa6-4c41-b224-90684a3b5e1c,6.0,10.0,,,False,False,5de541e0-dfa6-4c41-b224-90684a3b5e1c
Macki Wojny 2026 - Otwarcie Sezonu ME-SBG,1a1d8ae7-1be8-46d3-afde-ab479c8cc5a3,Runda 6 Divide and Conquer ,0581c8ba-ee61-430d-b26c-10a00962887f,FINISHED,b74b94f3-4bfa-48de-a67d-3992fcdef6c6,,2026-01-18T13:32:50.853Z,5887e038-48b4-49a0-b4cb-bb6771d2baf0,758ae748-3888-4bdf-b4f9-7972a8ac9948,0.0,2.0,,,35b6cbd1-8925-42f8-8540-5ea6fb545746,6732875f-9e3b-44e5-b4a1-5ce209a9b359,6.0,14.0,,,False,False,6732875f-9e3b-44e5-b4a1-5ce209a9b359
Macki Wojny 2026 - Otwarcie Sezonu ME-SBG,1a1d8ae7-1be8-46d3-afde-ab479c8cc5a3,Runda 6 Divide and Conquer ,0581c8ba-ee61-430d-b26c-10a00962887f,FINISHED,4ec923d3-fd50-4e77-bb41-bebbc45d7eac,,2026-01-18T13:33:40.899Z,0edc39ca-40ef-4ec7-8013-e410cdb5c477,83bffbd7-d053-452e-a6ad-1da65ccb448a,0.0,1.0,,,0ca854f6-77a7-4fb9-a4eb-f30dc6b827e2,549399ee-ddad-4f74-a61d-02352b425f27,6.0,17.0,,,False,False,549399ee-ddad-4f74-a61d-02352b425f27
Macki Wojny 2026 - Otwarcie Sezonu ME-SBG,1a1d8ae7-1be8-46d3-afde-ab479c8cc5a3,Runda 6 Divide and Conquer ,0581c8ba-ee61-430d-b26c-10a00962887f,FINISHED,c961402b-e225-445d-b114-6bc1f4476fb9,,2026-01-18T13:37:33.580Z,5a36ae79-db41-4c1e-b3dd-4c793e2a7a05,ef46c5bc-e9ab-450b-85f5-4b88323ef1b8,1.0,3.0,,,dcfd94fb-b68b-455c-9ccd-9a402c1a446d,71f045ad-ce24-4e8b-865a-1dc0f634a42d,5.0,6.0,,,False,False,71f045ad-ce24-4e8b-865a-1dc0f634a42d
Macki Wojny 2026 - Otwarcie Sezonu ME-SBG,1a1d8ae7-1be8-46d3-afde-ab479c8cc5a3,Runda 6 Divide and Conquer ,0581c8ba-ee61-430d-b26c-10a00962887f,FINISHED,55dea25c-cd60-4199-8999-fc45a3d767a4,,2026-01-18T13:37:56.288Z,a308ae56-f62d-42e9-8768-aea7b53d59ad,9eaf0945-81fd-494b-be1f-3b6f349ce991,0.0,0.0,,,8922133d-31be-497d-b3b0-065bf4ce5223,bbbe191e-78cb-42d6-acc6-fd53718b1fd2,6.0,20.0,,,False,False,bbbe191e-78cb-42d6-acc6-fd53718b1fd2
Macki Wojny 2026 - Otwarcie Sezonu ME-SBG,1a1d8ae7-1be8-46d3-afde-ab479c8cc5a3,Runda 6 Divide and Conquer ,0581c8ba-ee61-430d-b26c-10a00962887f,FINISHED,cff65536-9368-43b2-93b1-984bcdb82989,,2026-01-18T13:39:21.068Z,95dc8c6b-70cf-4594-8ecb-769c04c123fc,70266969-1e35-47ca-9876-4628421f6cf6,1.0,5.0,,,814aec7d-ca6c-4eff-beaa-6ec5494ebcae,7d79e669-7010-4328-bbf5-3f7203dddd9a,5.0,8.0,,,False,False,7d79e669-7010-4328-bbf5-3f7203dddd9a
Macki Wojny 2026 - Otwarcie Sezonu ME-SBG,1a1d8ae7-1be8-46d3-afde-ab479c8cc5a3,Runda 6 Divide and Conquer ,0581c8ba-ee61-430d-b26c-10a00962887f,FINISHED,e82583dd-648f-4e42-a6c7-e2c6d13ef8da,,2026-01-18T13:41:00.977Z,ac91873c-153f-4cbf-9840-0f8b47838825,0d2c492e-db5d-4e7d-8b72-8134e6cd8d39,0.0,3.0,,,f3653337-071e-49d4-80ed-915c3266e15c,222c2b52-47fd-4345-a6ec-a83ee05ccb12,6.0,12.0,,,False,False,222c2b52-47fd-4345-a6ec-a83ee05ccb12
Macki Wojny 2026 - Otwarcie Sezonu ME-SBG,1a1d8ae7-1be8-46d3-afde-ab479c8cc5a3,Runda 6 Divide and Conquer ,0581c8ba-ee61-430d-b26c-10a00962887f,FINISHED,37af70ce-599a-49d6-ad87-bd48acf899ea,,2026-01-18T13:41:11.923Z,26c87919-af62-4c4f-9f5f-2e5ee80157ea,6841eef6-931a-4375-ae1b-79843a97a82e,6.0,12.0,,,f65b052e-e46d-4ce6-94bd-73014fba1fe1,0b9e69bb-46e8-4b18-949b-c788fd37fe1e,0.0,3.0,,,False,False,0b9e69bb-46e8-4b18-949b-c788fd37fe1e
Macki Wojny 2026 - Otwarcie Sezonu ME-SBG,1a1d8ae7-1be8-46d3-afde-ab479c8cc5a3,Runda 6 Divide and Conquer ,0581c8ba-ee61-430d-b26c-10a00962887f,FINISHED,aa7cd3d3-0186-4275-ae32-ef6084d7f29e,,2026-01-18T13:43:58.723Z,b3e3bb91-8ebe-4960-bd7c-f96ccba46ee0,2dcb6efc-305d-46f5-b777-32b6ba7307ce,0.0,1.0,,,714cdf11-de7e-4de6-ab5b-c24f0e97eaef,9641c0c9-16e9-4bb7-a7f4-e73245f48db2,6.0,8.0,,,False,False,9641c0c9-16e9-4bb7-a7f4-e73245f48db2
Macki Wojny 2026 - Otwarcie Sezonu ME-SBG,1a1d8ae7-1be8-46d3-afde-ab479c8cc5a3,Runda 6 Divide and Conquer ,0581c8ba-ee61-430d-b26c-10a00962887f,FINISHED,0b042783-0e7e-434c-9dd0-3111b330271a,,2026-01-18T13:44:20.667Z,45fda26b-ab10-4e54-b218-326153791005,6de86bb6-ffbe-4ead-8093-654e44b76ddf,1.0,5.0,,,bacc9746-ecd5-403f-8d73-218fa9ab5403,27e5fd8e-fc73-48f9-802e-3546fde22d25,5.0,6.0,,,False,False,27e5fd8e-fc73-48f9-802e-3546fde22d25
Macki Wojny 2026 - Otwarcie Sezonu ME-SBG,1a1d8ae7-1be8-46d3-afde-ab479c8cc5a3,Runda 6 Divide and Conquer ,0581c8ba-ee61-430d-b26c-10a00962887f,FINISHED,f547821e-98dc-4ca4-9d90-4e202a6c9387,,2026-01-18T13:45:13.587Z,dd45cc4e-c3bb-4fe9-8c28-3f6f2ea6e647,309de8ee-ad9e-4a87-911b-e3a5d480d491,3.0,10.0,,,789a4f2d-3a8e-41f1-a994-0cbdf8fa3848,48655433-fa77-4b22-b13e-a33b593f1a57,3.0,10.0,,,False,False,48655433-fa77-4b22-b13e-a33b593f1a57
Macki Wojny 2026 - Otwarcie Sezonu ME-SBG,1a1d8ae7-1be8-46d3-afde-ab479c8cc5a3,Runda 6 Divide and Conquer ,0581c8ba-ee61-430d-b26c-10a00962887f,FINISHED,ae85f0ba-6305-4b93-970a-e3421aed3d2c,,2026-01-18T13:45:21.531Z,53d2a68c-6f5f-4839-9354-8ac22b767d20,72214086-3cc8-4fa1-8520-7a6de92529de,0.0,6.0,,,c47d311a-c136-422c-9b52-6f6274aec8c5,6f641816-8973-4f1f-b906-3b33d5710be9,6.0,12.0,,,False,False,6f641816-8973-4f1f-b906-3b33d5710be9
Macki Wojny 2026 - Otwarcie Sezonu ME-SBG,1a1d8ae7-1be8-46d3-afde-ab479c8cc5a3,Runda 6 Divide and Conquer ,0581c8ba-ee61-430d-b26c-10a00962887f,FINISHED,8d31c459-86c2-435d-9b34-b81231111e10,,2026-01-18T13:45:41.504Z,7bf6f062-0d0d-4a50-a473-5d6928c3c28b,2f1215b6-dd3c-44cc-9604-ee8e4b42553c,3.0,6.0,,,ec689c47-a997-4d33-901c-c45d28afc3c7,6dead819-2363-4244-ab43-933ee534235f,3.0,6.0,,,False,False,6dead819-2363-4244-ab43-933ee534235f
Macki Wojny 2026 - Otwarcie Sezonu ME-SBG,1a1d8ae7-1be8-46d3-afde-ab479c8cc5a3,Runda 6 Divide and Conquer ,0581c8ba-ee61-430d-b26c-10a00962887f,FINISHED,ac733a53-e591-465b-9fb4-e525132f30f4,,2026-01-18T13:45:44.103Z,7f93496a-5d50-46f5-be19-a408d0eb78eb,6bec13b2-87d9-4e6d-b7ca-06b9e90bf3ba,0.0,2.0,,,9536aad1-8d35-4cd2-988f-f1a21f53ca7e,7c58612c-6b48-4ed3-b175-7f04a5269ff0,6.0,9.0,,,False,False,7c58612c-6b48-4ed3-b175-7f04a5269ff0
Macki Wojny 2026 - Otwarcie Sezonu ME-SBG,1a1d8ae7-1be8-46d3-afde-ab479c8cc5a3,Runda 6 Divide and Conquer ,0581c8ba-ee61-430d-b26c-10a00962887f,FINISHED,c44955ab-f5f7-457c-8b71-00194da37878,,2026-01-18T13:46:19.184Z,ead5a116-7424-45a5-9fda-df9eabdcde0f,d8c20013-b03c-48e4-bb24-3acb4aeb30e6,1.0,1.0,,,6af38c58-8eff-4e95-9a15-f55a1c7c25f1,337cf4cf-c3db-40f2-bccb-d9d98d3928b9,5.0,3.0,,,False,False,337cf4cf-c3db-40f2-bccb-d9d98d3928b9
Macki Wojny 2026 - Otwarcie Sezonu ME-SBG,1a1d8ae7-1be8-46d3-afde-ab479c8cc5a3,Runda 6 Divide and Conquer ,0581c8ba-ee61-430d-b26c-10a00962887f,FINISHED,cc03cbb4-b1b0-4bcb-95f9-a48f20508ac5,,2026-01-18T13:48:18.034Z,6a190e04-ee4d-4578-a55b-65e2c1ae1e5d,c451779b-6172-4e1a-acbd-1b387949849d,0.0,3.0,,,782cece2-1ccc-4ea2-a958-f010550500d5,1279e92f-2cd2-4ab8-855a-9630a43d2c60,6.0,10.0,,,False,False,1279e92f-2cd2-4ab8-855a-9630a43d2c60
Macki Wojny 2026 - Otwarcie Sezonu ME-SBG,1a1d8ae7-1be8-46d3-afde-ab479c8cc5a3,Runda 6 Divide and Conquer ,0581c8ba-ee61-430d-b26c-10a00962887f,FINISHED,c5a2e598-e116-4e55-8638-e1c81daffd33,,2026-01-18T13:50:05.595Z,fb0ec922-e510-4e17-82f8-edfcf2156857,21c12fb0-4289-4df3-8bad-f18c2a49fd0d,1.0,6.0,,,2a7c60d3-519e-4e2f-b8c9-a4259dd26f5d,a10c88af-658f-4dbe-bb23-533f04cdfa24,5.0,11.0,,,False,False,a10c88af-658f-4dbe-bb23-533f04cdfa24
Macki Wojny 2026 - Otwarcie Sezonu ME-SBG,1a1d8ae7-1be8-46d3-afde-ab479c8cc5a3,Runda 6 Divide and Conquer ,0581c8ba-ee61-430d-b26c-10a00962887f,FINISHED,83cdd005-9eef-40b4-b113-8bd63945c18a,,2026-01-18T13:50:55.713Z,1e25e38d-c1cf-4abb-9d84-b91d869ea4af,cd36b01c-87a1-47c9-b877-a65940b24b12,0.0,3.0,,,aad869d9-b9ed-428d-af39-7fcbed8b8938,3d3c9443-6720-45cd-9b05-449182fcbbde,6.0,7.0,,,False,False,3d3c9443-6720-45cd-9b05-449182fcbbde
Macki Wojny 2026 - Otwarcie Sezonu ME-SBG,1a1d8ae7-1be8-46d3-afde-ab479c8cc5a3,Runda 6 Divide and Conquer ,0581c8ba-ee61-430d-b26c-10a00962887f,FINISHED,1171d9e6-88b0-421a-816e-937b6c1c8420,,2026-01-18T13:55:18.507Z,435183b2-7491-438c-bc25-11d06588b9e9,15e5a444-91c2-43fe-8b7b-c927354ca51a,0.0,0.0,,,8b0d2821-0db0-4a8d-a1e3-2f5aad9b4bbd,5f55d7f6-e77c-45a0-b083-60691560a665,6.0,10.0,,,False,False,5f55d7f6-e77c-45a0-b083-60691560a665
Macki Wojny 2026 - Otwarcie Sezonu ME-SBG,1a1d8ae7-1be8-46d3-afde-ab479c8cc5a3,Runda 6 Divide and Conquer ,0581c8ba-ee61-430d-b26c-10a00962887f,FINISHED,4611e9b7-18a3-43ac-ad24-ac97a7a68e3c,,2026-01-18T13:59:18.130Z,4dc88979-e7db-443c-9d9c-f8771ef9c10b,ef9855f8-ec35-456a-90da-7f4e9c0bebd5,3.0,10.0,,,8a3a84bd-dce9-4c74-a444-aa04ad8afa14,f0b719fd-09d6-4d2a-a87c-bd6e7fcd6990,3.0,10.0,,,False,False,f0b719fd-09d6-4d2a-a87c-bd6e7fcd6990
Macki Wojny 2026 - Otwarcie Sezonu ME-SBG,1a1d8ae7-1be8-46d3-afde-ab479c8cc5a3,Runda 6 Divide and Conquer ,0581c8ba-ee61-430d-b26c-10a00962887f,FINISHED,bef88f67-dfe7-4e3a-ab39-b0b38d9064f2,,2026-01-18T13:56:06.118Z,6fb267ca-427d-4925-86d2-6b4b9cfa1252,1723649c-e9e5-42eb-9e2a-d9de6492fd21,0.0,1.0,,,2325e027-f28a-4a09-8048-af0a79bf83dc,9fa82917-385d-469e-84c0-8db3e5214cd5,6.0,18.0,,,False,False,55b3019a-a7e5-4c3c-9c51-0643513d2296
Macki Wojny 2026 - Otwarcie Sezonu ME-SBG,1a1d8ae7-1be8-46d3-afde-ab479c8cc5a3,Runda 6 Divide and Conquer ,0581c8ba-ee61-430d-b26c-10a00962887f,FINISHED,8f224bba-8b6f-4726-b135-8b38e217fe3b,,2026-01-18T13:56:14.485Z,,,,,,,,,,,,,False,False,55b3019a-a7e5-4c3c-9c51-0643513d2296
Macki Wojny 2026 - Otwarcie Sezonu ME-SBG,1a1d8ae7-1be8-46d3-afde-ab479c8cc5a3,Runda 4 Lords of Battle ,e7e85b0b-8b01-46d1-a0e5-a51d53403ff1,FINISHED,bc9edc50-2966-44e0-841a-4bcad9f0bc2a,,2026-01-17T18:07:59.851Z,18f4cb1e-bb98-4725-8091-a69484b921c1,bddd8ac9-5247-4f0a-9a17-4ac7bea1812a,1.0,2.0,,,b27b274a-8540-4403-bf41-dadd84ab9e0d,8cf73c83-a3a1-4dd6-8882-e8dd30912ab1,5.0,5.0,,,False,False,8cf73c83-a3a1-4dd6-8882-e8dd30912ab1
Macki Wojny 2026 - Otwarcie Sezonu ME-SBG,1a1d8ae7-1be8-46d3-afde-ab479c8cc5a3,Runda 4 Lords of Battle ,e7e85b0b-8b01-46d1-a0e5-a51d53403ff1,FINISHED,6e8496f0-1c58-4b96-9e6c-4939891ed746,,2026-01-17T17:06:01.675Z,0f6bd36a-5cfd-4acf-8158-a3d610daa006,72214086-3cc8-4fa1-8520-7a6de92529de,6.0,6.0,,,4b0accc1-c611-4947-a1e2-3c62cd11ad49,7d79e669-7010-4328-bbf5-3f7203dddd9a,0.0,0.0,,,False,False,7d79e669-7010-4328-bbf5-3f7203dddd9a
Macki Wojny 2026 - Otwarcie Sezonu ME-SBG,1a1d8ae7-1be8-46d3-afde-ab479c8cc5a3,Runda 4 Lords of Battle ,e7e85b0b-8b01-46d1-a0e5-a51d53403ff1,FINISHED,f255b7fd-87b6-4e1e-b226-39c31cc3842a,,2026-01-17T17:06:37.477Z,e9a1c79b-4ec3-495c-8a97-761badfb548b,309de8ee-ad9e-4a87-911b-e3a5d480d491,0.0,0.0,,,2ba043bc-592a-48de-928c-76b1bc15e304,eacb0c29-8302-462e-9e47-c61d95ce5ff3,6.0,6.0,,,False,False,eacb0c29-8302-462e-9e47-c61d95ce5ff3
Macki Wojny 2026 - Otwarcie Sezonu ME-SBG,1a1d8ae7-1be8-46d3-afde-ab479c8cc5a3,Runda 4 Lords of Battle ,e7e85b0b-8b01-46d1-a0e5-a51d53403ff1,FINISHED,c062784b-d2dc-4fca-bb9e-3e3aa4ecd11b,,2026-01-17T17:07:20.312Z,c28c6203-720c-4294-a75c-a37c660f7c1a,f1143858-3e87-4afe-807d-f33f21de6d7e,6.0,6.0,,,43f2e81f-7c52-4e86-9588-07a393d3af71,68bf04f5-3d30-4e15-9d0e-10ff004496e9,0.0,0.0,,,False,False,68bf04f5-3d30-4e15-9d0e-10ff004496e9
Macki Wojny 2026 - Otwarcie Sezonu ME-SBG,1a1d8ae7-1be8-46d3-afde-ab479c8cc5a3,Runda 4 Lords of Battle ,e7e85b0b-8b01-46d1-a0e5-a51d53403ff1,FINISHED,01529cfc-d9cb-46a0-b9ab-218064826b56,,2026-01-17T17:07:47.950Z,9cdc4f98-8a2c-4495-8269-a72f23da7388,1723649c-e9e5-42eb-9e2a-d9de6492fd21,0.0,0.0,,,30847850-47d6-4206-a4bc-04651c41740f,85e858a0-eb30-4b0d-8622-f6bdbc8c12e8,6.0,6.0,,,False,False,85e858a0-eb30-4b0d-8622-f6bdbc8c12e8
Macki Wojny 2026 - Otwarcie Sezonu ME-SBG,1a1d8ae7-1be8-46d3-afde-ab479c8cc5a3,Runda 4 Lords of Battle ,e7e85b0b-8b01-46d1-a0e5-a51d53403ff1,FINISHED,1e6c6135-7e69-4528-a28c-42d19ec30291,,2026-01-17T17:41:13.981Z,1656c2cf-ae49-4a76-9151-7f483cc1bb77,1162e493-2a1e-4b15-aa4d-70fd185e8f8d,0.0,2.0,,,f7c3a181-057c-483c-9328-f2a9a386b2b3,774afb8c-8f87-46dc-823e-a82621336e4f,6.0,18.0,,,False,False,774afb8c-8f87-46dc-823e-a82621336e4f
Macki Wojny 2026 - Otwarcie Sezonu ME-SBG,1a1d8ae7-1be8-46d3-afde-ab479c8cc5a3,Runda 4 Lords of Battle ,e7e85b0b-8b01-46d1-a0e5-a51d53403ff1,FINISHED,780eb8fc-1fe3-49f8-953d-ba7f6f9a6c05,,2026-01-17T18:11:04.965Z,48cc15a1-15dd-4171-8eb2-82b843690af4,97c5e5bc-7502-4f16-9c1b-53ead4fab5b2,0.0,1.0,,,148632b4-d624-4de3-82bd-13504b3ca54c,c0c93d87-3a8b-4fd2-a654-f009b0226875,6.0,18.0,,,False,False,c0c93d87-3a8b-4fd2-a654-f009b0226875
Macki Wojny 2026 - Otwarcie Sezonu ME-SBG,1a1d8ae7-1be8-46d3-afde-ab479c8cc5a3,Runda 4 Lords of Battle ,e7e85b0b-8b01-46d1-a0e5-a51d53403ff1,FINISHED,a4950839-ce99-4a6c-83d2-514ffd5f65cb,,2026-01-17T18:11:50.296Z,e9b16f8d-2269-44ac-b4ac-d8571134089f,2a69f764-5cb1-4177-9200-d58b7117a089,0.0,1.0,,,003365d7-a846-4fcd-b0c2-c48135510f13,396741ce-3694-4877-9603-fe19efd6284f,6.0,10.0,,,False,False,396741ce-3694-4877-9603-fe19efd6284f
Macki Wojny 2026 - Otwarcie Sezonu ME-SBG,1a1d8ae7-1be8-46d3-afde-ab479c8cc5a3,Runda 4 Lords of Battle ,e7e85b0b-8b01-46d1-a0e5-a51d53403ff1,FINISHED,b904e3b0-6582-4352-b3f1-04dc074a2e74,,2026-01-17T18:01:25.174Z,5141efed-5193-49da-ae12-b11f4684f676,7ca2b5ee-c648-4e98-bcba-50d159612ecc,0.0,1.0,,,f802cebe-7c90-4819-9b89-60a36b30e7b3,71f045ad-ce24-4e8b-865a-1dc0f634a42d,6.0,15.0,,,False,False,71f045ad-ce24-4e8b-865a-1dc0f634a42d
Macki Wojny 2026 - Otwarcie Sezonu ME-SBG,1a1d8ae7-1be8-46d3-afde-ab479c8cc5a3,Runda 4 Lords of Battle ,e7e85b0b-8b01-46d1-a0e5-a51d53403ff1,FINISHED,1e7a15b3-8aa9-474d-aecc-25a13ce1cd19,,2026-01-17T18:01:25.945Z,18bcc7d3-8d1a-40b4-b1e8-8d02aa7000a4,a946ead4-d386-4d2f-b350-64a65f00e5e2,0.0,4.0,,,b0a9751a-31cc-47a3-a88d-099e5672c8bb,dedfc2b9-4e69-452e-a9ae-35e131680cd5,6.0,12.0,,,False,False,dedfc2b9-4e69-452e-a9ae-35e131680cd5
Macki Wojny 2026 - Otwarcie Sezonu ME-SBG,1a1d8ae7-1be8-46d3-afde-ab479c8cc5a3,Runda 4 Lords of Battle ,e7e85b0b-8b01-46d1-a0e5-a51d53403ff1,FINISHED,1c6e5456-93f1-4d8c-a13c-645c1cf79c52,,2026-01-17T18:05:58.198Z,b7b9aed7-afc0-42c2-a750-bf0ef1b3c0fa,1081ab22-cae7-4cc1-8b47-c69bffcfa8d2,0.0,0.0,,,bd73a981-d8c2-4ead-a5e4-15a344a6594c,c451779b-6172-4e1a-acbd-1b387949849d,6.0,20.0,,,False,False,c451779b-6172-4e1a-acbd-1b387949849d
Macki Wojny 2026 - Otwarcie Sezonu ME-SBG,1a1d8ae7-1be8-46d3-afde-ab479c8cc5a3,Runda 4 Lords of Battle ,e7e85b0b-8b01-46d1-a0e5-a51d53403ff1,FINISHED,0d7ce52d-839f-40e4-bf0a-b64734c012e0,,2026-01-17T18:12:09.400Z,586204d6-583f-4ef6-baef-94fc41b3f129,83bffbd7-d053-452e-a6ad-1da65ccb448a,0.0,0.0,,,b790fd67-0cc0-4432-a610-6fc607226582,f6f2e7ef-8125-4bd0-90cb-7e6220d6af31,6.0,16.0,,,False,False,f6f2e7ef-8125-4bd0-90cb-7e6220d6af31
Macki Wojny 2026 - Otwarcie Sezonu ME-SBG,1a1d8ae7-1be8-46d3-afde-ab479c8cc5a3,Runda 4 Lords of Battle ,e7e85b0b-8b01-46d1-a0e5-a51d53403ff1,FINISHED,48572cfb-8ebd-451d-adf0-28ee7631b299,,2026-01-17T18:14:07.052Z,e2ded5a1-40ea-4c99-b180-b6195904a6f6,6bec13b2-87d9-4e6d-b7ca-06b9e90bf3ba,1.0,1.0,,,50e9681e-41c8-435f-82a5-4650754c6287,beec30f8-4a47-431b-b7ed-e7f37e95bbbc,5.0,5.0,,,False,False,beec30f8-4a47-431b-b7ed-e7f37e95bbbc
Macki Wojny 2026 - Otwarcie Sezonu ME-SBG,1a1d8ae7-1be8-46d3-afde-ab479c8cc5a3,Runda 4 Lords of Battle ,e7e85b0b-8b01-46d1-a0e5-a51d53403ff1,FINISHED,7c4aff24-dd5a-4e9f-9926-7b6b828df9fb,,2026-01-17T18:18:58.242Z,741b1c49-fe24-4e3e-9311-35dae21310cf,dfae3b97-3154-43b8-a7cf-26ece499fa82,0.0,5.0,,,9556be4b-11c1-48fc-8dd0-556904fc1dcd,2f1215b6-dd3c-44cc-9604-ee8e4b42553c,6.0,15.0,,,False,False,2f1215b6-dd3c-44cc-9604-ee8e4b42553c
Macki Wojny 2026 - Otwarcie Sezonu ME-SBG,1a1d8ae7-1be8-46d3-afde-ab479c8cc5a3,Runda 4 Lords of Battle ,e7e85b0b-8b01-46d1-a0e5-a51d53403ff1,FINISHED,ddec9d25-607c-4123-8ced-ed674052fe35,,2026-01-17T18:19:29.635Z,95cc6a01-b31c-4251-8068-415033003b8b,8c340f26-1543-4335-8b37-d814614b81f9,0.0,0.0,,,20d89fe3-4aa1-443e-93d4-4c72040a3f05,d49d9342-cc0c-46cc-83bf-ddd443b7aa8b,6.0,20.0,,,False,False,d49d9342-cc0c-46cc-83bf-ddd443b7aa8b
Macki Wojny 2026 - Otwarcie Sezonu ME-SBG,1a1d8ae7-1be8-46d3-afde-ab479c8cc5a3,Runda 4 Lords of Battle ,e7e85b0b-8b01-46d1-a0e5-a51d53403ff1,FINISHED,2ea8f432-1e42-47e4-a54e-58e37317af0d,,2026-01-17T18:20:40.759Z,12ea9f81-b9fa-45b7-8e18-48385de410b9,3e29a228-3a1f-4cd4-b7b6-6a9ad0f22619,,2.0,,,d5cbecf8-2b45-44f2-bc27-7b3e6b9d0fdc,013435de-6dfa-4aa3-b660-b670b6a245e5,6.0,12.0,,,False,False,013435de-6dfa-4aa3-b660-b670b6a245e5
Macki Wojny 2026 - Otwarcie Sezonu ME-SBG,1a1d8ae7-1be8-46d3-afde-ab479c8cc5a3,Runda 4 Lords of Battle ,e7e85b0b-8b01-46d1-a0e5-a51d53403ff1,FINISHED,9384dc0e-44b5-47fa-969e-d22fd538ad8f,,2026-01-17T18:25:46.382Z,dea3a93e-494a-4ca5-b4f7-98e5afd170bc,62553300-be05-4e64-a57e-a9d7ea1b9e88,0.0,0.0,,,1134260d-6822-48a3-8d5c-3fe980fffb4c,ef46c5bc-e9ab-450b-85f5-4b88323ef1b8,6.0,20.0,,,False,False,ef46c5bc-e9ab-450b-85f5-4b88323ef1b8
Macki Wojny 2026 - Otwarcie Sezonu ME-SBG,1a1d8ae7-1be8-46d3-afde-ab479c8cc5a3,Runda 4 Lords of Battle ,e7e85b0b-8b01-46d1-a0e5-a51d53403ff1,FINISHED,c01fe2c6-c267-493c-8dae-b5f200f7ad6e,,2026-01-17T18:29:06.380Z,d83b8055-76cb-4ec1-b856-ec458e6250cd,6732875f-9e3b-44e5-b4a1-5ce209a9b359,0.0,0.0,,,90d9311f-639e-45c0-b911-b35d7dc47fec,5f6a7ffa-1a94-4176-a2f0-42f18d04a39e,6.0,7.0,,,False,False,5f6a7ffa-1a94-4176-a2f0-42f18d04a39e
Macki Wojny 2026 - Otwarcie Sezonu ME-SBG,1a1d8ae7-1be8-46d3-afde-ab479c8cc5a3,Runda 4 Lords of Battle ,e7e85b0b-8b01-46d1-a0e5-a51d53403ff1,FINISHED,a3664562-2997-4d8a-8053-79a0777301ef,,2026-01-17T18:29:26.057Z,5ad3dc4c-7d47-4752-b71c-5a1b386437d8,bd51334f-700f-46ea-9801-7fa43e9c53d0,0.0,0.0,,,4ac970a5-5097-48e7-bdae-f9c1591df60e,e99aafd2-d310-49bd-b0d5-b12b6acd1600,6.0,12.0,,,False,False,e99aafd2-d310-49bd-b0d5-b12b6acd1600
Macki Wojny 2026 - Otwarcie Sezonu ME-SBG,1a1d8ae7-1be8-46d3-afde-ab479c8cc5a3,Runda 4 Lords of Battle ,e7e85b0b-8b01-46d1-a0e5-a51d53403ff1,FINISHED,2a7996a2-ae30-4973-8c54-3039e90895dc,,2026-01-17T18:30:17.454Z,3e9116e4-a630-4bb8-b14d-d66701828412,9641c0c9-16e9-4bb7-a7f4-e73245f48db2,0.0,0.0,,,c04b063f-9e2b-46f1-a9ff-a8f9b2896df2,5de541e0-dfa6-4c41-b224-90684a3b5e1c,6.0,11.0,,,False,False,5de541e0-dfa6-4c41-b224-90684a3b5e1c
Macki Wojny 2026 - Otwarcie Sezonu ME-SBG,1a1d8ae7-1be8-46d3-afde-ab479c8cc5a3,Runda 4 Lords of Battle ,e7e85b0b-8b01-46d1-a0e5-a51d53403ff1,FINISHED,932dfca8-62e1-4f3c-bab3-21ecae8e3fb7,,2026-01-17T18:56:50.562Z,3ef30322-b900-4790-bcaa-7541b628c429,758ae748-3888-4bdf-b4f9-7972a8ac9948,0.0,0.0,,,2c580dfb-6774-4a4b-974e-42a58910897c,9357ea2e-af38-453d-9c2f-b828d5ccdfb6,6.0,16.0,,,False,False,9357ea2e-af38-453d-9c2f-b828d5ccdfb6
Macki Wojny 2026 - Otwarcie Sezonu ME-SBG,1a1d8ae7-1be8-46d3-afde-ab479c8cc5a3,Runda 4 Lords of Battle ,e7e85b0b-8b01-46d1-a0e5-a51d53403ff1,FINISHED,49b80fbf-8665-4ace-a24c-7ba0e1d6d66b,,2026-01-17T18:37:46.111Z,6d3fcd60-87ae-42cb-9185-8cbd2eec93aa,6f641816-8973-4f1f-b906-3b33d5710be9,0.0,0.0,,,b38c1b22-5f49-4abd-b544-3cdb8866c6f5,457f9c1a-0e9a-4c0e-ae41-7f00e3646fba,6.0,20.0,,,False,False,457f9c1a-0e9a-4c0e-ae41-7f00e3646fba
Macki Wojny 2026 - Otwarcie Sezonu ME-SBG,1a1d8ae7-1be8-46d3-afde-ab479c8cc5a3,Runda 4 Lords of Battle ,e7e85b0b-8b01-46d1-a0e5-a51d53403ff1,FINISHED,1c64ac30-f2fd-46b0-86a8-4e6f8adfcdc1,,2026-01-17T18:37:51.457Z,cb9c61a3-5474-42aa-872e-3dfa6dc50769,ef9855f8-ec35-456a-90da-7f4e9c0bebd5,0.0,0.0,,,6a9be910-ab9c-4930-af38-fbb47a37b884,2dcb6efc-305d-46f5-b777-32b6ba7307ce,6.0,20.0,,,False,False,2dcb6efc-305d-46f5-b777-32b6ba7307ce
Macki Wojny 2026 - Otwarcie Sezonu ME-SBG,1a1d8ae7-1be8-46d3-afde-ab479c8cc5a3,Runda 4 Lords of Battle ,e7e85b0b-8b01-46d1-a0e5-a51d53403ff1,FINISHED,a3659237-9f5c-496a-b741-9a5737ba6fc8,,2026-01-17T18:36:35.520Z,6dbfe69e-b664-4f96-9ef5-c4ae8f5085b2,222c2b52-47fd-4345-a6ec-a83ee05ccb12,6.0,11.0,,,f0f30fe5-27e6-41ef-b152-76b9d88ed3ba,fe2829dd-d3d5-4397-9c63-f65a285aba6e,0.0,4.0,,,False,False,222c2b52-47fd-4345-a6ec-a83ee05ccb12
Macki Wojny 2026 - Otwarcie Sezonu ME-SBG,1a1d8ae7-1be8-46d3-afde-ab479c8cc5a3,Runda 4 Lords of Battle ,e7e85b0b-8b01-46d1-a0e5-a51d53403ff1,FINISHED,7930bf2c-a418-4bc9-bb5c-6ad19c92f489,,2026-01-17T18:40:47.795Z,39eb1c9d-c3bb-4649-a3a1-e37b8b681c08,a7f6afd7-7e8e-4a00-a3ba-fc637ca964fd,3.0,6.0,,,ab728d14-d93a-497b-9299-47beffdf84a3,780e8297-2cf1-4ac2-89bd-e9dd5ece6347,3.0,6.0,,,False,False,780e8297-2cf1-4ac2-89bd-e9dd5ece6347
Macki Wojny 2026 - Otwarcie Sezonu ME-SBG,1a1d8ae7-1be8-46d3-afde-ab479c8cc5a3,Runda 4 Lords of Battle ,e7e85b0b-8b01-46d1-a0e5-a51d53403ff1,FINISHED,ee97d961-595d-453d-bad3-1c7d57d6eb8b,,2026-01-17T18:41:41.422Z,af8977b1-775c-4e0f-a77e-eec764e9c2ee,6bbae723-3f56-4f46-b886-e4f179c50e93,1.0,4.0,,,4414d392-420b-43ac-ab5f-2de46b235666,27e5fd8e-fc73-48f9-802e-3546fde22d25,5.0,6.0,,,False,False,27e5fd8e-fc73-48f9-802e-3546fde22d25
Macki Wojny 2026 - Otwarcie Sezonu ME-SBG,1a1d8ae7-1be8-46d3-afde-ab479c8cc5a3,Runda 4 Lords of Battle ,e7e85b0b-8b01-46d1-a0e5-a51d53403ff1,FINISHED,72279ab5-572b-4a6b-b5cc-e2462e02448a,,2026-01-17T18:43:55.536Z,4f3e9b11-3ca0-48be-86e2-0d67c847a040,0b9e69bb-46e8-4b18-949b-c788fd37fe1e,0.0,2.0,,,99ff2d23-6768-4c13-89ae-9472e8e61d43,549399ee-ddad-4f74-a61d-02352b425f27,6.0,10.0,,,False,False,549399ee-ddad-4f74-a61d-02352b425f27
Macki Wojny 2026 - Otwarcie Sezonu ME-SBG,1a1d8ae7-1be8-46d3-afde-ab479c8cc5a3,Runda 4 Lords of Battle ,e7e85b0b-8b01-46d1-a0e5-a51d53403ff1,FINISHED,677fa14e-06ef-4bf6-a04d-50250da8ca3a,,2026-01-17T18:44:08.122Z,dd6a4073-9ac9-4fdb-a0a2-6775c7e29451,7c58612c-6b48-4ed3-b175-7f04a5269ff0,0.0,2.0,,,8c46167b-b078-4a7f-8edf-b2fe15d7f16d,a10c88af-658f-4dbe-bb23-533f04cdfa24,6.0,12.0,,,False,False,a10c88af-658f-4dbe-bb23-533f04cdfa24
Macki Wojny 2026 - Otwarcie Sezonu ME-SBG,1a1d8ae7-1be8-46d3-afde-ab479c8cc5a3,Runda 4 Lords of Battle ,e7e85b0b-8b01-46d1-a0e5-a51d53403ff1,FINISHED,78b5c6da-a348-4917-b3e1-e9add582a18f,,2026-01-17T18:47:02.270Z,4a1924cb-c788-4a9a-bf14-48c6c440c328,93cda88b-c976-4e61-8f65-9a5a5f1ecf7b,0.0,1.0,,,c4240b38-1067-4821-a7e8-81a183e536cf,9e5a191c-e93a-436d-b7b0-95d223dd6e2e,6.0,9.0,,,False,False,9e5a191c-e93a-436d-b7b0-95d223dd6e2e
Macki Wojny 2026 - Otwarcie Sezonu ME-SBG,1a1d8ae7-1be8-46d3-afde-ab479c8cc5a3,Runda 4 Lords of Battle ,e7e85b0b-8b01-46d1-a0e5-a51d53403ff1,FINISHED,14a316eb-0fa9-4a08-a938-e2c676acf844,,2026-01-17T18:49:07.554Z,b34aa064-f6f1-4b1d-93e1-93760c8b896f,5d01b02f-444d-4547-958a-e2dcac24e017,6.0,10.0,,,ae988194-b0fd-423e-9e18-d14ff81828fe,7f22159a-00df-4a00-9aa9-2f36d60d2455,0.0,3.0,,,False,False,7f22159a-00df-4a00-9aa9-2f36d60d2455
Macki Wojny 2026 - Otwarcie Sezonu ME-SBG,1a1d8ae7-1be8-46d3-afde-ab479c8cc5a3,Runda 4 Lords of Battle ,e7e85b0b-8b01-46d1-a0e5-a51d53403ff1,FINISHED,a44ab861-9387-43a0-8179-bf45cf02fda9,,2026-01-17T18:50:22.631Z,13db1f35-a380-4b17-b060-17fa223ab993,6c1b533a-5a81-442a-8d96-1100083dcb4b,0.0,1.0,,,7af2c863-9360-4474-8f38-82c75cb8f15d,6841eef6-931a-4375-ae1b-79843a97a82e,6.0,19.0,,,False,False,6841eef6-931a-4375-ae1b-79843a97a82e
Macki Wojny 2026 - Otwarcie Sezonu ME-SBG,1a1d8ae7-1be8-46d3-afde-ab479c8cc5a3,Runda 4 Lords of Battle ,e7e85b0b-8b01-46d1-a0e5-a51d53403ff1,FINISHED,4b9b74cc-21e6-4821-b31f-8e289725cb51,,2026-01-17T18:56:08.198Z,471d068e-1331-459e-a446-cc38682db447,20a238b0-37e6-400b-a2a1-20935ab4cc00,0.0,1.0,,,613e505b-78fb-40fe-bff8-c930588239c8,3723b773-cadb-46d3-8758-e1260476e981,6.0,11.0,,,False,False,3723b773-cadb-46d3-8758-e1260476e981
Macki Wojny 2026 - Otwarcie Sezonu ME-SBG,1a1d8ae7-1be8-46d3-afde-ab479c8cc5a3,Runda 4 Lords of Battle ,e7e85b0b-8b01-46d1-a0e5-a51d53403ff1,FINISHED,5d7b5549-02df-4ea4-8c15-39e4695bb525,,2026-01-17T19:00:24.371Z,03c0e5d4-cc5e-4671-a8f5-0f2cee273006,40ebe707-6a6c-4a85-aff5-58b2d0493daa,0.0,0.0,,,81b7f692-f3e7-4dba-842d-919a08106004,48655433-fa77-4b22-b13e-a33b593f1a57,6.0,18.0,,,False,False,48655433-fa77-4b22-b13e-a33b593f1a57
Macki Wojny 2026 - Otwarcie Sezonu ME-SBG,1a1d8ae7-1be8-46d3-afde-ab479c8cc5a3,Runda 4 Lords of Battle ,e7e85b0b-8b01-46d1-a0e5-a51d53403ff1,FINISHED,e037be23-c557-4c72-8d7e-235b11fea310,,2026-01-17T19:00:59.066Z,507859a8-d7a0-42ce-a138-73c18633bdae,d8c20013-b03c-48e4-bb24-3acb4aeb30e6,0.0,0.0,,,9895b2e3-539d-4c4a-b590-2e8190f126b7,592e6817-d59d-4c9e-80b7-e9d8956362be,6.0,11.0,,,False,False,592e6817-d59d-4c9e-80b7-e9d8956362be
Macki Wojny 2026 - Otwarcie Sezonu ME-SBG,1a1d8ae7-1be8-46d3-afde-ab479c8cc5a3,Runda 4 Lords of Battle ,e7e85b0b-8b01-46d1-a0e5-a51d53403ff1,FINISHED,3057cae5-d219-4161-b87d-c84356df6233,,2026-01-17T19:01:45.205Z,023b7a63-6393-4066-80fe-bb6782e13f23,3d3c9443-6720-45cd-9b05-449182fcbbde,0.0,0.0,,,a7054cdf-3dec-4917-a3a5-98d2c925ed50,5dd629bc-7618-4bd4-9b02-0c13fc7b7a34,6.0,20.0,,,False,False,5dd629bc-7618-4bd4-9b02-0c13fc7b7a34
Macki Wojny 2026 - Otwarcie Sezonu ME-SBG,1a1d8ae7-1be8-46d3-afde-ab479c8cc5a3,Runda 4 Lords of Battle ,e7e85b0b-8b01-46d1-a0e5-a51d53403ff1,FINISHED,76a8d2af-7be6-4da8-8c1b-eda12480141a,,2026-01-17T19:02:01.767Z,4e5129f0-9d39-4521-926c-d66a0876cb81,6dead819-2363-4244-ab43-933ee534235f,1.0,2.0,,,f1b58b06-4852-4bd1-ba21-a81ac4e64a99,a4179cf5-0caa-450b-8b1d-8331298d0ee1,5.0,5.0,,,False,False,a4179cf5-0caa-450b-8b1d-8331298d0ee1
Macki Wojny 2026 - Otwarcie Sezonu ME-SBG,1a1d8ae7-1be8-46d3-afde-ab479c8cc5a3,Runda 4 Lords of Battle ,e7e85b0b-8b01-46d1-a0e5-a51d53403ff1,FINISHED,bb161250-ce5a-4f5b-a68c-3ec6155f7350,,2026-01-17T19:02:28.943Z,44e3cf2b-cfbb-4068-9df5-14c2e7cdae1c,73de21a8-323e-470e-8e98-8aba0d14d244,0.0,1.0,,,dc54811f-23d3-453a-9ce8-24a6a265f7f7,bbbe191e-78cb-42d6-acc6-fd53718b1fd2,6.0,16.0,,,False,False,bbbe191e-78cb-42d6-acc6-fd53718b1fd2
Macki Wojny 2026 - Otwarcie Sezonu ME-SBG,1a1d8ae7-1be8-46d3-afde-ab479c8cc5a3,Runda 4 Lords of Battle ,e7e85b0b-8b01-46d1-a0e5-a51d53403ff1,FINISHED,770e3efa-27fe-4531-aae8-8d39f6daa8da,,2026-01-17T19:05:03.212Z,8100b807-f540-4631-8472-6f1f2258c678,0231b3c3-fb2b-4033-8dd3-bf98d9e29410,0.0,2.0,,,cd36e57e-df64-44bb-ad6c-ef94f442014d,cd36b01c-87a1-47c9-b877-a65940b24b12,6.0,14.0,,,False,False,cd36b01c-87a1-47c9-b877-a65940b24b12
Macki Wojny 2026 - Otwarcie Sezonu ME-SBG,1a1d8ae7-1be8-46d3-afde-ab479c8cc5a3,Runda 4 Lords of Battle ,e7e85b0b-8b01-46d1-a0e5-a51d53403ff1,FINISHED,7d487e1f-20b1-4f90-b6d3-25dc0699ce59,,2026-01-17T19:05:59.235Z,cff047e6-df65-4716-9f50-336f059503b0,9eaf0945-81fd-494b-be1f-3b6f349ce991,0.0,0.0,,,4bcce9d0-39f7-4b30-91ef-118daad7aa98,70266969-1e35-47ca-9876-4628421f6cf6,6.0,15.0,,,False,False,70266969-1e35-47ca-9876-4628421f6cf6
Macki Wojny 2026 - Otwarcie Sezonu ME-SBG,1a1d8ae7-1be8-46d3-afde-ab479c8cc5a3,Runda 4 Lords of Battle ,e7e85b0b-8b01-46d1-a0e5-a51d53403ff1,FINISHED,ceb498f4-5d84-4fc2-8101-b74b6a1ea1b1,,2026-01-17T19:06:16.000Z,7af1d483-234c-478f-aa96-867ba9dadd76,4a55491b-3a8e-47bb-8c61-85b9446dca01,0.0,0.0,,,a231d366-6507-4d9e-9c5d-cf67fcaeed99,21066989-54d5-4f5b-b9f2-4ef34bb62943,6.0,16.0,,,False,False,21066989-54d5-4f5b-b9f2-4ef34bb62943
Macki Wojny 2026 - Otwarcie Sezonu ME-SBG,1a1d8ae7-1be8-46d3-afde-ab479c8cc5a3,Runda 4 Lords of Battle ,e7e85b0b-8b01-46d1-a0e5-a51d53403ff1,FINISHED,f6097fcc-0595-4a72-a559-5e7369b0fb9d,,2026-01-17T19:10:34.930Z,62623bea-3258-440a-8266-5996d5fe20c6,d96af431-77bb-4909-bb15-61df62e81b15,0.0,1.0,,,c9f7cc18-0b9a-40b2-8534-4e4111baafad,a15d42d2-401a-42d5-a0e7-e8f88c780302,6.0,9.0,,,False,False,a15d42d2-401a-42d5-a0e7-e8f88c780302
Macki Wojny 2026 - Otwarcie Sezonu ME-SBG,1a1d8ae7-1be8-46d3-afde-ab479c8cc5a3,Runda 4 Lords of Battle ,e7e85b0b-8b01-46d1-a0e5-a51d53403ff1,FINISHED,7e3610bb-989d-4897-893c-9a4bbf9a438d,,2026-01-17T19:11:16.867Z,33958917-6740-4572-b399-71aef668d187,1279e92f-2cd2-4ab8-855a-9630a43d2c60,0.0,1.0,,,e12e8fee-1e08-4aa6-8a96-0999c72ddf49,4312b892-eb2e-491a-b14a-6f7cff1ab128,6.0,14.0,,,False,False,4312b892-eb2e-491a-b14a-6f7cff1ab128
Macki Wojny 2026 - Otwarcie Sezonu ME-SBG,1a1d8ae7-1be8-46d3-afde-ab479c8cc5a3,Runda 4 Lords of Battle ,e7e85b0b-8b01-46d1-a0e5-a51d53403ff1,FINISHED,08bc2c09-347b-4041-b72e-0fdea41e5afd,,2026-01-17T19:12:10.125Z,f7b1233d-b213-4f8c-8de8-628bd7dcc7c5,15e5a444-91c2-43fe-8b7b-c927354ca51a,0.0,0.0,,,3490afba-5dc9-40f8-a522-061cf9b1637e,21c12fb0-4289-4df3-8bad-f18c2a49fd0d,6.0,7.0,,,False,False,21c12fb0-4289-4df3-8bad-f18c2a49fd0d
Macki Wojny 2026 - Otwarcie Sezonu ME-SBG,1a1d8ae7-1be8-46d3-afde-ab479c8cc5a3,Runda 4 Lords of Battle ,e7e85b0b-8b01-46d1-a0e5-a51d53403ff1,FINISHED,068ea314-5357-4025-a463-194dead4a82e,,2026-01-17T19:12:18.072Z,543a5629-01f9-4bc5-8742-6dec8f8aed84,f0b719fd-09d6-4d2a-a87c-bd6e7fcd6990,6.0,15.0,,,df1e8afa-d439-4077-8853-3d2a602b398d,4edd7b4a-f5e4-4136-9363-aa93d7e9b8e3,,,,,False,False,4edd7b4a-f5e4-4136-9363-aa93d7e9b8e3
Macki Wojny 2026 - Otwarcie Sezonu ME-SBG,1a1d8ae7-1be8-46d3-afde-ab479c8cc5a3,Runda 4 Lords of Battle ,e7e85b0b-8b01-46d1-a0e5-a51d53403ff1,FINISHED,4a3b5e9f-88fe-44c4-b639-de6c4294cc06,,2026-01-17T19:13:13.662Z,8daadcb7-fc8d-458a-babf-788288898e70,06e08db4-eeb0-41a3-9e0c-7a8d0203bc0e,0.0,0.0,,,329c4062-dd3e-42d9-aba2-f4ecbab5f802,337cf4cf-c3db-40f2-bccb-d9d98d3928b9,6.0,10.0,,,False,False,337cf4cf-c3db-40f2-bccb-d9d98d3928b9
Macki Wojny 2026 - Otwarcie Sezonu ME-SBG,1a1d8ae7-1be8-46d3-afde-ab479c8cc5a3,Runda 4 Lords of Battle ,e7e85b0b-8b01-46d1-a0e5-a51d53403ff1,FINISHED,d40025f3-c004-42fe-a6fd-54da168173df,,2026-01-17T19:18:52.511Z,6c666507-55b7-420c-ad78-6cb2e62250f7,e11c9221-5fee-4a26-b4a8-23f3ee654de2,0.0,0.0,,,903c6b07-c3e7-4791-9110-64ea79c84870,1e4b9bdf-6062-4736-aef3-52bc568f8803,6.0,8.0,,,False,False,1e4b9bdf-6062-4736-aef3-52bc568f8803
Macki Wojny 2026 - Otwarcie Sezonu ME-SBG,1a1d8ae7-1be8-46d3-afde-ab479c8cc5a3,Runda 4 Lords of Battle ,e7e85b0b-8b01-46d1-a0e5-a51d53403ff1,FINISHED,35a9a09c-7d18-48c5-8525-fa4d591c5e9c,,2026-01-17T19:21:05.761Z,6cbb89d4-c227-42e6-9a3e-0056f8deb1aa,5f55d7f6-e77c-45a0-b083-60691560a665,0.0,1.0,,,8b9424eb-334c-4542-bedd-82a720dc4686,6df80142-0804-43f3-910e-3d51131586cf,6.0,8.0,,,False,False,6df80142-0804-43f3-910e-3d51131586cf
Macki Wojny 2026 - Otwarcie Sezonu ME-SBG,1a1d8ae7-1be8-46d3-afde-ab479c8cc5a3,Runda 4 Lords of Battle ,e7e85b0b-8b01-46d1-a0e5-a51d53403ff1,FINISHED,20dcda52-e851-46ba-87b6-a1a37f3c462a,,2026-01-17T19:21:42.164Z,2369eaf9-dc0f-4ca6-a171-58a907141ef7,6de86bb6-ffbe-4ead-8093-654e44b76ddf,0.0,0.0,,,45d28a21-a326-4316-8a0d-be2cf00da3ff,a8c5dace-3769-45a7-9812-c134eda0fcae,6.0,14.0,,,False,False,a8c5dace-3769-45a7-9812-c134eda0fcae
Macki Wojny 2026 - Otwarcie Sezonu ME-SBG,1a1d8ae7-1be8-46d3-afde-ab479c8cc5a3,Runda 4 Lords of Battle ,e7e85b0b-8b01-46d1-a0e5-a51d53403ff1,FINISHED,8d13df99-cab8-4d42-b4b4-8c6ce6b9c6bc,,2026-01-17T18:39:13.340Z,7dfc2858-2386-4096-833c-1c9386e81cd4,4e8fbce8-9600-4b61-af86-6731e366fce3,0.0,1.0,,,1f5f8031-8b86-445b-b5ed-91fc3a54b16b,0d2c492e-db5d-4e7d-8b72-8134e6cd8d39,6.0,14.0,,,False,True,0d2c492e-db5d-4e7d-8b72-8134e6cd8d39
Macki Wojny 2026 - Otwarcie Sezonu ME-SBG,1a1d8ae7-1be8-46d3-afde-ab479c8cc5a3,Runda 4 Lords of Battle ,e7e85b0b-8b01-46d1-a0e5-a51d53403ff1,FINISHED,74b5fa10-18f0-4c2e-bf20-5fbf280f606b,,2026-01-17T19:19:18.648Z,8cd95448-27f9-424b-b5fa-5d51df114eb0,9fa82917-385d-469e-84c0-8db3e5214cd5,0.0,0.0,,,c51aada2-8ed6-4f1b-820c-6dadcf98cc0b,ac23a3ec-2b0f-4d94-8575-948ae2f7eb83,6.0,8.0,,,False,True,ac23a3ec-2b0f-4d94-8575-948ae2f7eb83
Macki Wojny 2026 - Otwarcie Sezonu ME-SBG,1a1d8ae7-1be8-46d3-afde-ab479c8cc5a3,Runda 5 Stake a Claim ,4acef5a5-c534-4fb6-9f05-9c5af39205b1,FINISHED,c081073b-2e39-47cc-b533-ac45faeee1a7,,2026-01-18T08:58:01.322Z,ff1633bc-f7f0-4085-be1c-db70270adba2,4edd7b4a-f5e4-4136-9363-aa93d7e9b8e3,3.0,6.0,,,994d24a9-56b3-4ca3-a164-4e3ed16e6aca,72214086-3cc8-4fa1-8520-7a6de92529de,3.0,6.0,,,False,False,72214086-3cc8-4fa1-8520-7a6de92529de
Macki Wojny 2026 - Otwarcie Sezonu ME-SBG,1a1d8ae7-1be8-46d3-afde-ab479c8cc5a3,Runda 5 Stake a Claim ,4acef5a5-c534-4fb6-9f05-9c5af39205b1,FINISHED,02986d1a-d9e4-44c6-9578-1b014450fdab,,2026-01-18T08:59:49.351Z,37f95a77-33e4-4cb1-b13f-bb97a3b9f2b5,309de8ee-ad9e-4a87-911b-e3a5d480d491,3.0,6.0,,,5cf79472-0b70-4f96-970e-19ac958e5d0b,3723b773-cadb-46d3-8758-e1260476e981,3.0,6.0,,,False,False,3723b773-cadb-46d3-8758-e1260476e981
Macki Wojny 2026 - Otwarcie Sezonu ME-SBG,1a1d8ae7-1be8-46d3-afde-ab479c8cc5a3,Runda 5 Stake a Claim ,4acef5a5-c534-4fb6-9f05-9c5af39205b1,FINISHED,3d4d23b4-f451-4eaa-8f33-0de755018793,,2026-01-18T10:07:32.428Z,dffb2e58-f2b7-46c2-ba78-7a3dc41d32fe,6732875f-9e3b-44e5-b4a1-5ce209a9b359,0.0,1.0,,,9d76d32a-e603-4e99-acaf-569b3b301f1c,6dead819-2363-4244-ab43-933ee534235f,6.0,12.0,,,False,False,6dead819-2363-4244-ab43-933ee534235f
Macki Wojny 2026 - Otwarcie Sezonu ME-SBG,1a1d8ae7-1be8-46d3-afde-ab479c8cc5a3,Runda 5 Stake a Claim ,4acef5a5-c534-4fb6-9f05-9c5af39205b1,FINISHED,5591f7dd-bc7d-4177-96de-008e49fdcd6e,,2026-01-18T09:49:18.331Z,25c04776-35b3-4f5c-a950-f8e8141a7c00,a15d42d2-401a-42d5-a0e7-e8f88c780302,0.0,0.0,,,fdf19025-ade1-4f80-9b9e-cccffd4ac000,beec30f8-4a47-431b-b7ed-e7f37e95bbbc,6.0,12.0,,,False,False,beec30f8-4a47-431b-b7ed-e7f37e95bbbc
Macki Wojny 2026 - Otwarcie Sezonu ME-SBG,1a1d8ae7-1be8-46d3-afde-ab479c8cc5a3,Runda 5 Stake a Claim ,4acef5a5-c534-4fb6-9f05-9c5af39205b1,FINISHED,9bfb02ba-3e52-4dbe-a572-60c14f965b07,,2026-01-18T09:57:45.203Z,e8bb9455-e574-489a-a675-609ba8621634,7f22159a-00df-4a00-9aa9-2f36d60d2455,0.0,0.0,,,a0382316-3044-492b-b7b2-ec2436484963,1723649c-e9e5-42eb-9e2a-d9de6492fd21,6.0,17.0,,,False,False,1723649c-e9e5-42eb-9e2a-d9de6492fd21
Macki Wojny 2026 - Otwarcie Sezonu ME-SBG,1a1d8ae7-1be8-46d3-afde-ab479c8cc5a3,Runda 5 Stake a Claim ,4acef5a5-c534-4fb6-9f05-9c5af39205b1,FINISHED,396c42ab-6522-498a-b6eb-63d0c976676c,,2026-01-18T09:58:37.239Z,01e6a5e7-b5b0-415f-95f8-7cdbbe523596,5d01b02f-444d-4547-958a-e2dcac24e017,0.0,0.0,,,550683fc-0281-42e6-ab7a-74ea27c480bf,85e858a0-eb30-4b0d-8622-f6bdbc8c12e8,6.0,20.0,,,False,False,85e858a0-eb30-4b0d-8622-f6bdbc8c12e8
Macki Wojny 2026 - Otwarcie Sezonu ME-SBG,1a1d8ae7-1be8-46d3-afde-ab479c8cc5a3,Runda 5 Stake a Claim ,4acef5a5-c534-4fb6-9f05-9c5af39205b1,FINISHED,e346d3c4-cb70-4fd3-920d-2fa26bde2882,,2026-01-18T09:59:06.273Z,536820bd-0110-47e5-a0a1-b70e179e6b15,2a69f764-5cb1-4177-9200-d58b7117a089,0.0,0.0,,,22068828-8a80-4ad3-8834-82e1bff5ee38,68bf04f5-3d30-4e15-9d0e-10ff004496e9,6.0,20.0,,,False,False,68bf04f5-3d30-4e15-9d0e-10ff004496e9
Macki Wojny 2026 - Otwarcie Sezonu ME-SBG,1a1d8ae7-1be8-46d3-afde-ab479c8cc5a3,Runda 5 Stake a Claim ,4acef5a5-c534-4fb6-9f05-9c5af39205b1,FINISHED,851b37ee-b373-4ae8-be6e-a23e813e5c1a,,2026-01-18T10:08:02.350Z,c7bb96e7-264f-455d-b29f-3a0eaab39dbf,fe2829dd-d3d5-4397-9c63-f65a285aba6e,5.0,8.0,,,57bf759d-3a56-45f1-8182-7c43797c56c7,bddd8ac9-5247-4f0a-9a17-4ac7bea1812a,1.0,4.0,,,False,False,bddd8ac9-5247-4f0a-9a17-4ac7bea1812a
Macki Wojny 2026 - Otwarcie Sezonu ME-SBG,1a1d8ae7-1be8-46d3-afde-ab479c8cc5a3,Runda 5 Stake a Claim ,4acef5a5-c534-4fb6-9f05-9c5af39205b1,FINISHED,280c5ecc-c9d0-465a-8bc7-03350b4c0718,,2026-01-18T10:09:45.031Z,914c4173-4a6d-49d5-955b-c8274d9d43b5,c0c93d87-3a8b-4fd2-a654-f009b0226875,0.0,3.0,,,8c1bd689-76b7-4320-9a1c-f16ed4de5e0a,bd51334f-700f-46ea-9801-7fa43e9c53d0,6.0,15.0,,,False,False,bd51334f-700f-46ea-9801-7fa43e9c53d0
Macki Wojny 2026 - Otwarcie Sezonu ME-SBG,1a1d8ae7-1be8-46d3-afde-ab479c8cc5a3,Runda 5 Stake a Claim ,4acef5a5-c534-4fb6-9f05-9c5af39205b1,FINISHED,49bc60c2-e0a9-4978-a21e-43c55cb7fcd6,,2026-01-18T10:16:50.520Z,3b4692ae-c9ca-4528-81e4-48b91ac21d92,97c5e5bc-7502-4f16-9c1b-53ead4fab5b2,6.0,13.0,,,749b67e3-5df8-4589-827a-845e0cf86bf9,8c340f26-1543-4335-8b37-d814614b81f9,0.0,0.0,,,False,False,8c340f26-1543-4335-8b37-d814614b81f9
Macki Wojny 2026 - Otwarcie Sezonu ME-SBG,1a1d8ae7-1be8-46d3-afde-ab479c8cc5a3,Runda 5 Stake a Claim ,4acef5a5-c534-4fb6-9f05-9c5af39205b1,FINISHED,07eb30a8-c56e-412e-a25c-843f5320e22e,,2026-01-18T10:21:50.273Z,961d7d4d-e808-400c-a938-ab53da2efa69,7ca2b5ee-c648-4e98-bcba-50d159612ecc,0.0,1.0,,,ef7c246e-8e97-4459-8695-5286946a8dd7,1279e92f-2cd2-4ab8-855a-9630a43d2c60,6.0,16.0,,,False,False,1279e92f-2cd2-4ab8-855a-9630a43d2c60
Macki Wojny 2026 - Otwarcie Sezonu ME-SBG,1a1d8ae7-1be8-46d3-afde-ab479c8cc5a3,Runda 5 Stake a Claim ,4acef5a5-c534-4fb6-9f05-9c5af39205b1,FINISHED,e0698884-673c-4f8c-a75a-d3b8729b8c72,,2026-01-18T10:24:33.643Z,1be467ef-78e5-49b3-9316-364881cba16b,cd36b01c-87a1-47c9-b877-a65940b24b12,0.0,0.0,,,33559f0c-65a7-416e-b424-02d400891571,9641c0c9-16e9-4bb7-a7f4-e73245f48db2,6.0,17.0,,,False,False,9641c0c9-16e9-4bb7-a7f4-e73245f48db2
Macki Wojny 2026 - Otwarcie Sezonu ME-SBG,1a1d8ae7-1be8-46d3-afde-ab479c8cc5a3,Runda 5 Stake a Claim ,4acef5a5-c534-4fb6-9f05-9c5af39205b1,FINISHED,628517a6-2e6f-44a5-873b-ab28e648fe73,,2026-01-18T10:29:06.368Z,c31ba14d-7d1c-4024-bdb8-31fb5b982fe2,457f9c1a-0e9a-4c0e-ae41-7f00e3646fba,1.0,5.0,,,de91b275-ef5e-4d99-81f3-284a186f5a19,1081ab22-cae7-4cc1-8b47-c69bffcfa8d2,5.0,8.0,,,False,False,1081ab22-cae7-4cc1-8b47-c69bffcfa8d2
Macki Wojny 2026 - Otwarcie Sezonu ME-SBG,1a1d8ae7-1be8-46d3-afde-ab479c8cc5a3,Runda 5 Stake a Claim ,4acef5a5-c534-4fb6-9f05-9c5af39205b1,FINISHED,94ca996e-0f5e-4137-9866-63dca59e9f56,,2026-01-18T10:32:32.422Z,1ccc8b81-b6ec-4291-8362-51133b051573,ef9855f8-ec35-456a-90da-7f4e9c0bebd5,1.0,4.0,,,05fdcb0d-203b-40a4-9b54-9bd39cd0ba3a,774afb8c-8f87-46dc-823e-a82621336e4f,5.0,8.0,,,False,False,774afb8c-8f87-46dc-823e-a82621336e4f
Macki Wojny 2026 - Otwarcie Sezonu ME-SBG,1a1d8ae7-1be8-46d3-afde-ab479c8cc5a3,Runda 5 Stake a Claim ,4acef5a5-c534-4fb6-9f05-9c5af39205b1,FINISHED,f9b2133a-945f-4584-9a37-39e611b061b0,,2026-01-18T10:31:46.122Z,68173397-1262-4d09-9f44-98d0cca53c87,06e08db4-eeb0-41a3-9e0c-7a8d0203bc0e,6.0,14.0,,,d9e4d225-5a2d-477e-b279-e59314723a45,21066989-54d5-4f5b-b9f2-4ef34bb62943,0.0,0.0,,,True,False,21066989-54d5-4f5b-b9f2-4ef34bb62943
Macki Wojny 2026 - Otwarcie Sezonu ME-SBG,1a1d8ae7-1be8-46d3-afde-ab479c8cc5a3,Runda 5 Stake a Claim ,4acef5a5-c534-4fb6-9f05-9c5af39205b1,FINISHED,5f2c804c-8d32-4ca2-8611-2040eebf343e,,2026-01-18T10:37:53.128Z,aa62cd76-4400-48b4-a1ab-e8bce0eaba29,a946ead4-d386-4d2f-b350-64a65f00e5e2,0.0,3.0,,,0b202597-3fb8-4c00-bd77-5dd0b095076d,592e6817-d59d-4c9e-80b7-e9d8956362be,6.0,18.0,,,False,False,592e6817-d59d-4c9e-80b7-e9d8956362be
Macki Wojny 2026 - Otwarcie Sezonu ME-SBG,1a1d8ae7-1be8-46d3-afde-ab479c8cc5a3,Runda 5 Stake a Claim ,4acef5a5-c534-4fb6-9f05-9c5af39205b1,FINISHED,3012912c-d13c-478f-871b-4c9e08a75d5b,,2026-01-18T10:42:13.329Z,000ec8ac-4d3f-4b22-b5ed-cafbd2918f01,396741ce-3694-4877-9603-fe19efd6284f,0.0,1.0,,,f86eca24-1713-437f-bb06-0e7101c13182,f1143858-3e87-4afe-807d-f33f21de6d7e,6.0,18.0,,,False,False,f1143858-3e87-4afe-807d-f33f21de6d7e
Macki Wojny 2026 - Otwarcie Sezonu ME-SBG,1a1d8ae7-1be8-46d3-afde-ab479c8cc5a3,Runda 5 Stake a Claim ,4acef5a5-c534-4fb6-9f05-9c5af39205b1,FINISHED,782fac33-bcc8-4b64-9b94-5b2e61813086,,2026-01-18T10:48:37.756Z,0e330a16-72dd-4478-8cdb-af735a8fb693,3e29a228-3a1f-4cd4-b7b6-6a9ad0f22619,1.0,8.0,,,1a4447db-9d2e-426a-b44b-454985638602,5f6a7ffa-1a94-4176-a2f0-42f18d04a39e,5.0,9.0,,,False,False,5f6a7ffa-1a94-4176-a2f0-42f18d04a39e
Macki Wojny 2026 - Otwarcie Sezonu ME-SBG,1a1d8ae7-1be8-46d3-afde-ab479c8cc5a3,Runda 5 Stake a Claim ,4acef5a5-c534-4fb6-9f05-9c5af39205b1,FINISHED,a7b9d0aa-03da-4064-8de5-dba5d2ffe467,,2026-01-18T10:50:12.178Z,8f01d359-e462-4f5a-9d98-efec6b6d1103,0231b3c3-fb2b-4033-8dd3-bf98d9e29410,1.0,5.0,,,8df2d7e1-f1f6-48b7-8476-dbf73f8adf1e,549399ee-ddad-4f74-a61d-02352b425f27,5.0,6.0,,,False,False,549399ee-ddad-4f74-a61d-02352b425f27
Macki Wojny 2026 - Otwarcie Sezonu ME-SBG,1a1d8ae7-1be8-46d3-afde-ab479c8cc5a3,Runda 5 Stake a Claim ,4acef5a5-c534-4fb6-9f05-9c5af39205b1,FINISHED,eb5fa82e-1c91-4e8a-8191-64c38e53a006,,2026-01-18T10:51:13.457Z,2e941e8f-77be-4155-b48c-11a901f477ea,6bec13b2-87d9-4e6d-b7ca-06b9e90bf3ba,1.0,4.0,,,cb667384-d2f1-4a70-84fe-71ca52791aba,c451779b-6172-4e1a-acbd-1b387949849d,5.0,5.0,,,False,False,c451779b-6172-4e1a-acbd-1b387949849d
Macki Wojny 2026 - Otwarcie Sezonu ME-SBG,1a1d8ae7-1be8-46d3-afde-ab479c8cc5a3,Runda 5 Stake a Claim ,4acef5a5-c534-4fb6-9f05-9c5af39205b1,FINISHED,4bf7c03b-1e13-4ede-a49b-968f3828f1e8,,2026-01-18T10:52:58.770Z,40acb2c4-f283-4c9e-9a17-66149763419b,a10c88af-658f-4dbe-bb23-533f04cdfa24,0.0,0.0,,,b0540160-ee7c-407f-a261-babacc7062d9,93cda88b-c976-4e61-8f65-9a5a5f1ecf7b,6.0,6.0,,,False,False,93cda88b-c976-4e61-8f65-9a5a5f1ecf7b
Macki Wojny 2026 - Otwarcie Sezonu ME-SBG,1a1d8ae7-1be8-46d3-afde-ab479c8cc5a3,Runda 5 Stake a Claim ,4acef5a5-c534-4fb6-9f05-9c5af39205b1,FINISHED,652e2eeb-ee05-477a-ade5-ef4c08172aa1,,2026-01-18T11:00:38.755Z,2cfaca93-ef8e-4691-847f-f58f1b9b9ca0,73de21a8-323e-470e-8e98-8aba0d14d244,0.0,0.0,,,643131a8-b6df-4e7d-bd82-e3cf77a30bf6,8cf73c83-a3a1-4dd6-8882-e8dd30912ab1,6.0,16.0,,,False,False,8cf73c83-a3a1-4dd6-8882-e8dd30912ab1
Macki Wojny 2026 - Otwarcie Sezonu ME-SBG,1a1d8ae7-1be8-46d3-afde-ab479c8cc5a3,Runda 5 Stake a Claim ,4acef5a5-c534-4fb6-9f05-9c5af39205b1,FINISHED,c226006a-81de-4278-b28c-09f9994e0817,,2026-01-18T11:00:46.665Z,1627559f-c1ed-4d07-9921-376dbdff63af,222c2b52-47fd-4345-a6ec-a83ee05ccb12,1.0,5.0,,,d5f94a41-1a00-4549-bc48-4d41756a2739,5dd629bc-7618-4bd4-9b02-0c13fc7b7a34,5.0,6.0,,,False,False,5dd629bc-7618-4bd4-9b02-0c13fc7b7a34
Macki Wojny 2026 - Otwarcie Sezonu ME-SBG,1a1d8ae7-1be8-46d3-afde-ab479c8cc5a3,Runda 5 Stake a Claim ,4acef5a5-c534-4fb6-9f05-9c5af39205b1,FINISHED,3afa13a1-f7c9-488f-b11e-78b96e61b69d,,2026-01-18T11:06:05.032Z,1e024c2f-f4ea-49ca-93e1-e917c2df44b9,83bffbd7-d053-452e-a6ad-1da65ccb448a,0.0,0.0,,,4a1e2572-6777-4753-9f15-ec0f7f74157c,21c12fb0-4289-4df3-8bad-f18c2a49fd0d,6.0,16.0,,,False,False,21c12fb0-4289-4df3-8bad-f18c2a49fd0d
Macki Wojny 2026 - Otwarcie Sezonu ME-SBG,1a1d8ae7-1be8-46d3-afde-ab479c8cc5a3,Runda 5 Stake a Claim ,4acef5a5-c534-4fb6-9f05-9c5af39205b1,FINISHED,a08ed234-0ef1-4cb1-89a4-9295b58eac08,,2026-01-18T11:07:05.152Z,50853e38-6bd3-415e-8203-1967659450a5,2f1215b6-dd3c-44cc-9604-ee8e4b42553c,1.0,5.0,,,460d8978-fee1-4d51-bdd3-d9a5a7312074,6df80142-0804-43f3-910e-3d51131586cf,5.0,6.0,,,False,False,6df80142-0804-43f3-910e-3d51131586cf
Macki Wojny 2026 - Otwarcie Sezonu ME-SBG,1a1d8ae7-1be8-46d3-afde-ab479c8cc5a3,Runda 5 Stake a Claim ,4acef5a5-c534-4fb6-9f05-9c5af39205b1,FINISHED,46d932e7-22aa-474d-96ec-1eb0e62c8077,,2026-01-18T11:07:10.570Z,0734c4ae-0e0d-417b-a1fd-4006ff012b6f,9357ea2e-af38-453d-9c2f-b828d5ccdfb6,0.0,1.0,,,81896ad5-17f6-443e-a30f-b0821f2fc61a,e99aafd2-d310-49bd-b0d5-b12b6acd1600,6.0,8.0,,,False,False,e99aafd2-d310-49bd-b0d5-b12b6acd1600
Macki Wojny 2026 - Otwarcie Sezonu ME-SBG,1a1d8ae7-1be8-46d3-afde-ab479c8cc5a3,Runda 5 Stake a Claim ,4acef5a5-c534-4fb6-9f05-9c5af39205b1,FINISHED,aeb378ae-ec34-4d6d-b77f-3feab7b88637,,2026-01-18T11:09:20.312Z,0109d005-3a83-40cd-81c1-a65f01a14191,d96af431-77bb-4909-bb15-61df62e81b15,0.0,0.0,,,4097c731-0fa5-4e1a-a40e-d84ab67fbf0f,ac23a3ec-2b0f-4d94-8575-948ae2f7eb83,6.0,9.0,,,False,False,ac23a3ec-2b0f-4d94-8575-948ae2f7eb83
Macki Wojny 2026 - Otwarcie Sezonu ME-SBG,1a1d8ae7-1be8-46d3-afde-ab479c8cc5a3,Runda 5 Stake a Claim ,4acef5a5-c534-4fb6-9f05-9c5af39205b1,FINISHED,aa1dbef3-f1e0-46ef-b4cd-855f714fd1bb,,2026-01-18T10:37:08.114Z,ccf37c66-8535-4e68-8949-309acbecb8bd,d8c20013-b03c-48e4-bb24-3acb4aeb30e6,0.0,0.0,,,11e77fe8-8605-42da-ba9b-6e05ba9248ed,dedfc2b9-4e69-452e-a9ae-35e131680cd5,6.0,13.0,,,False,True,dedfc2b9-4e69-452e-a9ae-35e131680cd5
Macki Wojny 2026 - Otwarcie Sezonu ME-SBG,1a1d8ae7-1be8-46d3-afde-ab479c8cc5a3,Runda 5 Stake a Claim ,4acef5a5-c534-4fb6-9f05-9c5af39205b1,FINISHED,04d71e2c-4204-4769-aa3b-025695bb1972,,2026-01-18T11:10:55.373Z,452e29b0-d426-49f2-8db8-09e5d0587502,f6f2e7ef-8125-4bd0-90cb-7e6220d6af31,0.0,0.0,,,b72110d9-4e65-40e3-bdf8-4e6bd9819565,15e5a444-91c2-43fe-8b7b-c927354ca51a,6.0,12.0,,,False,False,15e5a444-91c2-43fe-8b7b-c927354ca51a
Macki Wojny 2026 - Otwarcie Sezonu ME-SBG,1a1d8ae7-1be8-46d3-afde-ab479c8cc5a3,Runda 5 Stake a Claim ,4acef5a5-c534-4fb6-9f05-9c5af39205b1,FINISHED,7f3ce10c-fb8c-4726-a21a-1f70dcabcd5c,,2026-01-18T11:11:03.283Z,16e6d186-b582-4243-9f7e-4ee5e149a93c,3d3c9443-6720-45cd-9b05-449182fcbbde,0.0,0.0,,,ddd415df-ba03-4629-ab07-acc49d25bd7d,eacb0c29-8302-462e-9e47-c61d95ce5ff3,6.0,10.0,,,False,False,eacb0c29-8302-462e-9e47-c61d95ce5ff3
Macki Wojny 2026 - Otwarcie Sezonu ME-SBG,1a1d8ae7-1be8-46d3-afde-ab479c8cc5a3,Runda 5 Stake a Claim ,4acef5a5-c534-4fb6-9f05-9c5af39205b1,FINISHED,a616a906-2fc1-45a3-88f8-865bdc8ee1c4,,2026-01-18T11:11:48.151Z,a3874f30-f003-4495-aa5b-50bbb8f3c975,27e5fd8e-fc73-48f9-802e-3546fde22d25,0.0,0.0,,,2c7bfeb1-76b9-4aeb-b7ea-29c380bf7bf8,758ae748-3888-4bdf-b4f9-7972a8ac9948,6.0,20.0,,,False,False,758ae748-3888-4bdf-b4f9-7972a8ac9948
Macki Wojny 2026 - Otwarcie Sezonu ME-SBG,1a1d8ae7-1be8-46d3-afde-ab479c8cc5a3,Runda 5 Stake a Claim ,4acef5a5-c534-4fb6-9f05-9c5af39205b1,FINISHED,fa062183-3167-4c85-b240-9e31b71fffd1,,2026-01-18T11:12:49.026Z,0ae83eb5-1457-40f3-90f3-4935a38259f6,2dcb6efc-305d-46f5-b777-32b6ba7307ce,0.0,1.0,,,60d4e90a-e377-4a97-95ba-cdc664bb9522,9e5a191c-e93a-436d-b7b0-95d223dd6e2e,6.0,9.0,,,False,False,9e5a191c-e93a-436d-b7b0-95d223dd6e2e
Macki Wojny 2026 - Otwarcie Sezonu ME-SBG,1a1d8ae7-1be8-46d3-afde-ab479c8cc5a3,Runda 5 Stake a Claim ,4acef5a5-c534-4fb6-9f05-9c5af39205b1,FINISHED,90e71cad-56c6-4891-b26b-0cd2d1e4c4e0,,2026-01-18T11:13:13.778Z,e99cfe1d-93e1-4ca8-a538-3d6c878df6b3,bbbe191e-78cb-42d6-acc6-fd53718b1fd2,1.0,3.0,,,39d075d9-c001-435e-983a-84de06844173,1162e493-2a1e-4b15-aa4d-70fd185e8f8d,5.0,5.0,,,False,False,1162e493-2a1e-4b15-aa4d-70fd185e8f8d
Macki Wojny 2026 - Otwarcie Sezonu ME-SBG,1a1d8ae7-1be8-46d3-afde-ab479c8cc5a3,Runda 5 Stake a Claim ,4acef5a5-c534-4fb6-9f05-9c5af39205b1,FINISHED,df48b03c-b767-4dc3-9d25-8bdf818eb1d5,,2026-01-18T11:13:31.648Z,08b20fef-30a7-4a61-a11a-e050f48e00ff,1e4b9bdf-6062-4736-aef3-52bc568f8803,0.0,0.0,,,7f783af4-d2f9-4ef1-a995-99407ca19e2d,5de541e0-dfa6-4c41-b224-90684a3b5e1c,6.0,13.0,,,False,False,5de541e0-dfa6-4c41-b224-90684a3b5e1c
Macki Wojny 2026 - Otwarcie Sezonu ME-SBG,1a1d8ae7-1be8-46d3-afde-ab479c8cc5a3,Runda 5 Stake a Claim ,4acef5a5-c534-4fb6-9f05-9c5af39205b1,FINISHED,b6f9fe50-4396-44af-940e-0f8772719ee2,,2026-01-18T11:13:46.665Z,632bd9c0-ddba-4fa7-be75-fa72d30f3396,6bbae723-3f56-4f46-b886-e4f179c50e93,6.0,16.0,,,63638f16-00b0-44d6-a3c9-a15b638dc805,f0b719fd-09d6-4d2a-a87c-bd6e7fcd6990,0.0,4.0,,,False,False,f0b719fd-09d6-4d2a-a87c-bd6e7fcd6990
Macki Wojny 2026 - Otwarcie Sezonu ME-SBG,1a1d8ae7-1be8-46d3-afde-ab479c8cc5a3,Runda 5 Stake a Claim ,4acef5a5-c534-4fb6-9f05-9c5af39205b1,FINISHED,ecea232d-ec7e-4b1c-b228-59018322daf6,,2026-01-18T11:14:02.562Z,4988c426-f067-4847-90c6-8a3288d37f04,e11c9221-5fee-4a26-b4a8-23f3ee654de2,0.0,1.0,,,fd2344e5-75ac-47bf-8d76-631f94643bb8,7d79e669-7010-4328-bbf5-3f7203dddd9a,6.0,9.0,,,False,False,7d79e669-7010-4328-bbf5-3f7203dddd9a
Macki Wojny 2026 - Otwarcie Sezonu ME-SBG,1a1d8ae7-1be8-46d3-afde-ab479c8cc5a3,Runda 5 Stake a Claim ,4acef5a5-c534-4fb6-9f05-9c5af39205b1,FINISHED,fe432b1e-84df-4f14-a3b5-7e99ce9089b2,,2026-01-18T11:14:22.652Z,ead157c2-b680-4ff1-befd-cf775c2ef4e5,5f55d7f6-e77c-45a0-b083-60691560a665,1.0,2.0,,,52d4f106-75f8-4618-8499-11c2f7f6fa06,dfae3b97-3154-43b8-a7cf-26ece499fa82,5.0,4.0,,,False,False,dfae3b97-3154-43b8-a7cf-26ece499fa82
Macki Wojny 2026 - Otwarcie Sezonu ME-SBG,1a1d8ae7-1be8-46d3-afde-ab479c8cc5a3,Runda 5 Stake a Claim ,4acef5a5-c534-4fb6-9f05-9c5af39205b1,FINISHED,15616dc7-a190-49ec-a9f6-546d6de5b179,,2026-01-18T11:14:55.469Z,38fcaf49-2002-49c1-82bd-311b1cec71d0,62553300-be05-4e64-a57e-a9d7ea1b9e88,6.0,9.0,,,7c42bfb5-960c-406f-b9c8-e6e2e64a284a,a8c5dace-3769-45a7-9812-c134eda0fcae,0.0,0.0,,,False,False,a8c5dace-3769-45a7-9812-c134eda0fcae
Macki Wojny 2026 - Otwarcie Sezonu ME-SBG,1a1d8ae7-1be8-46d3-afde-ab479c8cc5a3,Runda 5 Stake a Claim ,4acef5a5-c534-4fb6-9f05-9c5af39205b1,FINISHED,c342fb85-b0f4-488c-9cdd-def557dfdfd8,,2026-01-18T11:15:21.206Z,25c6431a-4150-4fec-b18e-ec7deb9b4a9a,6841eef6-931a-4375-ae1b-79843a97a82e,0.0,0.0,,,7a14f5bf-8c24-4663-ab66-fbe197aa8899,4e8fbce8-9600-4b61-af86-6731e366fce3,6.0,9.0,,,False,False,4e8fbce8-9600-4b61-af86-6731e366fce3
Macki Wojny 2026 - Otwarcie Sezonu ME-SBG,1a1d8ae7-1be8-46d3-afde-ab479c8cc5a3,Runda 5 Stake a Claim ,4acef5a5-c534-4fb6-9f05-9c5af39205b1,FINISHED,ebf202ff-1e4f-4569-a2cc-8436edb4d015,,2026-01-18T11:15:58.281Z,dbec3692-f978-43bf-99fb-71c94f749cb7,71f045ad-ce24-4e8b-865a-1dc0f634a42d,1.0,4.0,,,5d88260f-fefd-482e-89bc-0b227b00a413,4312b892-eb2e-491a-b14a-6f7cff1ab128,5.0,5.0,,,False,False,4312b892-eb2e-491a-b14a-6f7cff1ab128
Macki Wojny 2026 - Otwarcie Sezonu ME-SBG,1a1d8ae7-1be8-46d3-afde-ab479c8cc5a3,Runda 5 Stake a Claim ,4acef5a5-c534-4fb6-9f05-9c5af39205b1,FINISHED,d7ffc3af-635c-4d30-838f-a76ba8ed37ec,,2026-01-18T11:17:07.120Z,213f4d4a-4fb1-4ed0-9628-46895ec01310,0d2c492e-db5d-4e7d-8b72-8134e6cd8d39,,1.0,,,8045d4bb-15d7-417d-ab7f-3889128189a5,013435de-6dfa-4aa3-b660-b670b6a245e5,6.0,10.0,,,False,False,013435de-6dfa-4aa3-b660-b670b6a245e5
Macki Wojny 2026 - Otwarcie Sezonu ME-SBG,1a1d8ae7-1be8-46d3-afde-ab479c8cc5a3,Runda 5 Stake a Claim ,4acef5a5-c534-4fb6-9f05-9c5af39205b1,FINISHED,dd896d8a-6614-444f-8bb6-cb7116c35923,,2026-01-18T11:17:12.012Z,89b78278-463b-4d5a-bc74-e94490391713,d49d9342-cc0c-46cc-83bf-ddd443b7aa8b,1.0,4.0,,,61aff54f-bfef-48ec-b712-9ebf8b10f5aa,0b9e69bb-46e8-4b18-949b-c788fd37fe1e,5.0,8.0,,,False,False,0b9e69bb-46e8-4b18-949b-c788fd37fe1e
Macki Wojny 2026 - Otwarcie Sezonu ME-SBG,1a1d8ae7-1be8-46d3-afde-ab479c8cc5a3,Runda 5 Stake a Claim ,4acef5a5-c534-4fb6-9f05-9c5af39205b1,FINISHED,edced9df-aae6-4e02-909c-0b4fa51b4287,,2026-01-18T11:17:16.631Z,29dc3f41-2746-4f51-b192-420f74193159,40ebe707-6a6c-4a85-aff5-58b2d0493daa,1.0,2.0,,,f5ec84ef-2212-4051-8988-fc94cc490a7a,a4179cf5-0caa-450b-8b1d-8331298d0ee1,5.0,4.0,,,False,False,a4179cf5-0caa-450b-8b1d-8331298d0ee1
Macki Wojny 2026 - Otwarcie Sezonu ME-SBG,1a1d8ae7-1be8-46d3-afde-ab479c8cc5a3,Runda 5 Stake a Claim ,4acef5a5-c534-4fb6-9f05-9c5af39205b1,FINISHED,150aa417-af44-420b-80e3-76931aac09f3,,2026-01-18T11:17:28.350Z,dc2df27f-a5ed-4c7e-8312-0a30bf810a11,7c58612c-6b48-4ed3-b175-7f04a5269ff0,0.0,6.0,,,82d5410a-ff55-4350-832c-869fec35f6d9,780e8297-2cf1-4ac2-89bd-e9dd5ece6347,6.0,12.0,,,False,False,780e8297-2cf1-4ac2-89bd-e9dd5ece6347
Macki Wojny 2026 - Otwarcie Sezonu ME-SBG,1a1d8ae7-1be8-46d3-afde-ab479c8cc5a3,Runda 5 Stake a Claim ,4acef5a5-c534-4fb6-9f05-9c5af39205b1,FINISHED,afdf31fc-694e-418f-a6c4-35db13d46c57,,2026-01-18T11:18:30.592Z,dea400f6-b262-481d-9f1c-b67ba1035cf9,9fa82917-385d-469e-84c0-8db3e5214cd5,6.0,12.0,,,b590b1af-fa07-44ca-90e7-13aed5fbcff7,9eaf0945-81fd-494b-be1f-3b6f349ce991,0.0,1.0,,,False,False,9eaf0945-81fd-494b-be1f-3b6f349ce991
Macki Wojny 2026 - Otwarcie Sezonu ME-SBG,1a1d8ae7-1be8-46d3-afde-ab479c8cc5a3,Runda 5 Stake a Claim ,4acef5a5-c534-4fb6-9f05-9c5af39205b1,FINISHED,40e69f0f-1ddd-44aa-a584-73a315e0d091,,2026-01-18T11:18:53.402Z,3c917e57-0106-4948-ab8c-3375b850270e,337cf4cf-c3db-40f2-bccb-d9d98d3928b9,1.0,2.0,,,98eb2ead-8ef8-4ce7-bece-cb55ab84dde4,4a55491b-3a8e-47bb-8c61-85b9446dca01,5.0,5.0,,,False,False,4a55491b-3a8e-47bb-8c61-85b9446dca01
Macki Wojny 2026 - Otwarcie Sezonu ME-SBG,1a1d8ae7-1be8-46d3-afde-ab479c8cc5a3,Runda 5 Stake a Claim ,4acef5a5-c534-4fb6-9f05-9c5af39205b1,FINISHED,42cef08f-8ba3-4475-9187-32c909aaa147,,2026-01-18T11:20:14.850Z,02c6b24b-bad7-4d04-8469-47d89928519e,20a238b0-37e6-400b-a2a1-20935ab4cc00,6.0,15.0,,,b98f4271-818c-472a-b93e-4927d74ef0b7,a7f6afd7-7e8e-4a00-a3ba-fc637ca964fd,0.0,1.0,,,False,False,a7f6afd7-7e8e-4a00-a3ba-fc637ca964fd
Macki Wojny 2026 - Otwarcie Sezonu ME-SBG,1a1d8ae7-1be8-46d3-afde-ab479c8cc5a3,Runda 5 Stake a Claim ,4acef5a5-c534-4fb6-9f05-9c5af39205b1,FINISHED,12d0e65c-1095-456e-aa75-85c922e758a0,,2026-01-18T11:20:33.996Z,a4a98d5e-3b15-44e4-a8f1-cb7ce82155f6,6de86bb6-ffbe-4ead-8093-654e44b76ddf,6.0,6.0,,,e1e761bb-f2c0-4b35-b2a1-19399d64acf1,ef46c5bc-e9ab-450b-85f5-4b88323ef1b8,0.0,1.0,,,False,False,ef46c5bc-e9ab-450b-85f5-4b88323ef1b8
Macki Wojny 2026 - Otwarcie Sezonu ME-SBG,1a1d8ae7-1be8-46d3-afde-ab479c8cc5a3,Runda 5 Stake a Claim ,4acef5a5-c534-4fb6-9f05-9c5af39205b1,FINISHED,2a84b3d3-c0f1-4f0e-8a5e-5d265bddf541,,2026-01-18T11:22:46.554Z,b7a507b0-f342-4ea5-b09f-242548feb276,6f641816-8973-4f1f-b906-3b33d5710be9,0.0,0.0,,,2346a117-44b6-4870-8b14-11a0410237d9,70266969-1e35-47ca-9876-4628421f6cf6,6.0,7.0,,,False,False,70266969-1e35-47ca-9876-4628421f6cf6
Macki Wojny 2026 - Otwarcie Sezonu ME-SBG,1a1d8ae7-1be8-46d3-afde-ab479c8cc5a3,Runda 5 Stake a Claim ,4acef5a5-c534-4fb6-9f05-9c5af39205b1,FINISHED,11b8eb51-4eab-4a6c-9acf-390cf0a22d16,,2026-01-18T11:24:04.042Z,05eb270b-7345-4afa-bb53-9914a93ce380,48655433-fa77-4b22-b13e-a33b593f1a57,3.0,6.0,,,1d2bd4f3-e2e3-4480-9591-46221795ce77,6c1b533a-5a81-442a-8d96-1100083dcb4b,3.0,6.0,,,False,False,6c1b533a-5a81-442a-8d96-1100083dcb4b
Macki Wojny 2026 - Otwarcie Sezonu ME-SBG,1a1d8ae7-1be8-46d3-afde-ab479c8cc5a3,Runda 3 Clash by moonlight ,4b2b5b31-3bd9-475d-9d12-b8fd9b2ad73b,FINISHED,7082ca2c-dddf-40ee-8ff9-ea49493dcd9f,,2026-01-17T15:03:30.562Z,bf636448-a34d-4cd7-af9b-218f8f1357bd,a946ead4-d386-4d2f-b350-64a65f00e5e2,0.0,2.0,,,bc709814-b493-4bf3-88c3-9037c14b48cc,549399ee-ddad-4f74-a61d-02352b425f27,6.0,18.0,,,False,False,549399ee-ddad-4f74-a61d-02352b425f27
Macki Wojny 2026 - Otwarcie Sezonu ME-SBG,1a1d8ae7-1be8-46d3-afde-ab479c8cc5a3,Runda 3 Clash by moonlight ,4b2b5b31-3bd9-475d-9d12-b8fd9b2ad73b,FINISHED,f47c3b46-e276-4bf3-8613-cb9fc5e336ff,,2026-01-17T15:06:38.115Z,420dffe6-4456-42e4-a8b3-a6bb42bc83b4,309de8ee-ad9e-4a87-911b-e3a5d480d491,0.0,0.0,,,ab6da4ab-09ed-40b4-902f-e6b0e23ca54e,a7f6afd7-7e8e-4a00-a3ba-fc637ca964fd,6.0,20.0,,,False,False,a7f6afd7-7e8e-4a00-a3ba-fc637ca964fd
Macki Wojny 2026 - Otwarcie Sezonu ME-SBG,1a1d8ae7-1be8-46d3-afde-ab479c8cc5a3,Runda 3 Clash by moonlight ,4b2b5b31-3bd9-475d-9d12-b8fd9b2ad73b,FINISHED,6ed127ff-fca3-40d3-8fdf-2f70a4f29dd8,,2026-01-17T15:24:43.505Z,de1c09e9-be7b-4408-b4af-7b4ef5597960,2a69f764-5cb1-4177-9200-d58b7117a089,6.0,19.0,,,9a392e98-e129-4794-a0ef-b7f1db1dcf4b,c0c93d87-3a8b-4fd2-a654-f009b0226875,0.0,6.0,,,False,False,c0c93d87-3a8b-4fd2-a654-f009b0226875
Macki Wojny 2026 - Otwarcie Sezonu ME-SBG,1a1d8ae7-1be8-46d3-afde-ab479c8cc5a3,Runda 3 Clash by moonlight ,4b2b5b31-3bd9-475d-9d12-b8fd9b2ad73b,FINISHED,35c11c22-d4e4-4bff-9cca-275f41ba9722,,2026-01-17T15:29:31.051Z,0c297613-6267-438a-86b7-51e632a819a3,a15d42d2-401a-42d5-a0e7-e8f88c780302,6.0,18.0,,,6163762a-e234-4d25-8a0d-e03ca9b1f5d7,7c58612c-6b48-4ed3-b175-7f04a5269ff0,0.0,3.0,,,False,False,7c58612c-6b48-4ed3-b175-7f04a5269ff0
Macki Wojny 2026 - Otwarcie Sezonu ME-SBG,1a1d8ae7-1be8-46d3-afde-ab479c8cc5a3,Runda 3 Clash by moonlight ,4b2b5b31-3bd9-475d-9d12-b8fd9b2ad73b,FINISHED,910c3900-9570-418d-992d-13f2fdd3e162,,2026-01-17T15:31:05.137Z,3dd36377-ccf8-45c6-b515-8a65a4bc8cbb,ef9855f8-ec35-456a-90da-7f4e9c0bebd5,,,,,5165d485-b5b7-47a5-bd01-c9c4281a321e,fe2829dd-d3d5-4397-9c63-f65a285aba6e,6.0,10.0,,,False,False,fe2829dd-d3d5-4397-9c63-f65a285aba6e
Macki Wojny 2026 - Otwarcie Sezonu ME-SBG,1a1d8ae7-1be8-46d3-afde-ab479c8cc5a3,Runda 3 Clash by moonlight ,4b2b5b31-3bd9-475d-9d12-b8fd9b2ad73b,FINISHED,194efcd2-6e50-45c1-8e19-a4eca73adf82,,2026-01-17T15:31:30.873Z,a906b111-60f9-4fe2-b6cf-6e3e029ebb44,3723b773-cadb-46d3-8758-e1260476e981,0.0,2.0,,,8a6d2af5-2dd6-4671-b566-85f104df9559,bddd8ac9-5247-4f0a-9a17-4ac7bea1812a,6.0,11.0,,,False,False,bddd8ac9-5247-4f0a-9a17-4ac7bea1812a
Macki Wojny 2026 - Otwarcie Sezonu ME-SBG,1a1d8ae7-1be8-46d3-afde-ab479c8cc5a3,Runda 3 Clash by moonlight ,4b2b5b31-3bd9-475d-9d12-b8fd9b2ad73b,FINISHED,93f501ae-2d23-4b77-bd5d-57748b5ae8e4,,2026-01-17T15:32:32.594Z,a5fd5b09-0d8b-4bf0-a432-913b5c04ff9b,6732875f-9e3b-44e5-b4a1-5ce209a9b359,0.0,5.0,,,35aa1b80-a0fe-469c-a403-ba2c42ab5bf3,9e5a191c-e93a-436d-b7b0-95d223dd6e2e,6.0,11.0,,,False,False,9e5a191c-e93a-436d-b7b0-95d223dd6e2e
Macki Wojny 2026 - Otwarcie Sezonu ME-SBG,1a1d8ae7-1be8-46d3-afde-ab479c8cc5a3,Runda 3 Clash by moonlight ,4b2b5b31-3bd9-475d-9d12-b8fd9b2ad73b,FINISHED,09ff0ccc-7ecf-4267-9f19-510860d32637,,2026-01-17T15:39:50.288Z,13be545e-8ed0-4f2a-b93d-6ab6717b090a,1723649c-e9e5-42eb-9e2a-d9de6492fd21,0.0,0.0,,,a7309d27-0d52-41dd-8858-2ddcb404afc6,5dd629bc-7618-4bd4-9b02-0c13fc7b7a34,6.0,19.0,,,False,False,5dd629bc-7618-4bd4-9b02-0c13fc7b7a34
Macki Wojny 2026 - Otwarcie Sezonu ME-SBG,1a1d8ae7-1be8-46d3-afde-ab479c8cc5a3,Runda 3 Clash by moonlight ,4b2b5b31-3bd9-475d-9d12-b8fd9b2ad73b,FINISHED,7fd581bb-a058-4b69-906b-35cda9e0e1b3,,2026-01-17T15:40:36.738Z,75d84c83-0164-431b-b106-a356f8e4b5c1,f0b719fd-09d6-4d2a-a87c-bd6e7fcd6990,0.0,0.0,,,4f28458d-bddf-4372-8bd7-a83d9009d1a9,dfae3b97-3154-43b8-a7cf-26ece499fa82,6.0,10.0,,,False,False,dfae3b97-3154-43b8-a7cf-26ece499fa82
Macki Wojny 2026 - Otwarcie Sezonu ME-SBG,1a1d8ae7-1be8-46d3-afde-ab479c8cc5a3,Runda 3 Clash by moonlight ,4b2b5b31-3bd9-475d-9d12-b8fd9b2ad73b,FINISHED,9e05a8c6-4927-443b-a299-56c3f654ca2e,,2026-01-17T15:41:50.091Z,39db16a6-1843-4afa-a899-bdfdf7a5ab30,cd36b01c-87a1-47c9-b877-a65940b24b12,0.0,2.0,,,6990c933-3e6f-447e-b8d3-758fedbb7680,4edd7b4a-f5e4-4136-9363-aa93d7e9b8e3,6.0,16.0,,,False,False,4edd7b4a-f5e4-4136-9363-aa93d7e9b8e3
Macki Wojny 2026 - Otwarcie Sezonu ME-SBG,1a1d8ae7-1be8-46d3-afde-ab479c8cc5a3,Runda 3 Clash by moonlight ,4b2b5b31-3bd9-475d-9d12-b8fd9b2ad73b,FINISHED,73c9e201-2e94-4852-b9b4-5d02a46809da,,2026-01-17T15:42:11.963Z,c84a0ea8-57c3-45a4-a938-f6c8effe83a5,e99aafd2-d310-49bd-b0d5-b12b6acd1600,0.0,4.0,,,3a91b586-6193-431d-90e3-b796fa603d19,beec30f8-4a47-431b-b7ed-e7f37e95bbbc,6.0,13.0,,,False,False,beec30f8-4a47-431b-b7ed-e7f37e95bbbc
Macki Wojny 2026 - Otwarcie Sezonu ME-SBG,1a1d8ae7-1be8-46d3-afde-ab479c8cc5a3,Runda 3 Clash by moonlight ,4b2b5b31-3bd9-475d-9d12-b8fd9b2ad73b,FINISHED,6aec3dad-4810-456f-838c-c7e7dbd65059,,2026-01-17T15:44:05.937Z,e8292044-a933-4a06-bedb-53b93e4ff4ab,774afb8c-8f87-46dc-823e-a82621336e4f,0.0,0.0,,,fd38f801-6e1c-41c4-aa4b-d84bf08b15b6,4e8fbce8-9600-4b61-af86-6731e366fce3,6.0,18.0,,,False,False,4e8fbce8-9600-4b61-af86-6731e366fce3
Macki Wojny 2026 - Otwarcie Sezonu ME-SBG,1a1d8ae7-1be8-46d3-afde-ab479c8cc5a3,Runda 3 Clash by moonlight ,4b2b5b31-3bd9-475d-9d12-b8fd9b2ad73b,FINISHED,e2f438eb-c450-4597-9591-cdc1d4de8b8c,,2026-01-17T15:49:41.374Z,d57530a2-dbb9-4c71-8969-bd13a5cb2d26,9357ea2e-af38-453d-9c2f-b828d5ccdfb6,0.0,2.0,,,5a1c738f-0f9d-45bd-bdfe-ee4be9acc3aa,6df80142-0804-43f3-910e-3d51131586cf,6.0,18.0,,,False,False,6df80142-0804-43f3-910e-3d51131586cf
Macki Wojny 2026 - Otwarcie Sezonu ME-SBG,1a1d8ae7-1be8-46d3-afde-ab479c8cc5a3,Runda 3 Clash by moonlight ,4b2b5b31-3bd9-475d-9d12-b8fd9b2ad73b,FINISHED,c4c75167-405e-410b-ac6e-b7620e0e851f,,2026-01-17T15:51:08.289Z,ee3fd3c7-96c0-40c5-b6d3-f245877e55ae,8cf73c83-a3a1-4dd6-8882-e8dd30912ab1,0.0,3.0,,,5d257cbc-3ec9-420d-ae90-93a9bc3ad530,7d79e669-7010-4328-bbf5-3f7203dddd9a,6.0,14.0,,,False,False,7d79e669-7010-4328-bbf5-3f7203dddd9a
Macki Wojny 2026 - Otwarcie Sezonu ME-SBG,1a1d8ae7-1be8-46d3-afde-ab479c8cc5a3,Runda 3 Clash by moonlight ,4b2b5b31-3bd9-475d-9d12-b8fd9b2ad73b,FINISHED,ebcdf004-8eb8-4f29-8e10-2788d5991b6f,,2026-01-17T15:52:01.224Z,e23d5cd3-83cc-4930-a9f2-08711fc4e03f,758ae748-3888-4bdf-b4f9-7972a8ac9948,0.0,2.0,,,27649e7a-82ef-4b0c-b2f7-35419010a60b,3e29a228-3a1f-4cd4-b7b6-6a9ad0f22619,6.0,10.0,,,False,False,3e29a228-3a1f-4cd4-b7b6-6a9ad0f22619
Macki Wojny 2026 - Otwarcie Sezonu ME-SBG,1a1d8ae7-1be8-46d3-afde-ab479c8cc5a3,Runda 3 Clash by moonlight ,4b2b5b31-3bd9-475d-9d12-b8fd9b2ad73b,FINISHED,82d1b047-fb6e-4382-b4b3-ab919eeb9936,,2026-01-17T15:52:23.451Z,4ca629cf-fe62-49a4-badc-3f4ef42453b6,5f6a7ffa-1a94-4176-a2f0-42f18d04a39e,0.0,1.0,,,485f227f-90a1-4e7f-98f5-2a47d9ce4f01,93cda88b-c976-4e61-8f65-9a5a5f1ecf7b,6.0,12.0,,,False,False,93cda88b-c976-4e61-8f65-9a5a5f1ecf7b
Macki Wojny 2026 - Otwarcie Sezonu ME-SBG,1a1d8ae7-1be8-46d3-afde-ab479c8cc5a3,Runda 3 Clash by moonlight ,4b2b5b31-3bd9-475d-9d12-b8fd9b2ad73b,FINISHED,b0925753-b78a-49f5-a9c0-e53a4445f3a5,,2026-01-17T15:56:03.871Z,278dee3e-94fb-4718-891e-3cb5ef874846,dedfc2b9-4e69-452e-a9ae-35e131680cd5,0.0,2.0,,,fe22397f-d9be-4cca-9471-3ae23f283a25,1081ab22-cae7-4cc1-8b47-c69bffcfa8d2,6.0,15.0,,,False,False,1081ab22-cae7-4cc1-8b47-c69bffcfa8d2
Macki Wojny 2026 - Otwarcie Sezonu ME-SBG,1a1d8ae7-1be8-46d3-afde-ab479c8cc5a3,Runda 3 Clash by moonlight ,4b2b5b31-3bd9-475d-9d12-b8fd9b2ad73b,FINISHED,2eb34f2b-f403-4707-ba4c-080da9d63865,,2026-01-17T16:06:19.027Z,135fda01-0b54-4427-8d32-3ea7da65990f,5d01b02f-444d-4547-958a-e2dcac24e017,0.0,5.0,,,4871b6e5-bb86-4bbd-91bb-9891911543ee,2dcb6efc-305d-46f5-b777-32b6ba7307ce,6.0,10.0,,,False,False,2dcb6efc-305d-46f5-b777-32b6ba7307ce
Macki Wojny 2026 - Otwarcie Sezonu ME-SBG,1a1d8ae7-1be8-46d3-afde-ab479c8cc5a3,Runda 3 Clash by moonlight ,4b2b5b31-3bd9-475d-9d12-b8fd9b2ad73b,FINISHED,08231e61-eb2a-454e-aa14-293335ffe92b,,2026-01-17T16:10:05.674Z,9eb4d3b5-1044-42ac-a354-b1cbbdcbe6cb,70266969-1e35-47ca-9876-4628421f6cf6,0.0,0.0,,,bbfb350e-1b0e-43e6-8833-2c89b335f390,68bf04f5-3d30-4e15-9d0e-10ff004496e9,6.0,10.0,,,False,False,68bf04f5-3d30-4e15-9d0e-10ff004496e9
Macki Wojny 2026 - Otwarcie Sezonu ME-SBG,1a1d8ae7-1be8-46d3-afde-ab479c8cc5a3,Runda 3 Clash by moonlight ,4b2b5b31-3bd9-475d-9d12-b8fd9b2ad73b,FINISHED,608e7031-9406-49ba-9c0d-4d1b64f9a971,,2026-01-17T16:14:39.799Z,03f5e15f-447f-4a54-ad43-1f750e0f9e22,7ca2b5ee-c648-4e98-bcba-50d159612ecc,1.0,9.0,,,cfd0fb99-91c4-417e-b676-3377d9d13b9e,a10c88af-658f-4dbe-bb23-533f04cdfa24,5.0,13.0,,,False,False,a10c88af-658f-4dbe-bb23-533f04cdfa24
Macki Wojny 2026 - Otwarcie Sezonu ME-SBG,1a1d8ae7-1be8-46d3-afde-ab479c8cc5a3,Runda 3 Clash by moonlight ,4b2b5b31-3bd9-475d-9d12-b8fd9b2ad73b,FINISHED,fc5198b4-324c-471e-925d-e624188e8612,,2026-01-17T16:15:42.656Z,8594ab74-17b3-489c-a67e-de85c6246593,85e858a0-eb30-4b0d-8622-f6bdbc8c12e8,0.0,2.0,,,b7adac57-329d-400e-8803-9e83b05db553,6c1b533a-5a81-442a-8d96-1100083dcb4b,6.0,6.0,,,False,False,6c1b533a-5a81-442a-8d96-1100083dcb4b
Macki Wojny 2026 - Otwarcie Sezonu ME-SBG,1a1d8ae7-1be8-46d3-afde-ab479c8cc5a3,Runda 3 Clash by moonlight ,4b2b5b31-3bd9-475d-9d12-b8fd9b2ad73b,FINISHED,e4523486-5a41-47cb-bc2e-b73fd85b8dcf,,2026-01-17T16:16:14.717Z,aec2252f-aad4-48ff-9fb0-c2ecb69dc49d,c451779b-6172-4e1a-acbd-1b387949849d,0.0,4.0,,,c827e466-b905-4594-9533-e7da4fd108fb,3d3c9443-6720-45cd-9b05-449182fcbbde,6.0,16.0,,,False,False,3d3c9443-6720-45cd-9b05-449182fcbbde
Macki Wojny 2026 - Otwarcie Sezonu ME-SBG,1a1d8ae7-1be8-46d3-afde-ab479c8cc5a3,Runda 3 Clash by moonlight ,4b2b5b31-3bd9-475d-9d12-b8fd9b2ad73b,FINISHED,bd401dd7-b327-4fa1-822c-a1aa084dadbe,,2026-01-17T16:16:38.196Z,f42f9fbe-fa28-4613-8717-b3b3b2e46654,0b9e69bb-46e8-4b18-949b-c788fd37fe1e,6.0,17.0,,,7585faaa-efb1-472d-ab5f-83083c32d6ce,21066989-54d5-4f5b-b9f2-4ef34bb62943,0.0,3.0,,,False,False,21066989-54d5-4f5b-b9f2-4ef34bb62943
Macki Wojny 2026 - Otwarcie Sezonu ME-SBG,1a1d8ae7-1be8-46d3-afde-ab479c8cc5a3,Runda 3 Clash by moonlight ,4b2b5b31-3bd9-475d-9d12-b8fd9b2ad73b,FINISHED,bedf35e4-c3bc-4cc2-b8af-1e354bc13d5e,,2026-01-17T16:17:23.678Z,c0226122-e166-4f5b-9601-87efef46d3ce,48655433-fa77-4b22-b13e-a33b593f1a57,,4.0,,,120494f9-54db-4169-82c2-d62292a5bf02,013435de-6dfa-4aa3-b660-b670b6a245e5,6.0,13.0,,,False,False,013435de-6dfa-4aa3-b660-b670b6a245e5
Macki Wojny 2026 - Otwarcie Sezonu ME-SBG,1a1d8ae7-1be8-46d3-afde-ab479c8cc5a3,Runda 3 Clash by moonlight ,4b2b5b31-3bd9-475d-9d12-b8fd9b2ad73b,FINISHED,79cf812d-ac6c-4d95-890c-0915dfd453d9,,2026-01-17T16:17:27.398Z,46daeb36-7c92-4ea2-8e1e-e4983ca057e1,e11c9221-5fee-4a26-b4a8-23f3ee654de2,0.0,4.0,,,aba1b417-cfed-4524-9e3f-d797303cc3e0,6dead819-2363-4244-ab43-933ee534235f,6.0,10.0,,,False,False,6dead819-2363-4244-ab43-933ee534235f
Macki Wojny 2026 - Otwarcie Sezonu ME-SBG,1a1d8ae7-1be8-46d3-afde-ab479c8cc5a3,Runda 3 Clash by moonlight ,4b2b5b31-3bd9-475d-9d12-b8fd9b2ad73b,FINISHED,6ace7c67-237a-4921-9c5f-de52ec6341b0,,2026-01-17T16:19:47.532Z,df9922de-3e96-414a-8cdd-77aef536886e,396741ce-3694-4877-9603-fe19efd6284f,0.0,6.0,,,5f12e9db-9a0c-4b91-9c88-dd544e37a2a4,5de541e0-dfa6-4c41-b224-90684a3b5e1c,6.0,12.0,,,False,False,5de541e0-dfa6-4c41-b224-90684a3b5e1c
Macki Wojny 2026 - Otwarcie Sezonu ME-SBG,1a1d8ae7-1be8-46d3-afde-ab479c8cc5a3,Runda 3 Clash by moonlight ,4b2b5b31-3bd9-475d-9d12-b8fd9b2ad73b,FINISHED,2b2163df-d996-447e-af3a-d552ee72b369,,2026-01-17T16:20:28.398Z,ca825008-e114-401b-9b44-8999b0550d4f,780e8297-2cf1-4ac2-89bd-e9dd5ece6347,0.0,5.0,,,44880748-abf7-4c00-8414-d4ee8bc99910,a8c5dace-3769-45a7-9812-c134eda0fcae,6.0,12.0,,,False,False,a8c5dace-3769-45a7-9812-c134eda0fcae
Macki Wojny 2026 - Otwarcie Sezonu ME-SBG,1a1d8ae7-1be8-46d3-afde-ab479c8cc5a3,Runda 3 Clash by moonlight ,4b2b5b31-3bd9-475d-9d12-b8fd9b2ad73b,FINISHED,d321d723-5057-4f22-a1fa-59a203d83ea2,,2026-01-17T16:24:01.780Z,300488f9-f5fe-4979-b070-d5e0efc3c47e,d49d9342-cc0c-46cc-83bf-ddd443b7aa8b,0.0,1.0,,,97bbe523-32fe-47fe-aaf6-2837c20b7745,71f045ad-ce24-4e8b-865a-1dc0f634a42d,6.0,20.0,,,False,False,71f045ad-ce24-4e8b-865a-1dc0f634a42d
Macki Wojny 2026 - Otwarcie Sezonu ME-SBG,1a1d8ae7-1be8-46d3-afde-ab479c8cc5a3,Runda 3 Clash by moonlight ,4b2b5b31-3bd9-475d-9d12-b8fd9b2ad73b,FINISHED,68dd60b5-36f0-434a-a6e1-0469caa1e50e,,2026-01-17T16:24:13.170Z,a7654d31-9ac8-463f-a1f0-6f834eb47ae8,15e5a444-91c2-43fe-8b7b-c927354ca51a,6.0,13.0,,,3acd191f-54b6-4760-9ae1-2fafad3037a8,592e6817-d59d-4c9e-80b7-e9d8956362be,0.0,6.0,,,False,False,592e6817-d59d-4c9e-80b7-e9d8956362be
Macki Wojny 2026 - Otwarcie Sezonu ME-SBG,1a1d8ae7-1be8-46d3-afde-ab479c8cc5a3,Runda 3 Clash by moonlight ,4b2b5b31-3bd9-475d-9d12-b8fd9b2ad73b,FINISHED,ff558cfd-a9f3-4666-978e-833647f751bc,,2026-01-17T16:28:56.821Z,3af1f616-7448-495c-b893-cd6dd7cfba46,eacb0c29-8302-462e-9e47-c61d95ce5ff3,1.0,6.0,,,d44070b2-2d78-4c16-9d03-5efe7d49dcab,0231b3c3-fb2b-4033-8dd3-bf98d9e29410,5.0,7.0,,,False,False,0231b3c3-fb2b-4033-8dd3-bf98d9e29410
Macki Wojny 2026 - Otwarcie Sezonu ME-SBG,1a1d8ae7-1be8-46d3-afde-ab479c8cc5a3,Runda 3 Clash by moonlight ,4b2b5b31-3bd9-475d-9d12-b8fd9b2ad73b,FINISHED,4b641431-cf42-48d5-811b-01b72d398fc8,,2026-01-17T16:29:09.996Z,31aa7c56-05c0-4e46-8051-a28045c45212,20a238b0-37e6-400b-a2a1-20935ab4cc00,1.0,7.0,,,5cd0e4f4-cfc7-48e1-b202-6ef8a680e6c9,4312b892-eb2e-491a-b14a-6f7cff1ab128,5.0,13.0,,,False,False,4312b892-eb2e-491a-b14a-6f7cff1ab128
Macki Wojny 2026 - Otwarcie Sezonu ME-SBG,1a1d8ae7-1be8-46d3-afde-ab479c8cc5a3,Runda 3 Clash by moonlight ,4b2b5b31-3bd9-475d-9d12-b8fd9b2ad73b,FINISHED,71526aa4-27af-4b9d-98e4-097e925462f6,,2026-01-17T16:32:06.179Z,d76fb4dd-22e1-47bc-8bc8-d1e5774eb218,9641c0c9-16e9-4bb7-a7f4-e73245f48db2,1.0,6.0,,,6c3eba6f-22ab-4ecc-9048-917666bdddd5,97c5e5bc-7502-4f16-9c1b-53ead4fab5b2,5.0,9.0,,,False,False,97c5e5bc-7502-4f16-9c1b-53ead4fab5b2
Macki Wojny 2026 - Otwarcie Sezonu ME-SBG,1a1d8ae7-1be8-46d3-afde-ab479c8cc5a3,Runda 3 Clash by moonlight ,4b2b5b31-3bd9-475d-9d12-b8fd9b2ad73b,FINISHED,e192d820-453c-44b5-bb43-627c7899aad3,,2026-01-17T16:32:06.936Z,fb84000c-4102-4921-a5b8-25e55425ae6f,62553300-be05-4e64-a57e-a9d7ea1b9e88,1.0,2.0,,,766fd3c7-da4e-4470-b453-b59ae76ea0f7,f6f2e7ef-8125-4bd0-90cb-7e6220d6af31,5.0,7.0,,,False,False,f6f2e7ef-8125-4bd0-90cb-7e6220d6af31
Macki Wojny 2026 - Otwarcie Sezonu ME-SBG,1a1d8ae7-1be8-46d3-afde-ab479c8cc5a3,Runda 3 Clash by moonlight ,4b2b5b31-3bd9-475d-9d12-b8fd9b2ad73b,FINISHED,4c350ccd-c20b-4fff-b0aa-3f1a5c23df1c,,2026-01-17T16:33:15.197Z,6b7fc8f7-93e5-4e37-894f-95d9f2eda670,4a55491b-3a8e-47bb-8c61-85b9446dca01,0.0,2.0,,,76970733-6979-453d-ba4a-b9eed56bb0de,ef46c5bc-e9ab-450b-85f5-4b88323ef1b8,6.0,16.0,,,False,False,ef46c5bc-e9ab-450b-85f5-4b88323ef1b8
Macki Wojny 2026 - Otwarcie Sezonu ME-SBG,1a1d8ae7-1be8-46d3-afde-ab479c8cc5a3,Runda 3 Clash by moonlight ,4b2b5b31-3bd9-475d-9d12-b8fd9b2ad73b,FINISHED,2a54b44d-06cb-4c8a-b74b-e3d31dedadef,,2026-01-17T16:33:47.786Z,f26345df-71ae-4263-9405-41d729f533a4,bd51334f-700f-46ea-9801-7fa43e9c53d0,1.0,5.0,,,f5089b71-6863-48f8-aee8-486767dd1d92,6bec13b2-87d9-4e6d-b7ca-06b9e90bf3ba,5.0,8.0,,,False,False,6bec13b2-87d9-4e6d-b7ca-06b9e90bf3ba
Macki Wojny 2026 - Otwarcie Sezonu ME-SBG,1a1d8ae7-1be8-46d3-afde-ab479c8cc5a3,Runda 3 Clash by moonlight ,4b2b5b31-3bd9-475d-9d12-b8fd9b2ad73b,FINISHED,22df3287-3c7e-48f8-b53f-fbed7a9522f4,,2026-01-17T16:37:49.094Z,ecf5c141-0e3a-4c16-9463-3560256aa3b9,222c2b52-47fd-4345-a6ec-a83ee05ccb12,1.0,5.0,,,0ddec387-ddb0-4425-aa60-61fe5e3ec81d,7f22159a-00df-4a00-9aa9-2f36d60d2455,5.0,7.0,,,False,False,7f22159a-00df-4a00-9aa9-2f36d60d2455
Macki Wojny 2026 - Otwarcie Sezonu ME-SBG,1a1d8ae7-1be8-46d3-afde-ab479c8cc5a3,Runda 3 Clash by moonlight ,4b2b5b31-3bd9-475d-9d12-b8fd9b2ad73b,FINISHED,6ad12485-1f23-4a71-8dd0-d79b701382fd,,2026-01-17T16:37:57.355Z,8d921ba0-7cc6-41f8-82fc-1963c7e7c1c6,6bbae723-3f56-4f46-b886-e4f179c50e93,0.0,2.0,,,572efcd5-a58f-4942-ba31-9b7b04d518a0,72214086-3cc8-4fa1-8520-7a6de92529de,6.0,10.0,,,False,False,72214086-3cc8-4fa1-8520-7a6de92529de
Macki Wojny 2026 - Otwarcie Sezonu ME-SBG,1a1d8ae7-1be8-46d3-afde-ab479c8cc5a3,Runda 3 Clash by moonlight ,4b2b5b31-3bd9-475d-9d12-b8fd9b2ad73b,FINISHED,74ab187d-01d6-448e-8d9a-883b2a59908a,,2026-01-17T16:39:23.195Z,038e5e74-4607-494e-bc52-dee460515b42,73de21a8-323e-470e-8e98-8aba0d14d244,0.0,4.0,,,8af86c75-a5b4-41e3-8613-2ac2d2aa8e02,337cf4cf-c3db-40f2-bccb-d9d98d3928b9,6.0,10.0,,,False,False,337cf4cf-c3db-40f2-bccb-d9d98d3928b9
Macki Wojny 2026 - Otwarcie Sezonu ME-SBG,1a1d8ae7-1be8-46d3-afde-ab479c8cc5a3,Runda 3 Clash by moonlight ,4b2b5b31-3bd9-475d-9d12-b8fd9b2ad73b,FINISHED,cd246598-b039-4018-98d7-b15b1cab794e,,2026-01-17T16:39:32.885Z,840abfd0-0284-472a-b45e-bbc8f197fa67,9eaf0945-81fd-494b-be1f-3b6f349ce991,0.0,5.0,,,c2cbb3d4-818b-47d4-9895-b7aaa95c548f,457f9c1a-0e9a-4c0e-ae41-7f00e3646fba,6.0,10.0,,,False,False,457f9c1a-0e9a-4c0e-ae41-7f00e3646fba
Macki Wojny 2026 - Otwarcie Sezonu ME-SBG,1a1d8ae7-1be8-46d3-afde-ab479c8cc5a3,Runda 3 Clash by moonlight ,4b2b5b31-3bd9-475d-9d12-b8fd9b2ad73b,FINISHED,9c3736ae-1510-4a56-8789-a53669b56789,,2026-01-17T16:40:47.250Z,7aeb0324-c28d-4383-bb69-0d97e2953f80,83bffbd7-d053-452e-a6ad-1da65ccb448a,0.0,4.0,,,ab3e16c0-348f-465f-a2bb-b97c8a93434e,27e5fd8e-fc73-48f9-802e-3546fde22d25,6.0,11.0,,,False,False,27e5fd8e-fc73-48f9-802e-3546fde22d25
Macki Wojny 2026 - Otwarcie Sezonu ME-SBG,1a1d8ae7-1be8-46d3-afde-ab479c8cc5a3,Runda 3 Clash by moonlight ,4b2b5b31-3bd9-475d-9d12-b8fd9b2ad73b,FINISHED,c9f5a7f6-c291-4baf-ae7a-59cdbea31f1f,,2026-01-17T16:42:42.832Z,2286bb6e-4bfb-44b3-a5e7-39d110b82b32,8c340f26-1543-4335-8b37-d814614b81f9,0.0,0.0,,,3ef1dc19-012d-4513-89be-08a74e73f6cf,9fa82917-385d-469e-84c0-8db3e5214cd5,6.0,17.0,,,False,False,9fa82917-385d-469e-84c0-8db3e5214cd5
Macki Wojny 2026 - Otwarcie Sezonu ME-SBG,1a1d8ae7-1be8-46d3-afde-ab479c8cc5a3,Runda 3 Clash by moonlight ,4b2b5b31-3bd9-475d-9d12-b8fd9b2ad73b,FINISHED,d590d764-43da-4fb7-8745-e56753ecbdab,,2026-01-17T16:42:50.145Z,65542178-61fc-4ef5-9187-f6f7afa5a560,06e08db4-eeb0-41a3-9e0c-7a8d0203bc0e,0.0,0.0,,,5536691c-00bc-4895-b167-dcfcb8dcffd2,a4179cf5-0caa-450b-8b1d-8331298d0ee1,6.0,16.0,,,False,False,a4179cf5-0caa-450b-8b1d-8331298d0ee1
Macki Wojny 2026 - Otwarcie Sezonu ME-SBG,1a1d8ae7-1be8-46d3-afde-ab479c8cc5a3,Runda 3 Clash by moonlight ,4b2b5b31-3bd9-475d-9d12-b8fd9b2ad73b,FINISHED,7537c801-1e77-4522-813a-ae499553252f,,2026-01-17T16:46:08.828Z,8f166817-1841-48c9-8fe0-282c9953ec4b,f1143858-3e87-4afe-807d-f33f21de6d7e,6.0,13.0,,,df8823f5-5126-49d6-8e50-a7cdd399793a,1e4b9bdf-6062-4736-aef3-52bc568f8803,0.0,1.0,,,False,False,1e4b9bdf-6062-4736-aef3-52bc568f8803
Macki Wojny 2026 - Otwarcie Sezonu ME-SBG,1a1d8ae7-1be8-46d3-afde-ab479c8cc5a3,Runda 3 Clash by moonlight ,4b2b5b31-3bd9-475d-9d12-b8fd9b2ad73b,FINISHED,8d082038-a9e1-4a60-886d-52a2e2f7eae7,,2026-01-17T16:24:30.822Z,fbb3ee7f-0f2a-42c0-a552-55c92c1fd0e5,0d2c492e-db5d-4e7d-8b72-8134e6cd8d39,0.0,3.0,,,ffcd0dea-d7fa-4143-a144-e3676ca5ce78,1279e92f-2cd2-4ab8-855a-9630a43d2c60,6.0,17.0,,,True,False,1279e92f-2cd2-4ab8-855a-9630a43d2c60
Macki Wojny 2026 - Otwarcie Sezonu ME-SBG,1a1d8ae7-1be8-46d3-afde-ab479c8cc5a3,Runda 3 Clash by moonlight ,4b2b5b31-3bd9-475d-9d12-b8fd9b2ad73b,FINISHED,51092878-f4c5-4221-89f2-91cef7fa5a7c,,2026-01-17T16:44:13.039Z,e78ea4d0-6e6c-4e36-9744-f516c858d74f,ac23a3ec-2b0f-4d94-8575-948ae2f7eb83,6.0,20.0,,,cd502787-d7f6-475f-ac19-80eb9864a68f,2f1215b6-dd3c-44cc-9604-ee8e4b42553c,0.0,0.0,,,True,False,2f1215b6-dd3c-44cc-9604-ee8e4b42553c
Macki Wojny 2026 - Otwarcie Sezonu ME-SBG,1a1d8ae7-1be8-46d3-afde-ab479c8cc5a3,Runda 3 Clash by moonlight ,4b2b5b31-3bd9-475d-9d12-b8fd9b2ad73b,FINISHED,348f87f5-7c9a-4754-8b5e-762dc0e4815f,,2026-01-17T16:48:28.650Z,2f2bb2b6-0102-4f9d-bb2e-d6b57e1c1610,6f641816-8973-4f1f-b906-3b33d5710be9,0.0,0.0,,,51790e5c-729e-4c51-a9e2-1612f8526957,d96af431-77bb-4909-bb15-61df62e81b15,6.0,14.0,,,False,False,d96af431-77bb-4909-bb15-61df62e81b15
Macki Wojny 2026 - Otwarcie Sezonu ME-SBG,1a1d8ae7-1be8-46d3-afde-ab479c8cc5a3,Runda 3 Clash by moonlight ,4b2b5b31-3bd9-475d-9d12-b8fd9b2ad73b,FINISHED,d4910ffd-d606-422d-ae15-cc6d791245dc,,2026-01-17T16:48:51.991Z,4020bfa0-f214-427f-b429-cbd7ffb5c18b,6841eef6-931a-4375-ae1b-79843a97a82e,6.0,16.0,,,2ada824a-ae72-44b4-a8db-57fc09746a9b,40ebe707-6a6c-4a85-aff5-58b2d0493daa,0.0,1.0,,,False,False,40ebe707-6a6c-4a85-aff5-58b2d0493daa
Macki Wojny 2026 - Otwarcie Sezonu ME-SBG,1a1d8ae7-1be8-46d3-afde-ab479c8cc5a3,Runda 3 Clash by moonlight ,4b2b5b31-3bd9-475d-9d12-b8fd9b2ad73b,FINISHED,ca79a9a8-a11c-476d-a47d-0cd280b1a688,,2026-01-17T16:51:26.642Z,0f01734d-7c8b-4f09-ade6-230393d0cb1a,1162e493-2a1e-4b15-aa4d-70fd185e8f8d,1.0,5.0,,,21e77868-a7fc-4b68-b5be-e28001c35f63,5f55d7f6-e77c-45a0-b083-60691560a665,5.0,6.0,,,False,False,5f55d7f6-e77c-45a0-b083-60691560a665
Macki Wojny 2026 - Otwarcie Sezonu ME-SBG,1a1d8ae7-1be8-46d3-afde-ab479c8cc5a3,Runda 3 Clash by moonlight ,4b2b5b31-3bd9-475d-9d12-b8fd9b2ad73b,FINISHED,a2040a35-cfca-4389-b0d0-e29be86e6410,,2026-01-17T16:53:37.039Z,7ddacba0-4ab3-434c-bf74-7af894c1248b,6de86bb6-ffbe-4ead-8093-654e44b76ddf,1.0,5.0,,,bad03e41-5e88-4d0b-aaf7-479786a4c1a9,21c12fb0-4289-4df3-8bad-f18c2a49fd0d,5.0,10.0,,,False,False,21c12fb0-4289-4df3-8bad-f18c2a49fd0d
Macki Wojny 2026 - Otwarcie Sezonu ME-SBG,1a1d8ae7-1be8-46d3-afde-ab479c8cc5a3,Runda 3 Clash by moonlight ,4b2b5b31-3bd9-475d-9d12-b8fd9b2ad73b,FINISHED,1b2f87e6-09c0-4ace-979a-e52efb9ae07e,,2026-01-17T16:53:47.187Z,b55c6c91-ad16-4a03-b5ff-25f58560a467,d8c20013-b03c-48e4-bb24-3acb4aeb30e6,0.0,3.0,,,3c576dcf-8ad5-4cb7-a7c4-64232b39260a,bbbe191e-78cb-42d6-acc6-fd53718b1fd2,6.0,14.0,,,False,False,bbbe191e-78cb-42d6-acc6-fd53718b1fd2
Macki Wojny 2026 - Otwarcie Sezonu ME-SBG,1a1d8ae7-1be8-46d3-afde-ab479c8cc5a3,Runda 2 Command The Battlefiel,d95fb406-399c-4e50-8268-8e30af2d06f2,FINISHED,c2366dbd-24fe-46b5-be6f-9798fbbe04f6,,2026-01-17T11:40:30.760Z,94fb67d5-d6a1-4f3c-944b-60ecdd3ff4eb,8cf73c83-a3a1-4dd6-8882-e8dd30912ab1,3.0,6.0,,,6769940a-f7e7-42ae-bb3c-ec70227c23b6,4edd7b4a-f5e4-4136-9363-aa93d7e9b8e3,3.0,6.0,,,False,False,4edd7b4a-f5e4-4136-9363-aa93d7e9b8e3
Macki Wojny 2026 - Otwarcie Sezonu ME-SBG,1a1d8ae7-1be8-46d3-afde-ab479c8cc5a3,Runda 2 Command The Battlefiel,d95fb406-399c-4e50-8268-8e30af2d06f2,FINISHED,dbf4ff09-0e5d-493f-a82f-d962e8468f09,,2026-01-17T11:40:33.865Z,46dd084d-fd36-4b51-bbdd-f5bbb7e41756,0231b3c3-fb2b-4033-8dd3-bf98d9e29410,3.0,6.0,,,9de479d7-67d0-4f27-8856-36889d2f2dfa,3723b773-cadb-46d3-8758-e1260476e981,3.0,6.0,,,False,False,3723b773-cadb-46d3-8758-e1260476e981
Macki Wojny 2026 - Otwarcie Sezonu ME-SBG,1a1d8ae7-1be8-46d3-afde-ab479c8cc5a3,Runda 2 Command The Battlefiel,d95fb406-399c-4e50-8268-8e30af2d06f2,FINISHED,ebac5451-aac3-49d4-ad76-31849cbe7900,,2026-01-17T12:33:14.308Z,32626513-90ca-458a-ac51-31f45d9aab4b,5de541e0-dfa6-4c41-b224-90684a3b5e1c,1.0,10.0,,,dd7ae758-9b49-450f-ab02-8bc676a41a00,a15d42d2-401a-42d5-a0e7-e8f88c780302,5.0,12.0,,,False,False,a15d42d2-401a-42d5-a0e7-e8f88c780302
Macki Wojny 2026 - Otwarcie Sezonu ME-SBG,1a1d8ae7-1be8-46d3-afde-ab479c8cc5a3,Runda 2 Command The Battlefiel,d95fb406-399c-4e50-8268-8e30af2d06f2,FINISHED,1488e787-5e16-464e-a67d-ba31fe0b148c,,2026-01-17T11:51:06.272Z,63c72e93-2923-468f-a44e-f71341a99b8e,309de8ee-ad9e-4a87-911b-e3a5d480d491,1.0,10.0,,,de9787ad-cfa1-4d8a-971e-dae7158cb7e3,6732875f-9e3b-44e5-b4a1-5ce209a9b359,5.0,11.0,,,False,False,6732875f-9e3b-44e5-b4a1-5ce209a9b359
Macki Wojny 2026 - Otwarcie Sezonu ME-SBG,1a1d8ae7-1be8-46d3-afde-ab479c8cc5a3,Runda 2 Command The Battlefiel,d95fb406-399c-4e50-8268-8e30af2d06f2,FINISHED,2850393b-e87b-4be3-aa62-ef09eff27ef6,,2026-01-17T12:00:11.459Z,1be6085b-33db-4b5f-8f75-779d7ce85c71,a946ead4-d386-4d2f-b350-64a65f00e5e2,0.0,4.0,,,ce0f93d8-5deb-4518-afde-7db1b634b5e9,f6f2e7ef-8125-4bd0-90cb-7e6220d6af31,6.0,16.0,,,False,False,f6f2e7ef-8125-4bd0-90cb-7e6220d6af31
Macki Wojny 2026 - Otwarcie Sezonu ME-SBG,1a1d8ae7-1be8-46d3-afde-ab479c8cc5a3,Runda 2 Command The Battlefiel,d95fb406-399c-4e50-8268-8e30af2d06f2,FINISHED,63c4511c-7200-4891-a06c-24c277113712,,2026-01-17T12:00:55.341Z,6e6871a2-b02c-447a-a604-68b49981a80e,1081ab22-cae7-4cc1-8b47-c69bffcfa8d2,0.0,3.0,,,bcebe8a4-560b-4c01-8af8-c33ded59e25a,eacb0c29-8302-462e-9e47-c61d95ce5ff3,6.0,14.0,,,False,False,eacb0c29-8302-462e-9e47-c61d95ce5ff3
Macki Wojny 2026 - Otwarcie Sezonu ME-SBG,1a1d8ae7-1be8-46d3-afde-ab479c8cc5a3,Runda 2 Command The Battlefiel,d95fb406-399c-4e50-8268-8e30af2d06f2,FINISHED,20a7edc7-33c5-4004-b624-116e69d1802c,,2026-01-17T12:03:06.450Z,4f3b2606-9ac9-404d-8068-6035559de5c0,bbbe191e-78cb-42d6-acc6-fd53718b1fd2,0.0,0.0,,,3f2e2bdf-ea96-40c6-9822-358cff3541e4,1723649c-e9e5-42eb-9e2a-d9de6492fd21,6.0,14.0,,,False,False,1723649c-e9e5-42eb-9e2a-d9de6492fd21
Macki Wojny 2026 - Otwarcie Sezonu ME-SBG,1a1d8ae7-1be8-46d3-afde-ab479c8cc5a3,Runda 2 Command The Battlefiel,d95fb406-399c-4e50-8268-8e30af2d06f2,FINISHED,f0d183f1-fa4a-4912-8a4a-9b6621228e03,,2026-01-17T12:41:39.322Z,c10863c0-6620-4c48-8fa0-4401404b7a9d,dfae3b97-3154-43b8-a7cf-26ece499fa82,0.0,2.0,,,b6e0a717-7e18-40f9-ae2c-347abefe9ee5,beec30f8-4a47-431b-b7ed-e7f37e95bbbc,6.0,9.0,,,False,False,beec30f8-4a47-431b-b7ed-e7f37e95bbbc
Macki Wojny 2026 - Otwarcie Sezonu ME-SBG,1a1d8ae7-1be8-46d3-afde-ab479c8cc5a3,Runda 2 Command The Battlefiel,d95fb406-399c-4e50-8268-8e30af2d06f2,FINISHED,945de656-7c82-4aac-b3b6-bf6bd869f921,,2026-01-17T12:24:30.395Z,01b06c8f-3003-4193-a111-ec8162d2f22c,73de21a8-323e-470e-8e98-8aba0d14d244,0.0,3.0,,,b0293cc5-8d06-4fb9-a4e2-3554735e115b,592e6817-d59d-4c9e-80b7-e9d8956362be,6.0,17.0,,,False,False,592e6817-d59d-4c9e-80b7-e9d8956362be
Macki Wojny 2026 - Otwarcie Sezonu ME-SBG,1a1d8ae7-1be8-46d3-afde-ab479c8cc5a3,Runda 2 Command The Battlefiel,d95fb406-399c-4e50-8268-8e30af2d06f2,FINISHED,7658493c-4d19-4fc8-b369-0e42edcb3785,,2026-01-17T12:25:26.407Z,ca423104-8ab7-40a7-a6ac-5ae5d976e3e7,68bf04f5-3d30-4e15-9d0e-10ff004496e9,6.0,13.0,,,fd598e99-efc6-4dd5-92fc-cca3ff25ec15,21066989-54d5-4f5b-b9f2-4ef34bb62943,0.0,0.0,,,False,False,21066989-54d5-4f5b-b9f2-4ef34bb62943
Macki Wojny 2026 - Otwarcie Sezonu ME-SBG,1a1d8ae7-1be8-46d3-afde-ab479c8cc5a3,Runda 2 Command The Battlefiel,d95fb406-399c-4e50-8268-8e30af2d06f2,FINISHED,89227d88-9939-46f9-96dd-b87f78a31e2c,,2026-01-17T12:36:52.328Z,0da58156-592c-425e-9c51-8df69a623bc1,5d01b02f-444d-4547-958a-e2dcac24e017,6.0,20.0,,,7c7417ff-d4ca-4b47-921a-96c92b3d6194,70266969-1e35-47ca-9876-4628421f6cf6,0.0,0.0,,,False,False,70266969-1e35-47ca-9876-4628421f6cf6
Macki Wojny 2026 - Otwarcie Sezonu ME-SBG,1a1d8ae7-1be8-46d3-afde-ab479c8cc5a3,Runda 2 Command The Battlefiel,d95fb406-399c-4e50-8268-8e30af2d06f2,FINISHED,0cec4267-3c1a-4879-84c5-cc3c1e49b497,,2026-01-17T12:37:30.812Z,ce56fed2-f081-4abc-a529-6c5bbdc9684f,2a69f764-5cb1-4177-9200-d58b7117a089,0.0,0.0,,,7270b6fc-9f38-4107-9591-107bb71c93f0,6c1b533a-5a81-442a-8d96-1100083dcb4b,6.0,20.0,,,False,False,6c1b533a-5a81-442a-8d96-1100083dcb4b
Macki Wojny 2026 - Otwarcie Sezonu ME-SBG,1a1d8ae7-1be8-46d3-afde-ab479c8cc5a3,Runda 2 Command The Battlefiel,d95fb406-399c-4e50-8268-8e30af2d06f2,FINISHED,8b6037ed-cd45-4f6e-92ab-7ad1ea95479e,,2026-01-17T12:37:45.181Z,ab049fe8-77da-441d-bc69-3832ebb1e7aa,ef9855f8-ec35-456a-90da-7f4e9c0bebd5,0.0,1.0,,,76cc1ac0-c47e-4773-b355-be7c1cfc8b34,c451779b-6172-4e1a-acbd-1b387949849d,6.0,14.0,,,False,False,c451779b-6172-4e1a-acbd-1b387949849d
Macki Wojny 2026 - Otwarcie Sezonu ME-SBG,1a1d8ae7-1be8-46d3-afde-ab479c8cc5a3,Runda 2 Command The Battlefiel,d95fb406-399c-4e50-8268-8e30af2d06f2,FINISHED,63ded0dc-4f48-4160-8d3f-c37f1f3b70aa,,2026-01-17T12:40:52.067Z,cfafd4f3-f69b-42d3-a33a-7eb0716c2031,27e5fd8e-fc73-48f9-802e-3546fde22d25,0.0,0.0,,,df87c2fc-20da-494c-9d7f-fbf8dd719cfe,6df80142-0804-43f3-910e-3d51131586cf,6.0,17.0,,,False,False,6df80142-0804-43f3-910e-3d51131586cf
Macki Wojny 2026 - Otwarcie Sezonu ME-SBG,1a1d8ae7-1be8-46d3-afde-ab479c8cc5a3,Runda 2 Command The Battlefiel,d95fb406-399c-4e50-8268-8e30af2d06f2,FINISHED,357dd18e-03e8-4cbc-b855-c383115112d7,,2026-01-17T12:41:49.543Z,88b7a133-a944-422a-811e-cbc6f6e9ce09,06e08db4-eeb0-41a3-9e0c-7a8d0203bc0e,0.0,2.0,,,dfda7568-dfda-4813-bf05-6b4c137e6be7,2f1215b6-dd3c-44cc-9604-ee8e4b42553c,6.0,13.0,,,False,False,2f1215b6-dd3c-44cc-9604-ee8e4b42553c
Macki Wojny 2026 - Otwarcie Sezonu ME-SBG,1a1d8ae7-1be8-46d3-afde-ab479c8cc5a3,Runda 2 Command The Battlefiel,d95fb406-399c-4e50-8268-8e30af2d06f2,FINISHED,78b83a19-dc64-4c33-ae64-c1bb26d8c75a,,2026-01-17T12:42:24.373Z,6caef502-5605-4177-b886-e27608717299,a8c5dace-3769-45a7-9812-c134eda0fcae,1.0,7.0,,,f17c709f-972a-4d6e-bd03-d29d157462ea,6bbae723-3f56-4f46-b886-e4f179c50e93,5.0,11.0,,,False,False,6bbae723-3f56-4f46-b886-e4f179c50e93
Macki Wojny 2026 - Otwarcie Sezonu ME-SBG,1a1d8ae7-1be8-46d3-afde-ab479c8cc5a3,Runda 2 Command The Battlefiel,d95fb406-399c-4e50-8268-8e30af2d06f2,FINISHED,d505434f-c5a9-430b-b60d-4925c3abfcb7,,2026-01-17T12:43:20.708Z,94ab80e8-e474-4347-b59a-02bbff3b2b58,1162e493-2a1e-4b15-aa4d-70fd185e8f8d,0.0,4.0,,,a5eb0e57-62f4-4cba-8cd5-6f0502af66b1,5dd629bc-7618-4bd4-9b02-0c13fc7b7a34,6.0,14.0,,,False,False,5dd629bc-7618-4bd4-9b02-0c13fc7b7a34
Macki Wojny 2026 - Otwarcie Sezonu ME-SBG,1a1d8ae7-1be8-46d3-afde-ab479c8cc5a3,Runda 2 Command The Battlefiel,d95fb406-399c-4e50-8268-8e30af2d06f2,FINISHED,620ea58b-bdb7-4a48-8ecc-dab38267df86,,2026-01-17T12:43:49.895Z,0ee784a9-1b90-41c3-a9d4-d1606f3ae0e4,d8c20013-b03c-48e4-bb24-3acb4aeb30e6,0.0,1.0,,,4441f6e4-4f8f-40eb-bcd5-d2115021fc90,85e858a0-eb30-4b0d-8622-f6bdbc8c12e8,6.0,11.0,,,False,False,85e858a0-eb30-4b0d-8622-f6bdbc8c12e8
Macki Wojny 2026 - Otwarcie Sezonu ME-SBG,1a1d8ae7-1be8-46d3-afde-ab479c8cc5a3,Runda 2 Command The Battlefiel,d95fb406-399c-4e50-8268-8e30af2d06f2,FINISHED,f98fe02d-6ad6-4e16-84e7-15a52baf4b0b,,2026-01-17T12:44:16.032Z,59f0a93a-816c-4da7-bee7-c0d488801028,4312b892-eb2e-491a-b14a-6f7cff1ab128,1.0,6.0,,,d2e52aa9-1eb2-4644-ae12-bb3c65a4ca0c,5f6a7ffa-1a94-4176-a2f0-42f18d04a39e,5.0,7.0,,,False,False,5f6a7ffa-1a94-4176-a2f0-42f18d04a39e
Macki Wojny 2026 - Otwarcie Sezonu ME-SBG,1a1d8ae7-1be8-46d3-afde-ab479c8cc5a3,Runda 2 Command The Battlefiel,d95fb406-399c-4e50-8268-8e30af2d06f2,FINISHED,aebe2c93-2ddc-4d4b-a4c0-a24c583c71ba,,2026-01-17T12:45:55.708Z,c4afe43f-c310-40cf-9b78-dde442df3c3c,ef46c5bc-e9ab-450b-85f5-4b88323ef1b8,,2.0,,,febb5be1-6f49-4f92-825c-73dcded28f19,013435de-6dfa-4aa3-b660-b670b6a245e5,6.0,16.0,,,False,False,013435de-6dfa-4aa3-b660-b670b6a245e5
Macki Wojny 2026 - Otwarcie Sezonu ME-SBG,1a1d8ae7-1be8-46d3-afde-ab479c8cc5a3,Runda 2 Command The Battlefiel,d95fb406-399c-4e50-8268-8e30af2d06f2,FINISHED,0b92d4e1-4d1d-4461-a010-fa74d0b299f2,,2026-01-17T12:45:58.668Z,7654c292-2e7d-4243-84a1-0a5e79828261,72214086-3cc8-4fa1-8520-7a6de92529de,0.0,1.0,,,b7b0f8a7-9a79-44ec-a89b-44530a37043e,6bec13b2-87d9-4e6d-b7ca-06b9e90bf3ba,6.0,10.0,,,False,False,6bec13b2-87d9-4e6d-b7ca-06b9e90bf3ba
Macki Wojny 2026 - Otwarcie Sezonu ME-SBG,1a1d8ae7-1be8-46d3-afde-ab479c8cc5a3,Runda 2 Command The Battlefiel,d95fb406-399c-4e50-8268-8e30af2d06f2,FINISHED,f72a132e-0e5b-4292-845b-7d939ccd70f5,,2026-01-17T12:47:08.788Z,0294a758-cc39-48b2-af7d-097fe9dd2945,7d79e669-7010-4328-bbf5-3f7203dddd9a,0.0,3.0,,,0ddf09fa-1256-491e-a9f6-db461de0558d,a4179cf5-0caa-450b-8b1d-8331298d0ee1,6.0,7.0,,,False,False,a4179cf5-0caa-450b-8b1d-8331298d0ee1
Macki Wojny 2026 - Otwarcie Sezonu ME-SBG,1a1d8ae7-1be8-46d3-afde-ab479c8cc5a3,Runda 2 Command The Battlefiel,d95fb406-399c-4e50-8268-8e30af2d06f2,FINISHED,65ee91ae-5f99-41b0-9871-bcd5bdd42479,,2026-01-17T12:47:16.176Z,c682e17b-2e9b-4937-a2e4-1462884ac064,396741ce-3694-4877-9603-fe19efd6284f,3.0,7.0,,,e8fc3546-df6f-4fa9-b5c2-d026099eb309,cd36b01c-87a1-47c9-b877-a65940b24b12,3.0,7.0,,,False,False,cd36b01c-87a1-47c9-b877-a65940b24b12
Macki Wojny 2026 - Otwarcie Sezonu ME-SBG,1a1d8ae7-1be8-46d3-afde-ab479c8cc5a3,Runda 2 Command The Battlefiel,d95fb406-399c-4e50-8268-8e30af2d06f2,FINISHED,cb9d8b28-a966-430c-a3fd-a752d0f957d7,,2026-01-17T12:48:05.527Z,07d70e66-d339-452c-b6d0-d7773b229fe9,6dead819-2363-4244-ab43-933ee534235f,0.0,3.0,,,0f5f03cb-0051-481f-83b2-d7c564c61a9c,97c5e5bc-7502-4f16-9c1b-53ead4fab5b2,6.0,15.0,,,False,False,6dead819-2363-4244-ab43-933ee534235f
Macki Wojny 2026 - Otwarcie Sezonu ME-SBG,1a1d8ae7-1be8-46d3-afde-ab479c8cc5a3,Runda 2 Command The Battlefiel,d95fb406-399c-4e50-8268-8e30af2d06f2,FINISHED,a95f02ca-8290-4f30-a448-43c031a78a12,,2026-01-17T12:50:52.430Z,b0cc3648-343e-46ac-8396-faedd0fecd02,222c2b52-47fd-4345-a6ec-a83ee05ccb12,0.0,3.0,,,f9dcb8bf-89e1-40ad-91a0-de4c4e11d3f8,3e29a228-3a1f-4cd4-b7b6-6a9ad0f22619,6.0,14.0,,,False,False,3e29a228-3a1f-4cd4-b7b6-6a9ad0f22619
Macki Wojny 2026 - Otwarcie Sezonu ME-SBG,1a1d8ae7-1be8-46d3-afde-ab479c8cc5a3,Runda 2 Command The Battlefiel,d95fb406-399c-4e50-8268-8e30af2d06f2,FINISHED,ef8205b4-f2bd-4471-9981-f945d3c8c155,,2026-01-17T12:51:00.939Z,3d0c6b03-bf80-41da-97d7-4017bdd627d5,9641c0c9-16e9-4bb7-a7f4-e73245f48db2,1.0,10.0,,,db387364-b6c5-4272-9ca3-f1e49568cca4,21c12fb0-4289-4df3-8bad-f18c2a49fd0d,5.0,12.0,,,False,False,21c12fb0-4289-4df3-8bad-f18c2a49fd0d
Macki Wojny 2026 - Otwarcie Sezonu ME-SBG,1a1d8ae7-1be8-46d3-afde-ab479c8cc5a3,Runda 2 Command The Battlefiel,d95fb406-399c-4e50-8268-8e30af2d06f2,FINISHED,63aa6300-97b3-4add-a697-95b0af7902bc,,2026-01-17T12:52:12.879Z,7f19fecd-b5f6-40c4-9c98-583dd712ccff,4a55491b-3a8e-47bb-8c61-85b9446dca01,0.0,3.0,,,41ecc972-193e-4b78-b240-de8a13ec66d1,549399ee-ddad-4f74-a61d-02352b425f27,6.0,11.0,,,False,False,549399ee-ddad-4f74-a61d-02352b425f27
Macki Wojny 2026 - Otwarcie Sezonu ME-SBG,1a1d8ae7-1be8-46d3-afde-ab479c8cc5a3,Runda 2 Command The Battlefiel,d95fb406-399c-4e50-8268-8e30af2d06f2,FINISHED,8fe3eac6-9142-4770-8898-2cd599998775,,2026-01-17T12:53:57.366Z,d963fce5-39cc-47ef-92ee-b7cdd9216a0e,1279e92f-2cd2-4ab8-855a-9630a43d2c60,6.0,10.0,,,98792555-6ad3-4d13-b579-01f8f73a3ec5,dedfc2b9-4e69-452e-a9ae-35e131680cd5,0.0,2.0,,,False,False,dedfc2b9-4e69-452e-a9ae-35e131680cd5
Macki Wojny 2026 - Otwarcie Sezonu ME-SBG,1a1d8ae7-1be8-46d3-afde-ab479c8cc5a3,Runda 2 Command The Battlefiel,d95fb406-399c-4e50-8268-8e30af2d06f2,FINISHED,312a8e63-b6fc-4280-917b-a05072535728,,2026-01-17T12:54:40.184Z,dd78d736-b99e-4a1f-9747-578a21a4edfb,62553300-be05-4e64-a57e-a9d7ea1b9e88,,3.0,,,533775eb-8971-4f8c-8ed5-5f1d9581f0d3,fe2829dd-d3d5-4397-9c63-f65a285aba6e,6.0,15.0,,,False,False,fe2829dd-d3d5-4397-9c63-f65a285aba6e
Macki Wojny 2026 - Otwarcie Sezonu ME-SBG,1a1d8ae7-1be8-46d3-afde-ab479c8cc5a3,Runda 2 Command The Battlefiel,d95fb406-399c-4e50-8268-8e30af2d06f2,FINISHED,cbbde45b-8c4a-4940-aac5-895e90223cc7,,2026-01-17T13:14:47.494Z,36e65e0f-37e8-4b16-a1b8-318954c115a7,a7f6afd7-7e8e-4a00-a3ba-fc637ca964fd,1.0,4.0,,,23f872d5-d34c-4e39-be88-3e79462c1897,83bffbd7-d053-452e-a6ad-1da65ccb448a,5.0,6.0,,,False,False,83bffbd7-d053-452e-a6ad-1da65ccb448a
Macki Wojny 2026 - Otwarcie Sezonu ME-SBG,1a1d8ae7-1be8-46d3-afde-ab479c8cc5a3,Runda 2 Command The Battlefiel,d95fb406-399c-4e50-8268-8e30af2d06f2,FINISHED,c38b66b9-4ae0-44a5-82f1-9761c421177c,,2026-01-17T13:15:11.525Z,8706eea1-8240-41dc-adf7-e54890ae0456,9eaf0945-81fd-494b-be1f-3b6f349ce991,0.0,3.0,,,91107cba-621d-4fc9-abd8-ca4687fc5e79,7c58612c-6b48-4ed3-b175-7f04a5269ff0,6.0,14.0,,,False,False,7c58612c-6b48-4ed3-b175-7f04a5269ff0
Macki Wojny 2026 - Otwarcie Sezonu ME-SBG,1a1d8ae7-1be8-46d3-afde-ab479c8cc5a3,Runda 2 Command The Battlefiel,d95fb406-399c-4e50-8268-8e30af2d06f2,FINISHED,ae32568a-c491-45f0-b144-4a1023b811c6,,2026-01-17T13:18:42.917Z,d745174e-e7ef-4147-a57a-7f948d337fd6,457f9c1a-0e9a-4c0e-ae41-7f00e3646fba,0.0,0.0,,,22711de3-4149-4cd0-b306-50709a9aa2eb,3d3c9443-6720-45cd-9b05-449182fcbbde,6.0,14.0,,,False,False,3d3c9443-6720-45cd-9b05-449182fcbbde
Macki Wojny 2026 - Otwarcie Sezonu ME-SBG,1a1d8ae7-1be8-46d3-afde-ab479c8cc5a3,Runda 2 Command The Battlefiel,d95fb406-399c-4e50-8268-8e30af2d06f2,FINISHED,22868239-77cb-49f0-a5c0-62b3d707cb30,,2026-01-17T13:20:28.577Z,bfa75249-d4ee-4d7b-9b5d-b8ac282f8d41,e11c9221-5fee-4a26-b4a8-23f3ee654de2,1.0,2.0,,,c3a65cd1-6467-4705-af5b-e10ee0c8a709,40ebe707-6a6c-4a85-aff5-58b2d0493daa,5.0,6.0,,,False,False,40ebe707-6a6c-4a85-aff5-58b2d0493daa
Macki Wojny 2026 - Otwarcie Sezonu ME-SBG,1a1d8ae7-1be8-46d3-afde-ab479c8cc5a3,Runda 2 Command The Battlefiel,d95fb406-399c-4e50-8268-8e30af2d06f2,FINISHED,8944d77b-7810-46a6-aa77-97c30286fab9,,2026-01-17T13:05:21.472Z,6cfb0cef-4e75-4785-b28c-c33d1aa8fb86,bddd8ac9-5247-4f0a-9a17-4ac7bea1812a,0.0,3.0,,,01e6b886-0564-464a-af94-aa3a902b4064,7f22159a-00df-4a00-9aa9-2f36d60d2455,6.0,10.0,,,False,False,7f22159a-00df-4a00-9aa9-2f36d60d2455
Macki Wojny 2026 - Otwarcie Sezonu ME-SBG,1a1d8ae7-1be8-46d3-afde-ab479c8cc5a3,Runda 2 Command The Battlefiel,d95fb406-399c-4e50-8268-8e30af2d06f2,FINISHED,c2fb2893-c43e-47a9-a394-87239b9563c2,,2026-01-17T13:06:52.280Z,13fb457b-e206-4185-a518-90e37a61bebd,5f55d7f6-e77c-45a0-b083-60691560a665,0.0,0.0,,,4aab488b-2634-4b52-88d4-045a6ec00163,e99aafd2-d310-49bd-b0d5-b12b6acd1600,6.0,15.0,,,False,False,e99aafd2-d310-49bd-b0d5-b12b6acd1600
Macki Wojny 2026 - Otwarcie Sezonu ME-SBG,1a1d8ae7-1be8-46d3-afde-ab479c8cc5a3,Runda 2 Command The Battlefiel,d95fb406-399c-4e50-8268-8e30af2d06f2,FINISHED,3e5f7f88-4e02-4044-8748-22de59700286,,2026-01-17T13:07:58.997Z,bc57805c-4e68-46a9-832b-0412cbf69e0f,1e4b9bdf-6062-4736-aef3-52bc568f8803,1.0,6.0,,,298f4a87-082e-4a5e-9cd3-1393fe4ff391,d49d9342-cc0c-46cc-83bf-ddd443b7aa8b,5.0,7.0,,,False,False,d49d9342-cc0c-46cc-83bf-ddd443b7aa8b
Macki Wojny 2026 - Otwarcie Sezonu ME-SBG,1a1d8ae7-1be8-46d3-afde-ab479c8cc5a3,Runda 2 Command The Battlefiel,d95fb406-399c-4e50-8268-8e30af2d06f2,FINISHED,44b2e5de-0027-40d5-a9ee-dd7c289c5413,,2026-01-17T13:08:37.769Z,ab79b2d3-aa58-4666-b181-4e790dd60cd5,15e5a444-91c2-43fe-8b7b-c927354ca51a,0.0,4.0,,,def3b524-f38d-4437-a6c7-1abe0112f0c9,d96af431-77bb-4909-bb15-61df62e81b15,6.0,12.0,,,False,False,d96af431-77bb-4909-bb15-61df62e81b15
Macki Wojny 2026 - Otwarcie Sezonu ME-SBG,1a1d8ae7-1be8-46d3-afde-ab479c8cc5a3,Runda 2 Command The Battlefiel,d95fb406-399c-4e50-8268-8e30af2d06f2,FINISHED,971e7234-ae0d-4a7f-8414-9323101ffda7,,2026-01-17T13:09:06.513Z,d67683af-22ae-462e-8b95-44bb31b5d730,6f641816-8973-4f1f-b906-3b33d5710be9,0.0,0.0,,,0e74ff1d-c772-4fd0-a106-e521818461a9,9357ea2e-af38-453d-9c2f-b828d5ccdfb6,6.0,20.0,,,False,False,9357ea2e-af38-453d-9c2f-b828d5ccdfb6
Macki Wojny 2026 - Otwarcie Sezonu ME-SBG,1a1d8ae7-1be8-46d3-afde-ab479c8cc5a3,Runda 2 Command The Battlefiel,d95fb406-399c-4e50-8268-8e30af2d06f2,FINISHED,b3733d0a-bf4f-4d94-9d9a-d8b9d495c30b,,2026-01-17T13:09:45.026Z,f13beed9-e9ed-405d-b66d-cc8d32cf9448,2dcb6efc-305d-46f5-b777-32b6ba7307ce,0.0,4.0,,,ce5377aa-e95e-49c3-a968-5112f4f0d16c,4e8fbce8-9600-4b61-af86-6731e366fce3,6.0,10.0,,,False,False,4e8fbce8-9600-4b61-af86-6731e366fce3
Macki Wojny 2026 - Otwarcie Sezonu ME-SBG,1a1d8ae7-1be8-46d3-afde-ab479c8cc5a3,Runda 2 Command The Battlefiel,d95fb406-399c-4e50-8268-8e30af2d06f2,FINISHED,3cadb811-f32f-4594-9ee1-d772e44e5a07,,2026-01-17T13:10:36.389Z,b92b567a-f404-431e-9dc6-0b916b7008f2,9fa82917-385d-469e-84c0-8db3e5214cd5,0.0,4.0,,,fd01532c-6b5f-457b-83c4-11c3f19b1b8a,c0c93d87-3a8b-4fd2-a654-f009b0226875,6.0,13.0,,,False,False,c0c93d87-3a8b-4fd2-a654-f009b0226875
Macki Wojny 2026 - Otwarcie Sezonu ME-SBG,1a1d8ae7-1be8-46d3-afde-ab479c8cc5a3,Runda 2 Command The Battlefiel,d95fb406-399c-4e50-8268-8e30af2d06f2,FINISHED,77ed5354-f150-4a5a-9fa9-9ad2e9feff42,,2026-01-17T13:11:48.916Z,84800b21-0fde-4fee-8314-fd7c89a83cf6,6de86bb6-ffbe-4ead-8093-654e44b76ddf,5.0,6.0,,,9333e491-be31-4f4c-b104-a50aa4a78e40,337cf4cf-c3db-40f2-bccb-d9d98d3928b9,1.0,5.0,,,False,False,337cf4cf-c3db-40f2-bccb-d9d98d3928b9
Macki Wojny 2026 - Otwarcie Sezonu ME-SBG,1a1d8ae7-1be8-46d3-afde-ab479c8cc5a3,Runda 2 Command The Battlefiel,d95fb406-399c-4e50-8268-8e30af2d06f2,FINISHED,654365d3-31cf-49f0-80a5-54939ac94cca,,2026-01-17T13:12:56.327Z,0e951307-0206-4550-8fc6-18a44722b463,71f045ad-ce24-4e8b-865a-1dc0f634a42d,1.0,3.0,,,618f95ca-3c85-4b3a-a355-ba60ff9e46ef,93cda88b-c976-4e61-8f65-9a5a5f1ecf7b,5.0,7.0,,,False,False,93cda88b-c976-4e61-8f65-9a5a5f1ecf7b
Macki Wojny 2026 - Otwarcie Sezonu ME-SBG,1a1d8ae7-1be8-46d3-afde-ab479c8cc5a3,Runda 2 Command The Battlefiel,d95fb406-399c-4e50-8268-8e30af2d06f2,FINISHED,eb75ac8c-cf13-4529-916f-310fd2790162,,2026-01-17T13:13:47.542Z,3cd8d33e-7742-44e0-b09e-d446c61b13a9,20a238b0-37e6-400b-a2a1-20935ab4cc00,5.0,8.0,,,69159d77-d715-4183-b593-c007bd28f4fb,774afb8c-8f87-46dc-823e-a82621336e4f,1.0,6.0,,,False,False,774afb8c-8f87-46dc-823e-a82621336e4f
Macki Wojny 2026 - Otwarcie Sezonu ME-SBG,1a1d8ae7-1be8-46d3-afde-ab479c8cc5a3,Runda 2 Command The Battlefiel,d95fb406-399c-4e50-8268-8e30af2d06f2,FINISHED,0493f8a9-df92-4616-ae30-81d4135b16e1,,2026-01-17T13:14:39.313Z,f4fba6aa-a9ff-4fb8-82c9-9a9d8219e058,f0b719fd-09d6-4d2a-a87c-bd6e7fcd6990,1.0,6.0,,,825d7f57-67cd-4b3b-8ae1-b977bf223e6a,8c340f26-1543-4335-8b37-d814614b81f9,5.0,7.0,,,False,False,8c340f26-1543-4335-8b37-d814614b81f9
Macki Wojny 2026 - Otwarcie Sezonu ME-SBG,1a1d8ae7-1be8-46d3-afde-ab479c8cc5a3,Runda 2 Command The Battlefiel,d95fb406-399c-4e50-8268-8e30af2d06f2,FINISHED,21eb63fc-b883-4b3a-b855-5fd1fd83a6b4,,2026-01-17T13:22:26.903Z,6a308104-4f0c-4c47-a6b6-cd6d9c670b8d,a10c88af-658f-4dbe-bb23-533f04cdfa24,0.0,0.0,,,8102d5ed-7bd8-46ec-86f1-ee46fd1df18c,48655433-fa77-4b22-b13e-a33b593f1a57,6.0,11.0,,,False,False,48655433-fa77-4b22-b13e-a33b593f1a57
Macki Wojny 2026 - Otwarcie Sezonu ME-SBG,1a1d8ae7-1be8-46d3-afde-ab479c8cc5a3,Runda 2 Command The Battlefiel,d95fb406-399c-4e50-8268-8e30af2d06f2,FINISHED,308ea429-9712-4bdb-af65-a0ac31b14753,,2026-01-17T13:22:40.107Z,fec5e213-a898-41e0-b4c4-db1b8eedc40b,758ae748-3888-4bdf-b4f9-7972a8ac9948,5.0,6.0,,,445e6eed-661f-499e-85d5-8a008b0a945d,6841eef6-931a-4375-ae1b-79843a97a82e,1.0,5.0,,,False,False,6841eef6-931a-4375-ae1b-79843a97a82e
Macki Wojny 2026 - Otwarcie Sezonu ME-SBG,1a1d8ae7-1be8-46d3-afde-ab479c8cc5a3,Runda 2 Command The Battlefiel,d95fb406-399c-4e50-8268-8e30af2d06f2,FINISHED,51515066-28fe-4cb7-a9ea-86f4e9461329,,2026-01-17T13:22:51.028Z,c235c445-16df-415f-9e91-a7ab8ff41200,0b9e69bb-46e8-4b18-949b-c788fd37fe1e,0.0,1.0,,,8563855b-e3f4-4682-b171-0dd9c6119ff9,f1143858-3e87-4afe-807d-f33f21de6d7e,6.0,16.0,,,False,False,f1143858-3e87-4afe-807d-f33f21de6d7e
Macki Wojny 2026 - Otwarcie Sezonu ME-SBG,1a1d8ae7-1be8-46d3-afde-ab479c8cc5a3,Runda 2 Command The Battlefiel,d95fb406-399c-4e50-8268-8e30af2d06f2,FINISHED,013ab807-31d2-41e1-bd21-d009406d2aca,,2026-01-17T11:58:21.304Z,b2c68e23-a5a7-4ac7-ad65-02f8ddc1639c,0d2c492e-db5d-4e7d-8b72-8134e6cd8d39,0.0,0.0,,,4735d7bd-eebb-4cdb-aa51-0d9fdfd257e8,9e5a191c-e93a-436d-b7b0-95d223dd6e2e,6.0,20.0,,,True,False,9e5a191c-e93a-436d-b7b0-95d223dd6e2e
Macki Wojny 2026 - Otwarcie Sezonu ME-SBG,1a1d8ae7-1be8-46d3-afde-ab479c8cc5a3,Runda 2 Command The Battlefiel,d95fb406-399c-4e50-8268-8e30af2d06f2,FINISHED,691bb018-de8b-4c9f-938b-ae7acf4cf971,,2026-01-17T13:06:42.606Z,5ada4eab-f200-471c-9c6d-05660ce6c87d,bd51334f-700f-46ea-9801-7fa43e9c53d0,0.0,3.0,,,b74cb236-777f-4869-b0a0-e43890b7b7a1,ac23a3ec-2b0f-4d94-8575-948ae2f7eb83,6.0,15.0,,,False,True,ac23a3ec-2b0f-4d94-8575-948ae2f7eb83
Macki Wojny 2026 - Otwarcie Sezonu ME-SBG,1a1d8ae7-1be8-46d3-afde-ab479c8cc5a3,Runda 2 Command The Battlefiel,d95fb406-399c-4e50-8268-8e30af2d06f2,FINISHED,130ab724-e182-4204-8b43-4014f00f909e,,2026-01-17T13:26:54.818Z,708dfc25-80cb-4162-9e55-2b2dd77fb9db,780e8297-2cf1-4ac2-89bd-e9dd5ece6347,3.0,9.0,,,c2e8cb73-f770-4b88-8ca1-4bfcdbe493d1,7ca2b5ee-c648-4e98-bcba-50d159612ecc,3.0,9.0,,,False,False,7ca2b5ee-c648-4e98-bcba-50d159612ecc
Macki Wojny 2026 - Otwarcie Sezonu ME-SBG,1a1d8ae7-1be8-46d3-afde-ab479c8cc5a3,Runda 1 Treasure Hoard,b34522b7-3039-4c76-839a-63ec2cb7fb05,FINISHED,1c9abd64-96a8-4da9-afa8-70ebca47d334,,2026-01-17T09:11:29.145Z,30eb198f-b82d-4045-bab1-bd1c19c9b8c2,549399ee-ddad-4f74-a61d-02352b425f27,0.0,0.0,,,a419cccf-29a7-438a-9a61-965cf304d2c2,a15d42d2-401a-42d5-a0e7-e8f88c780302,6.0,20.0,,,False,False,a15d42d2-401a-42d5-a0e7-e8f88c780302
Macki Wojny 2026 - Otwarcie Sezonu ME-SBG,1a1d8ae7-1be8-46d3-afde-ab479c8cc5a3,Runda 1 Treasure Hoard,b34522b7-3039-4c76-839a-63ec2cb7fb05,FINISHED,60923e71-f8a6-4c62-a646-bb8319f19bac,,2026-01-17T09:44:51.475Z,9d710067-df8f-461e-9aa0-036350126302,592e6817-d59d-4c9e-80b7-e9d8956362be,0.0,0.0,,,d9ac8ac7-33cf-4abf-9e6a-be6cf161d22c,222c2b52-47fd-4345-a6ec-a83ee05ccb12,6.0,17.0,,,False,False,222c2b52-47fd-4345-a6ec-a83ee05ccb12
Macki Wojny 2026 - Otwarcie Sezonu ME-SBG,1a1d8ae7-1be8-46d3-afde-ab479c8cc5a3,Runda 1 Treasure Hoard,b34522b7-3039-4c76-839a-63ec2cb7fb05,FINISHED,72198dae-8433-4e0e-bb02-1cea16e2cf57,,2026-01-17T09:50:18.401Z,70a43f7b-b0a6-4e28-b808-f68e990a946a,1081ab22-cae7-4cc1-8b47-c69bffcfa8d2,0.0,4.0,,,871ae444-c74f-4a9a-b379-8ceeeeb4bffb,beec30f8-4a47-431b-b7ed-e7f37e95bbbc,6.0,14.0,,,False,False,beec30f8-4a47-431b-b7ed-e7f37e95bbbc
Macki Wojny 2026 - Otwarcie Sezonu ME-SBG,1a1d8ae7-1be8-46d3-afde-ab479c8cc5a3,Runda 1 Treasure Hoard,b34522b7-3039-4c76-839a-63ec2cb7fb05,FINISHED,44184906-d643-42cc-92f3-8f22ca68cf95,,2026-01-17T10:05:10.292Z,5299a605-46d1-4611-bd84-d0ec10a90c2e,f0b719fd-09d6-4d2a-a87c-bd6e7fcd6990,5.0,13.0,,,c974a5b0-d546-440b-936c-ac58807e8b82,c0c93d87-3a8b-4fd2-a654-f009b0226875,1.0,9.0,,,False,False,c0c93d87-3a8b-4fd2-a654-f009b0226875
Macki Wojny 2026 - Otwarcie Sezonu ME-SBG,1a1d8ae7-1be8-46d3-afde-ab479c8cc5a3,Runda 1 Treasure Hoard,b34522b7-3039-4c76-839a-63ec2cb7fb05,FINISHED,215f2e8c-679b-4f0b-b3f6-ee9343df95a9,,2026-01-17T10:15:39.075Z,8877ebfb-cc31-4db8-b41f-a854590fd398,0b9e69bb-46e8-4b18-949b-c788fd37fe1e,0.0,6.0,,,86ded713-00eb-48c6-9671-c01c9c30ec61,bd51334f-700f-46ea-9801-7fa43e9c53d0,6.0,14.0,,,False,False,bd51334f-700f-46ea-9801-7fa43e9c53d0
Macki Wojny 2026 - Otwarcie Sezonu ME-SBG,1a1d8ae7-1be8-46d3-afde-ab479c8cc5a3,Runda 1 Treasure Hoard,b34522b7-3039-4c76-839a-63ec2cb7fb05,FINISHED,5e5793c8-d259-4392-ab31-0fdf95de3631,,2026-01-17T10:16:49.748Z,ea0765dc-7fd9-4ec0-96ed-bcf1b432255c,73de21a8-323e-470e-8e98-8aba0d14d244,0.0,1.0,,,c358ebc6-7340-4fd1-9a92-f517d80488ad,3e29a228-3a1f-4cd4-b7b6-6a9ad0f22619,6.0,14.0,,,False,False,3e29a228-3a1f-4cd4-b7b6-6a9ad0f22619
Macki Wojny 2026 - Otwarcie Sezonu ME-SBG,1a1d8ae7-1be8-46d3-afde-ab479c8cc5a3,Runda 1 Treasure Hoard,b34522b7-3039-4c76-839a-63ec2cb7fb05,FINISHED,ed5aa800-0e7f-4795-8fab-bd2ebed6fa97,,2026-01-17T10:17:07.412Z,097381eb-2958-4eb1-a18e-eb1b650e3cbf,309de8ee-ad9e-4a87-911b-e3a5d480d491,6.0,20.0,,,8cd07e7c-80a0-4c8e-bbae-163b5ed9733f,cd36b01c-87a1-47c9-b877-a65940b24b12,0.0,1.0,,,False,False,cd36b01c-87a1-47c9-b877-a65940b24b12
Macki Wojny 2026 - Otwarcie Sezonu ME-SBG,1a1d8ae7-1be8-46d3-afde-ab479c8cc5a3,Runda 1 Treasure Hoard,b34522b7-3039-4c76-839a-63ec2cb7fb05,FINISHED,bf06fe23-2f60-42d1-853a-8b9421230d86,,2026-01-17T10:18:00.468Z,2d141e88-21fb-4dba-af8d-a1782f26ff8b,7d79e669-7010-4328-bbf5-3f7203dddd9a,0.0,3.0,,,7f7cdb5a-7ffe-4c32-8ee9-a290a7bb6a92,9357ea2e-af38-453d-9c2f-b828d5ccdfb6,6.0,14.0,,,False,False,9357ea2e-af38-453d-9c2f-b828d5ccdfb6
Macki Wojny 2026 - Otwarcie Sezonu ME-SBG,1a1d8ae7-1be8-46d3-afde-ab479c8cc5a3,Runda 1 Treasure Hoard,b34522b7-3039-4c76-839a-63ec2cb7fb05,FINISHED,9a698218-b181-48d5-b8cd-bf588582ccf7,,2026-01-17T10:19:07.600Z,136b51da-9c7a-4866-90ad-b21f5b5f3364,bddd8ac9-5247-4f0a-9a17-4ac7bea1812a,5.0,11.0,,,2dc62085-a372-4025-9d8c-edbdcfb6aa09,72214086-3cc8-4fa1-8520-7a6de92529de,1.0,9.0,,,False,False,72214086-3cc8-4fa1-8520-7a6de92529de
Macki Wojny 2026 - Otwarcie Sezonu ME-SBG,1a1d8ae7-1be8-46d3-afde-ab479c8cc5a3,Runda 1 Treasure Hoard,b34522b7-3039-4c76-839a-63ec2cb7fb05,FINISHED,69868d04-566b-4ba1-a913-98e3b41ba399,,2026-01-17T10:37:53.574Z,27d26d27-76fd-46e9-afc9-0699494116d4,85e858a0-eb30-4b0d-8622-f6bdbc8c12e8,0.0,4.0,,,9095fcd4-9933-4c3e-9a26-c93ccd76a0ea,758ae748-3888-4bdf-b4f9-7972a8ac9948,6.0,12.0,,,False,False,758ae748-3888-4bdf-b4f9-7972a8ac9948
Macki Wojny 2026 - Otwarcie Sezonu ME-SBG,1a1d8ae7-1be8-46d3-afde-ab479c8cc5a3,Runda 1 Treasure Hoard,b34522b7-3039-4c76-839a-63ec2cb7fb05,FINISHED,f0ca87d6-c6ea-4c17-b9e0-7c3cf8411dd1,,2026-01-17T10:23:35.329Z,8b974a0d-555e-4973-abee-617dae84d51b,3d3c9443-6720-45cd-9b05-449182fcbbde,0.0,7.0,,,39ccd9d8-89b1-40d0-bf45-fa565c4906d5,774afb8c-8f87-46dc-823e-a82621336e4f,6.0,14.0,,,False,False,774afb8c-8f87-46dc-823e-a82621336e4f
Macki Wojny 2026 - Otwarcie Sezonu ME-SBG,1a1d8ae7-1be8-46d3-afde-ab479c8cc5a3,Runda 1 Treasure Hoard,b34522b7-3039-4c76-839a-63ec2cb7fb05,FINISHED,1929ff46-1802-422e-8c6f-af6aa161df64,,2026-01-17T10:22:27.357Z,13554459-fdfb-4d96-a56b-544b4b256377,2a69f764-5cb1-4177-9200-d58b7117a089,0.0,0.0,,,a5787be8-054b-46f6-978e-a77ad908e2c6,06e08db4-eeb0-41a3-9e0c-7a8d0203bc0e,6.0,20.0,,,False,True,06e08db4-eeb0-41a3-9e0c-7a8d0203bc0e
Macki Wojny 2026 - Otwarcie Sezonu ME-SBG,1a1d8ae7-1be8-46d3-afde-ab479c8cc5a3,Runda 1 Treasure Hoard,b34522b7-3039-4c76-839a-63ec2cb7fb05,FINISHED,4b0f42ad-79c8-489d-82c7-ab7d85d707d7,,2026-01-17T10:22:45.008Z,67cd0b81-115b-489d-800d-f9be63141d49,5d01b02f-444d-4547-958a-e2dcac24e017,6.0,15.0,,,7d48ae07-f16b-4a3f-8553-2c4725273603,dedfc2b9-4e69-452e-a9ae-35e131680cd5,0.0,4.0,,,False,True,dedfc2b9-4e69-452e-a9ae-35e131680cd5
Macki Wojny 2026 - Otwarcie Sezonu ME-SBG,1a1d8ae7-1be8-46d3-afde-ab479c8cc5a3,Runda 1 Treasure Hoard,b34522b7-3039-4c76-839a-63ec2cb7fb05,FINISHED,2d70bd37-df84-4af2-8038-f4f997c85887,,2026-01-17T10:25:26.596Z,2cf60a74-a8e8-438f-b6ed-50cfb088dc25,a10c88af-658f-4dbe-bb23-533f04cdfa24,5.0,13.0,,,308134b2-eeb3-490a-bd7d-80af34ec8f94,eacb0c29-8302-462e-9e47-c61d95ce5ff3,1.0,8.0,,,False,False,eacb0c29-8302-462e-9e47-c61d95ce5ff3
Macki Wojny 2026 - Otwarcie Sezonu ME-SBG,1a1d8ae7-1be8-46d3-afde-ab479c8cc5a3,Runda 1 Treasure Hoard,b34522b7-3039-4c76-839a-63ec2cb7fb05,FINISHED,2b55a93f-f9ba-4641-a4c6-0d86ddfabdde,,2026-01-17T10:26:47.975Z,c45f794c-f81f-42b3-bde0-3f7e18efefca,5dd629bc-7618-4bd4-9b02-0c13fc7b7a34,1.0,6.0,,,a038b536-2286-40a7-8318-329b84bdb498,6df80142-0804-43f3-910e-3d51131586cf,5.0,9.0,,,False,False,6df80142-0804-43f3-910e-3d51131586cf
Macki Wojny 2026 - Otwarcie Sezonu ME-SBG,1a1d8ae7-1be8-46d3-afde-ab479c8cc5a3,Runda 1 Treasure Hoard,b34522b7-3039-4c76-839a-63ec2cb7fb05,FINISHED,f41960a1-a812-47d4-bd9b-072195af4a2b,,2026-01-17T10:26:58.360Z,74e2158e-40ef-42ec-a041-517e7cd05ea7,6dead819-2363-4244-ab43-933ee534235f,1.0,4.0,,,3f9dc305-f66e-4d27-8367-207efbb55241,a8c5dace-3769-45a7-9812-c134eda0fcae,5.0,9.0,,,False,False,a8c5dace-3769-45a7-9812-c134eda0fcae
Macki Wojny 2026 - Otwarcie Sezonu ME-SBG,1a1d8ae7-1be8-46d3-afde-ab479c8cc5a3,Runda 1 Treasure Hoard,b34522b7-3039-4c76-839a-63ec2cb7fb05,FINISHED,3f947f61-0904-44c3-bfc2-493064441e34,,2026-01-17T10:31:37.800Z,5cc29a69-cf9d-4dcd-8982-b2878fc0202c,7c58612c-6b48-4ed3-b175-7f04a5269ff0,5.0,9.0,,,0ed0a932-9300-489a-aa9b-e8ca4ed993c4,68bf04f5-3d30-4e15-9d0e-10ff004496e9,1.0,6.0,,,False,False,68bf04f5-3d30-4e15-9d0e-10ff004496e9
Macki Wojny 2026 - Otwarcie Sezonu ME-SBG,1a1d8ae7-1be8-46d3-afde-ab479c8cc5a3,Runda 1 Treasure Hoard,b34522b7-3039-4c76-839a-63ec2cb7fb05,FINISHED,5e26de82-15df-4baf-af92-41576ebc341b,,2026-01-17T10:34:29.992Z,98b64a9f-5bd4-482b-bdcc-46ca93fcac8b,3723b773-cadb-46d3-8758-e1260476e981,1.0,7.0,,,46bad3d4-e5bf-4228-9c27-17910b694713,6bec13b2-87d9-4e6d-b7ca-06b9e90bf3ba,5.0,10.0,,,False,False,6bec13b2-87d9-4e6d-b7ca-06b9e90bf3ba
Macki Wojny 2026 - Otwarcie Sezonu ME-SBG,1a1d8ae7-1be8-46d3-afde-ab479c8cc5a3,Runda 1 Treasure Hoard,b34522b7-3039-4c76-839a-63ec2cb7fb05,FINISHED,8b6320b7-c440-4136-9216-cba792001fb4,,2026-01-17T10:35:08.460Z,b43951d0-1b79-41f0-834c-d23150a0db8a,bbbe191e-78cb-42d6-acc6-fd53718b1fd2,0.0,3.0,,,24f09193-a702-40e1-b78f-be01dad292ac,9e5a191c-e93a-436d-b7b0-95d223dd6e2e,6.0,15.0,,,False,False,9e5a191c-e93a-436d-b7b0-95d223dd6e2e
Macki Wojny 2026 - Otwarcie Sezonu ME-SBG,1a1d8ae7-1be8-46d3-afde-ab479c8cc5a3,Runda 1 Treasure Hoard,b34522b7-3039-4c76-839a-63ec2cb7fb05,FINISHED,351c6bc9-2af3-4c74-a6a2-18c2bab6df83,,2026-01-17T10:35:47.983Z,f40d4713-0540-4363-9acc-605af787c881,4edd7b4a-f5e4-4136-9363-aa93d7e9b8e3,1.0,8.0,,,642ba06e-802d-4145-87d3-9e9b6455dcfe,6732875f-9e3b-44e5-b4a1-5ce209a9b359,5.0,9.0,,,False,False,6732875f-9e3b-44e5-b4a1-5ce209a9b359
Macki Wojny 2026 - Otwarcie Sezonu ME-SBG,1a1d8ae7-1be8-46d3-afde-ab479c8cc5a3,Runda 1 Treasure Hoard,b34522b7-3039-4c76-839a-63ec2cb7fb05,FINISHED,52da7804-f630-498d-b40e-155601eb47ab,,2026-01-17T10:36:33.855Z,01bf5f40-2520-48b2-8a34-52620ae0ec78,d49d9342-cc0c-46cc-83bf-ddd443b7aa8b,5.0,10.0,,,26df05ab-d8f4-42a5-9365-c07369bd6b9c,013435de-6dfa-4aa3-b660-b670b6a245e5,1.0,6.0,,,False,False,013435de-6dfa-4aa3-b660-b670b6a245e5
Macki Wojny 2026 - Otwarcie Sezonu ME-SBG,1a1d8ae7-1be8-46d3-afde-ab479c8cc5a3,Runda 1 Treasure Hoard,b34522b7-3039-4c76-839a-63ec2cb7fb05,FINISHED,ddcae762-85c6-451c-b4fd-8a7616e64b45,,2026-01-17T10:36:57.726Z,b5746c75-a3f1-42f2-9dc9-8e8a681b53b2,f1143858-3e87-4afe-807d-f33f21de6d7e,0.0,0.0,,,12870d8f-eb3f-4e41-a680-c91379f23bbb,dfae3b97-3154-43b8-a7cf-26ece499fa82,6.0,16.0,,,False,False,dfae3b97-3154-43b8-a7cf-26ece499fa82
Macki Wojny 2026 - Otwarcie Sezonu ME-SBG,1a1d8ae7-1be8-46d3-afde-ab479c8cc5a3,Runda 1 Treasure Hoard,b34522b7-3039-4c76-839a-63ec2cb7fb05,FINISHED,ebc2b137-9394-46f9-a1c4-3e1d150212a3,,2026-01-17T10:36:58.300Z,9561adc0-c412-41e6-ac4f-f7a945a929f6,1723649c-e9e5-42eb-9e2a-d9de6492fd21,1.0,7.0,,,835039b8-1f79-4edc-a6be-f35de17e3dbb,4312b892-eb2e-491a-b14a-6f7cff1ab128,5.0,9.0,,,False,False,4312b892-eb2e-491a-b14a-6f7cff1ab128
Macki Wojny 2026 - Otwarcie Sezonu ME-SBG,1a1d8ae7-1be8-46d3-afde-ab479c8cc5a3,Runda 1 Treasure Hoard,b34522b7-3039-4c76-839a-63ec2cb7fb05,FINISHED,03de15db-6fca-4c2c-99cc-8cb5bbaf478b,,2026-01-17T10:37:00.145Z,ce031822-1722-4a3e-85c1-fc2303d37131,ef9855f8-ec35-456a-90da-7f4e9c0bebd5,6.0,18.0,,,b9d42b18-6f33-4119-95aa-344e26307217,ef46c5bc-e9ab-450b-85f5-4b88323ef1b8,0.0,7.0,,,False,False,ef46c5bc-e9ab-450b-85f5-4b88323ef1b8
Macki Wojny 2026 - Otwarcie Sezonu ME-SBG,1a1d8ae7-1be8-46d3-afde-ab479c8cc5a3,Runda 1 Treasure Hoard,b34522b7-3039-4c76-839a-63ec2cb7fb05,FINISHED,52b482fc-7348-4d11-8b08-8eb98b1940ad,,2026-01-17T10:38:39.673Z,d4b52b79-f94e-4a2d-aeaf-f21345894534,fe2829dd-d3d5-4397-9c63-f65a285aba6e,1.0,7.0,,,18173887-0dfa-4610-80cc-56ed221bf21b,4e8fbce8-9600-4b61-af86-6731e366fce3,5.0,11.0,,,False,False,4e8fbce8-9600-4b61-af86-6731e366fce3
Macki Wojny 2026 - Otwarcie Sezonu ME-SBG,1a1d8ae7-1be8-46d3-afde-ab479c8cc5a3,Runda 1 Treasure Hoard,b34522b7-3039-4c76-839a-63ec2cb7fb05,FINISHED,9eff904b-d38b-4762-82fc-1c9d9e226c81,,2026-01-17T10:39:20.710Z,79359030-fd1b-4465-a31f-c90fe3cd04c5,9fa82917-385d-469e-84c0-8db3e5214cd5,1.0,7.0,,,82858847-c0f5-4d30-a543-472b56314000,9641c0c9-16e9-4bb7-a7f4-e73245f48db2,5.0,11.0,,,False,False,9641c0c9-16e9-4bb7-a7f4-e73245f48db2
Macki Wojny 2026 - Otwarcie Sezonu ME-SBG,1a1d8ae7-1be8-46d3-afde-ab479c8cc5a3,Runda 1 Treasure Hoard,b34522b7-3039-4c76-839a-63ec2cb7fb05,FINISHED,db8694c5-2b45-4882-aa21-334b00947626,,2026-01-17T10:39:53.597Z,5ebaa9e1-35f8-4ce4-99e0-0d46c59ad02e,6de86bb6-ffbe-4ead-8093-654e44b76ddf,0.0,4.0,,,ed35bbae-d421-4658-aea9-9af881272c3d,48655433-fa77-4b22-b13e-a33b593f1a57,6.0,10.0,,,False,False,48655433-fa77-4b22-b13e-a33b593f1a57
Macki Wojny 2026 - Otwarcie Sezonu ME-SBG,1a1d8ae7-1be8-46d3-afde-ab479c8cc5a3,Runda 1 Treasure Hoard,b34522b7-3039-4c76-839a-63ec2cb7fb05,FINISHED,dc36f05d-16c3-46d5-902e-b07e00506e2c,,2026-01-17T10:40:39.481Z,c76ba0ee-df51-4c29-bbb7-c1cd745d97f2,97c5e5bc-7502-4f16-9c1b-53ead4fab5b2,1.0,8.0,,,b83bab7c-5229-424e-ac67-225aef9c35e4,15e5a444-91c2-43fe-8b7b-c927354ca51a,5.0,9.0,,,False,False,15e5a444-91c2-43fe-8b7b-c927354ca51a
Macki Wojny 2026 - Otwarcie Sezonu ME-SBG,1a1d8ae7-1be8-46d3-afde-ab479c8cc5a3,Runda 1 Treasure Hoard,b34522b7-3039-4c76-839a-63ec2cb7fb05,FINISHED,bc4fd65f-e91e-43f1-9f0a-08c34d495ca4,,2026-01-17T10:41:48.776Z,ef96848a-ab8a-4d12-9940-d3589e16212f,83bffbd7-d053-452e-a6ad-1da65ccb448a,0.0,1.0,,,8aa261ab-7681-4705-b51d-ac001d54c1d6,c451779b-6172-4e1a-acbd-1b387949849d,6.0,20.0,,,False,False,c451779b-6172-4e1a-acbd-1b387949849d
Macki Wojny 2026 - Otwarcie Sezonu ME-SBG,1a1d8ae7-1be8-46d3-afde-ab479c8cc5a3,Runda 1 Treasure Hoard,b34522b7-3039-4c76-839a-63ec2cb7fb05,FINISHED,ff628c17-3f86-43d6-aa5d-26954dc5e1a2,,2026-01-17T10:42:16.107Z,d48c0a9b-6c94-4f5f-8fea-637ad28e471f,e11c9221-5fee-4a26-b4a8-23f3ee654de2,6.0,17.0,,,4c0e1930-251f-4285-922b-6d25aaf01c52,8c340f26-1543-4335-8b37-d814614b81f9,,6.0,,,False,False,8c340f26-1543-4335-8b37-d814614b81f9
Macki Wojny 2026 - Otwarcie Sezonu ME-SBG,1a1d8ae7-1be8-46d3-afde-ab479c8cc5a3,Runda 1 Treasure Hoard,b34522b7-3039-4c76-839a-63ec2cb7fb05,FINISHED,2976389e-c731-4699-b71f-e6dcecffffd5,,2026-01-17T10:42:31.305Z,a0af03f6-1b45-4538-908d-be76fbcfb4e5,9eaf0945-81fd-494b-be1f-3b6f349ce991,6.0,11.0,,,b075db62-799d-497d-b45e-b0ee1974c02d,21066989-54d5-4f5b-b9f2-4ef34bb62943,0.0,4.0,,,False,False,21066989-54d5-4f5b-b9f2-4ef34bb62943
Macki Wojny 2026 - Otwarcie Sezonu ME-SBG,1a1d8ae7-1be8-46d3-afde-ab479c8cc5a3,Runda 1 Treasure Hoard,b34522b7-3039-4c76-839a-63ec2cb7fb05,FINISHED,d2a767e5-bf45-4cf4-9df5-e670c31a506d,,2026-01-17T10:43:12.698Z,9b0b5e89-fd1b-490d-85d4-b6c98c3f762b,a4179cf5-0caa-450b-8b1d-8331298d0ee1,1.0,7.0,,,1a0df746-2379-4b8a-9ddd-88e499ac0fec,5f6a7ffa-1a94-4176-a2f0-42f18d04a39e,5.0,10.0,,,False,False,5f6a7ffa-1a94-4176-a2f0-42f18d04a39e
Macki Wojny 2026 - Otwarcie Sezonu ME-SBG,1a1d8ae7-1be8-46d3-afde-ab479c8cc5a3,Runda 1 Treasure Hoard,b34522b7-3039-4c76-839a-63ec2cb7fb05,FINISHED,96ad2052-d56e-4f8f-9275-008e994addf7,,2026-01-17T10:43:19.144Z,d12d182d-8ef3-42ee-a34d-aaaa48792ed4,1279e92f-2cd2-4ab8-855a-9630a43d2c60,5.0,13.0,,,fcae3c03-f27b-40be-9b2d-991b35453385,70266969-1e35-47ca-9876-4628421f6cf6,1.0,7.0,,,False,False,70266969-1e35-47ca-9876-4628421f6cf6
Macki Wojny 2026 - Otwarcie Sezonu ME-SBG,1a1d8ae7-1be8-46d3-afde-ab479c8cc5a3,Runda 1 Treasure Hoard,b34522b7-3039-4c76-839a-63ec2cb7fb05,FINISHED,2e9a2b12-26c3-4c8d-b43a-47892b06252a,,2026-01-17T10:43:20.374Z,4e858d5c-0dc5-4a82-9949-8b5dd64a4589,4a55491b-3a8e-47bb-8c61-85b9446dca01,0.0,0.0,,,9769e265-2275-422c-9d34-b2c542a1f5e1,5de541e0-dfa6-4c41-b224-90684a3b5e1c,6.0,20.0,,,False,False,5de541e0-dfa6-4c41-b224-90684a3b5e1c
Macki Wojny 2026 - Otwarcie Sezonu ME-SBG,1a1d8ae7-1be8-46d3-afde-ab479c8cc5a3,Runda 1 Treasure Hoard,b34522b7-3039-4c76-839a-63ec2cb7fb05,FINISHED,2077ee43-0d6e-4805-b3be-38792d691f75,,2026-01-17T10:44:12.664Z,7edcf9bd-8754-4612-9a3d-a290c14fe0df,2f1215b6-dd3c-44cc-9604-ee8e4b42553c,1.0,8.0,,,185bf88c-a67f-4465-9394-b4d0c658ea9f,6c1b533a-5a81-442a-8d96-1100083dcb4b,5.0,9.0,,,False,False,6c1b533a-5a81-442a-8d96-1100083dcb4b
Macki Wojny 2026 - Otwarcie Sezonu ME-SBG,1a1d8ae7-1be8-46d3-afde-ab479c8cc5a3,Runda 1 Treasure Hoard,b34522b7-3039-4c76-839a-63ec2cb7fb05,FINISHED,f9d69e0a-c3d7-4977-83f0-6b2ff03df0d6,,2026-01-17T10:44:48.085Z,b00a95ea-16fc-4d1e-a6ed-6cc7d2541381,a7f6afd7-7e8e-4a00-a3ba-fc637ca964fd,1.0,8.0,,,af34ef1f-753e-4040-8b01-bd48dd17fcce,e99aafd2-d310-49bd-b0d5-b12b6acd1600,5.0,11.0,,,False,False,e99aafd2-d310-49bd-b0d5-b12b6acd1600
Macki Wojny 2026 - Otwarcie Sezonu ME-SBG,1a1d8ae7-1be8-46d3-afde-ab479c8cc5a3,Runda 1 Treasure Hoard,b34522b7-3039-4c76-839a-63ec2cb7fb05,FINISHED,94a60902-7bf1-4876-99d8-baed946f5ab8,,2026-01-17T10:45:49.317Z,fd4e2d24-51db-4ab0-a137-a521447981bf,62553300-be05-4e64-a57e-a9d7ea1b9e88,1.0,5.0,,,3608d418-d255-47e8-b221-fb873414e03c,27e5fd8e-fc73-48f9-802e-3546fde22d25,5.0,9.0,,,False,False,27e5fd8e-fc73-48f9-802e-3546fde22d25
Macki Wojny 2026 - Otwarcie Sezonu ME-SBG,1a1d8ae7-1be8-46d3-afde-ab479c8cc5a3,Runda 1 Treasure Hoard,b34522b7-3039-4c76-839a-63ec2cb7fb05,FINISHED,19603549-1a83-45ee-adc8-fc85feb1187f,,2026-01-17T10:46:19.191Z,ddc255b7-92e4-4b6a-896b-7288ae5bba2b,337cf4cf-c3db-40f2-bccb-d9d98d3928b9,0.0,2.0,,,3b84813d-c772-4aa6-9124-cbcfdec1fc25,ac23a3ec-2b0f-4d94-8575-948ae2f7eb83,6.0,12.0,,,False,False,ac23a3ec-2b0f-4d94-8575-948ae2f7eb83
Macki Wojny 2026 - Otwarcie Sezonu ME-SBG,1a1d8ae7-1be8-46d3-afde-ab479c8cc5a3,Runda 1 Treasure Hoard,b34522b7-3039-4c76-839a-63ec2cb7fb05,FINISHED,0bfbbef1-11e3-4a14-8dc2-f02daac35d40,,2026-01-17T10:46:23.953Z,f778985b-5888-4300-9dbf-8965ad396959,1162e493-2a1e-4b15-aa4d-70fd185e8f8d,1.0,7.0,,,0e59f72b-e925-4c0d-ac37-a11dc33f9ade,d96af431-77bb-4909-bb15-61df62e81b15,5.0,8.0,,,False,False,d96af431-77bb-4909-bb15-61df62e81b15
Macki Wojny 2026 - Otwarcie Sezonu ME-SBG,1a1d8ae7-1be8-46d3-afde-ab479c8cc5a3,Runda 1 Treasure Hoard,b34522b7-3039-4c76-839a-63ec2cb7fb05,FINISHED,a2485fbf-caf9-46b6-9aa2-d70cdf65be9a,,2026-01-17T10:46:38.269Z,fc76a1ab-e0dd-473c-8cfd-6f823fb27d67,a946ead4-d386-4d2f-b350-64a65f00e5e2,0.0,0.0,,,c06335cf-b8b8-4a25-a695-bc13b5204605,0d2c492e-db5d-4e7d-8b72-8134e6cd8d39,6.0,20.0,,,False,False,0d2c492e-db5d-4e7d-8b72-8134e6cd8d39
Macki Wojny 2026 - Otwarcie Sezonu ME-SBG,1a1d8ae7-1be8-46d3-afde-ab479c8cc5a3,Runda 1 Treasure Hoard,b34522b7-3039-4c76-839a-63ec2cb7fb05,FINISHED,7cce7205-b9db-4c40-9c47-de93247fe753,,2026-01-17T10:47:01.797Z,3bd7ad66-c28d-4b67-b62d-39654f149876,7ca2b5ee-c648-4e98-bcba-50d159612ecc,1.0,7.0,,,033b9b71-d62a-45a9-93f4-f4570ef07f3d,1e4b9bdf-6062-4736-aef3-52bc568f8803,5.0,11.0,,,False,False,1e4b9bdf-6062-4736-aef3-52bc568f8803
Macki Wojny 2026 - Otwarcie Sezonu ME-SBG,1a1d8ae7-1be8-46d3-afde-ab479c8cc5a3,Runda 1 Treasure Hoard,b34522b7-3039-4c76-839a-63ec2cb7fb05,FINISHED,e5a6202c-26bf-469a-ad8e-411bd27d0463,,2026-01-17T10:47:19.693Z,eb6d9a4b-f00d-4c8c-be46-4c565266b682,6bbae723-3f56-4f46-b886-e4f179c50e93,1.0,8.0,,,66ab0068-6b55-4150-9c5f-f98c408d3445,93cda88b-c976-4e61-8f65-9a5a5f1ecf7b,5.0,12.0,,,False,False,93cda88b-c976-4e61-8f65-9a5a5f1ecf7b
Macki Wojny 2026 - Otwarcie Sezonu ME-SBG,1a1d8ae7-1be8-46d3-afde-ab479c8cc5a3,Runda 1 Treasure Hoard,b34522b7-3039-4c76-839a-63ec2cb7fb05,FINISHED,7a9deae0-3798-40c7-94aa-46a9f7382628,,2026-01-17T10:48:37.240Z,c2072a37-87a1-4ad3-aaec-ffd9dab9969d,f6f2e7ef-8125-4bd0-90cb-7e6220d6af31,0.0,2.0,,,8490b409-3be0-4d3b-b576-b9beaeb6dac9,6f641816-8973-4f1f-b906-3b33d5710be9,6.0,15.0,,,False,False,6f641816-8973-4f1f-b906-3b33d5710be9
Macki Wojny 2026 - Otwarcie Sezonu ME-SBG,1a1d8ae7-1be8-46d3-afde-ab479c8cc5a3,Runda 1 Treasure Hoard,b34522b7-3039-4c76-839a-63ec2cb7fb05,FINISHED,68f65e4c-fa8b-48ff-8d58-50441a860d7b,,2026-01-17T10:49:06.481Z,31b29fb8-d5df-41da-ac9a-9754fd4ae04e,8cf73c83-a3a1-4dd6-8882-e8dd30912ab1,1.0,7.0,,,f122318b-72fc-4b52-9d00-7e19779e01e5,71f045ad-ce24-4e8b-865a-1dc0f634a42d,5.0,12.0,,,False,False,71f045ad-ce24-4e8b-865a-1dc0f634a42d
Macki Wojny 2026 - Otwarcie Sezonu ME-SBG,1a1d8ae7-1be8-46d3-afde-ab479c8cc5a3,Runda 1 Treasure Hoard,b34522b7-3039-4c76-839a-63ec2cb7fb05,FINISHED,fb004aa6-a2fa-4dac-98a1-c160165b56df,,2026-01-17T10:49:09.750Z,1303a1c1-4e15-4720-8d4a-885a078c152a,0231b3c3-fb2b-4033-8dd3-bf98d9e29410,1.0,6.0,,,72f2aaf7-aadc-4b41-b383-a8a4afd10808,5f55d7f6-e77c-45a0-b083-60691560a665,5.0,11.0,,,False,False,5f55d7f6-e77c-45a0-b083-60691560a665
Macki Wojny 2026 - Otwarcie Sezonu ME-SBG,1a1d8ae7-1be8-46d3-afde-ab479c8cc5a3,Runda 1 Treasure Hoard,b34522b7-3039-4c76-839a-63ec2cb7fb05,FINISHED,235edb7d-2c85-49d8-a32f-225a744b8840,,2026-01-17T10:50:01.878Z,291442e9-a358-4ee9-9a2b-41445944fc5e,780e8297-2cf1-4ac2-89bd-e9dd5ece6347,1.0,8.0,,,bc835925-7263-4e10-9a7a-33c939a41b7c,21c12fb0-4289-4df3-8bad-f18c2a49fd0d,5.0,14.0,,,False,False,21c12fb0-4289-4df3-8bad-f18c2a49fd0d
Macki Wojny 2026 - Otwarcie Sezonu ME-SBG,1a1d8ae7-1be8-46d3-afde-ab479c8cc5a3,Runda 1 Treasure Hoard,b34522b7-3039-4c76-839a-63ec2cb7fb05,FINISHED,9ce946c1-5823-4379-bc37-f6bf74858118,,2026-01-17T10:51:56.485Z,03292000-81bf-4878-a941-60d517c0e07f,d8c20013-b03c-48e4-bb24-3acb4aeb30e6,1.0,6.0,,,f323b2d3-b98a-4c7c-a105-4376aae51dfb,6841eef6-931a-4375-ae1b-79843a97a82e,5.0,10.0,,,False,False,6841eef6-931a-4375-ae1b-79843a97a82e
Macki Wojny 2026 - Otwarcie Sezonu ME-SBG,1a1d8ae7-1be8-46d3-afde-ab479c8cc5a3,Runda 1 Treasure Hoard,b34522b7-3039-4c76-839a-63ec2cb7fb05,FINISHED,313e2f0f-c4aa-4b34-bace-3e080a3479c9,,2026-01-17T10:52:38.081Z,9d2f7f35-7b79-4681-ab43-8553bd01ac1b,7f22159a-00df-4a00-9aa9-2f36d60d2455,0.0,5.0,,,d5a2b5ab-83fb-40b4-82a2-a358fce93c7a,40ebe707-6a6c-4a85-aff5-58b2d0493daa,6.0,12.0,,,False,False,40ebe707-6a6c-4a85-aff5-58b2d0493daa
Macki Wojny 2026 - Otwarcie Sezonu ME-SBG,1a1d8ae7-1be8-46d3-afde-ab479c8cc5a3,Runda 1 Treasure Hoard,b34522b7-3039-4c76-839a-63ec2cb7fb05,FINISHED,534373ee-6642-4988-98e0-3f8cf7ea2c32,,2026-01-17T10:52:52.064Z,b4d23865-ba2e-4b65-824d-8696f6286ba6,20a238b0-37e6-400b-a2a1-20935ab4cc00,1.0,8.0,,,7e573d3c-5999-44b2-b85e-021d26e3d8d7,2dcb6efc-305d-46f5-b777-32b6ba7307ce,5.0,9.0,,,False,False,2dcb6efc-305d-46f5-b777-32b6ba7307ce
Macki Wojny 2026 - Otwarcie Sezonu ME-SBG,1a1d8ae7-1be8-46d3-afde-ab479c8cc5a3,Runda 1 Treasure Hoard,b34522b7-3039-4c76-839a-63ec2cb7fb05,FINISHED,ab68c1fe-12ba-4222-ac21-9f7c5bbadca9,,2026-01-17T10:52:57.949Z,4b0365a9-adf5-41db-b50f-74a33e232290,457f9c1a-0e9a-4c0e-ae41-7f00e3646fba,1.0,5.0,,,94f2c5ed-6abb-4ccf-9801-9a7922d5995a,396741ce-3694-4877-9603-fe19efd6284f,5.0,9.0,,,False,False,396741ce-3694-4877-9603-fe19efd6284f
