Tournament Name,Tournament ID,Round Title,Round ID,Round Status,Table ID,Table Number (Order),Created At,P1 ID,P1 User ID,P1 Primary Points (TP),P1 Secondary Points (VP),P1 Tertiary Points,P1 Use Secondary List,P2 ID,P2 User ID,P2 Primary Points (TP),P2 Secondary Points (VP),P2 Tertiary Points,P2 Use Secondary List,Approved by P1,Approved by P2,Added by User ID
Indywidualne Mistrzostwa Polski Middle-Earth SBG 2026 (IMP 2026),4acc2947-7325-4fd3-b6c5-26d158dcfc50,BITWA VII - TREASURE HOARD,cd1bd479-e18b-4f6f-9702-0e47107d304e,FINISHED,8f6aee87-c890-44ba-baf6-3e3b30ffd95e,0,2026-03-08T12:59:50.323Z,ad659d58-22bc-40a2-bfb8-9cb4ac6a6e7c,c451779b-6172-4e1a-acbd-1b387949849d,15.0,12.0,0.0,False,e797e868-698e-4d39-a409-02df96ea25a1,804c4802-b3bc-41ec-9f1b-de92ffe4897e,0.0,3.0,0.0,False,True,False,c451779b-6172-4e1a-acbd-1b387949849d
Indywidualne Mistrzostwa Polski Middle-Earth SBG 2026 (IMP 2026),4acc2947-7325-4fd3-b6c5-26d158dcfc50,BITWA VII - TREASURE HOARD,cd1bd479-e18b-4f6f-9702-0e47107d304e,FINISHED,dd26b2a3-76bf-40cd-8341-a1c9dfca377d,1,2026-03-08T12:59:50.323Z,9fc3a99e-e296-47a2-b08b-a19dcca6351b,21c12fb0-4289-4df3-8bad-f18c2a49fd0d,0.0,5.0,0.0,False,fda9877d-ca64-4893-999d-09f76113bd66,5f6a7ffa-1a94-4176-a2f0-42f18d04a39e,15.0,15.0,0.0,True,False,True,5f6a7ffa-1a94-4176-a2f0-42f18d04a39e
Indywidualne Mistrzostwa Polski Middle-Earth SBG 2026 (IMP 2026),4acc2947-7325-4fd3-b6c5-26d158dcfc50,BITWA VII - TREASURE HOARD,cd1bd479-e18b-4f6f-9702-0e47107d304e,FINISHED,110a0cd7-34b1-4c3e-8245-a976248bd058,2,2026-03-08T12:59:50.323Z,5eeef023-c0ea-4f2a-ba51-586d66b31ebd,7825ed24-d5e7-4e12-b627-23c81c278c00,0.0,5.0,0.0,,620177af-8654-470f-bc02-70337680b447,4c85220b-667f-4d0b-b719-9c9ae145792d,15.0,13.0,0.0,False,False,True,4c85220b-667f-4d0b-b719-9c9ae145792d
Indywidualne Mistrzostwa Polski Middle-Earth SBG 2026 (IMP 2026),4acc2947-7325-4fd3-b6c5-26d158dcfc50,BITWA VII - TREASURE HOARD,cd1bd479-e18b-4f6f-9702-0e47107d304e,FINISHED,d66614c0-e971-4225-bbe3-79b0736fdd33,3,2026-03-08T12:59:50.323Z,97f59dd8-45d3-4191-b259-f7da6c1fc24f,93cda88b-c976-4e61-8f65-9a5a5f1ecf7b,15.0,16.0,0.0,True,37b40820-16b1-49a2-a77a-d19490b27adf,081b732c-68ef-4404-bf2c-b56519b96acd,0.0,2.0,0.0,True,False,True,081b732c-68ef-4404-bf2c-b56519b96acd
Indywidualne Mistrzostwa Polski Middle-Earth SBG 2026 (IMP 2026),4acc2947-7325-4fd3-b6c5-26d158dcfc50,BITWA VII - TREASURE HOARD,cd1bd479-e18b-4f6f-9702-0e47107d304e,FINISHED,da729a38-8335-44b1-9235-4f9d69e93e8f,4,2026-03-08T12:59:50.323Z,fcc73d2f-2628-43ec-875f-bf20c2fbfb41,a8c5dace-3769-45a7-9812-c134eda0fcae,0.0,6.0,0.0,False,2efd5ab3-e8eb-41eb-8d2f-e71bb8bc96b4,9d5bc521-d1ac-416e-952c-926b6aef9e60,15.0,14.0,0.0,False,False,True,9d5bc521-d1ac-416e-952c-926b6aef9e60
Indywidualne Mistrzostwa Polski Middle-Earth SBG 2026 (IMP 2026),4acc2947-7325-4fd3-b6c5-26d158dcfc50,BITWA VII - TREASURE HOARD,cd1bd479-e18b-4f6f-9702-0e47107d304e,FINISHED,8e08c15c-48ad-4ab7-bdf0-891f191b9636,5,2026-03-08T12:59:50.323Z,c3ce3332-974c-4e79-91c0-9bdf21288295,9357ea2e-af38-453d-9c2f-b828d5ccdfb6,15.0,13.0,0.0,False,13a64f5f-78c4-44a8-a1f8-35193d8d8b6e,b0eedad6-3e96-47d3-a85d-4d3f56d1acb3,0.0,4.0,0.0,,True,False,9357ea2e-af38-453d-9c2f-b828d5ccdfb6
Indywidualne Mistrzostwa Polski Middle-Earth SBG 2026 (IMP 2026),4acc2947-7325-4fd3-b6c5-26d158dcfc50,BITWA VII - TREASURE HOARD,cd1bd479-e18b-4f6f-9702-0e47107d304e,FINISHED,3e13a056-4b08-47cc-adc9-a3316d2b52e0,6,2026-03-08T12:59:50.323Z,59b39711-1bdb-416d-bef8-f320bedd4b87,8076af08-a8fe-455c-8c1a-2e5d7f2ad3eb,5.0,7.0,0.0,True,062d7b62-5623-4117-b74c-96290d80d141,475ff286-fcbc-4c49-bac5-e3002c4bdf14,11.0,9.0,0.0,True,False,True,475ff286-fcbc-4c49-bac5-e3002c4bdf14
Indywidualne Mistrzostwa Polski Middle-Earth SBG 2026 (IMP 2026),4acc2947-7325-4fd3-b6c5-26d158dcfc50,BITWA VII - TREASURE HOARD,cd1bd479-e18b-4f6f-9702-0e47107d304e,FINISHED,55f941c9-5f24-459e-bb41-556a64caa4a8,7,2026-03-08T12:59:50.323Z,a5f6cde1-e0d6-400c-9b90-49fcdd6935ec,bd51334f-700f-46ea-9801-7fa43e9c53d0,15.0,18.0,0.0,True,1dca9a60-7951-465b-b9fa-16ff3a0484ff,9e5a191c-e93a-436d-b7b0-95d223dd6e2e,0.0,5.0,0.0,True,True,False,bd51334f-700f-46ea-9801-7fa43e9c53d0
Indywidualne Mistrzostwa Polski Middle-Earth SBG 2026 (IMP 2026),4acc2947-7325-4fd3-b6c5-26d158dcfc50,BITWA VII - TREASURE HOARD,cd1bd479-e18b-4f6f-9702-0e47107d304e,FINISHED,84b6ca51-13d3-4f06-b100-829abff47b7c,8,2026-03-08T12:59:50.323Z,8fcdb464-791b-4d2f-9fbd-90a3987ad5d4,813e33d8-2b98-45ed-8c3c-00af33dd4697,7.0,6.0,0.0,True,62297c70-5d18-4168-87e8-0b3348205aeb,1403a8fb-39a4-4e2f-b6cd-5d7e334df789,7.0,6.0,0.0,True,False,False,08219a4e-e2d0-4904-b18d-f0320cd8d48b
Indywidualne Mistrzostwa Polski Middle-Earth SBG 2026 (IMP 2026),4acc2947-7325-4fd3-b6c5-26d158dcfc50,BITWA VII - TREASURE HOARD,cd1bd479-e18b-4f6f-9702-0e47107d304e,FINISHED,6ca15291-03da-41dc-9f1b-9f9a21f26c30,9,2026-03-08T12:59:50.323Z,9f91814f-243f-4260-97b3-6e17b3b13b80,8e40b208-0e62-4a37-8228-f003566dc4a7,5.0,5.0,0.0,True,52e26fd7-a40e-4aa9-b3b3-9b30f27eefae,3d714876-1192-47cf-a91e-7158e7e6c608,11.0,9.0,0.0,False,False,True,3d714876-1192-47cf-a91e-7158e7e6c608
Indywidualne Mistrzostwa Polski Middle-Earth SBG 2026 (IMP 2026),4acc2947-7325-4fd3-b6c5-26d158dcfc50,BITWA VII - TREASURE HOARD,cd1bd479-e18b-4f6f-9702-0e47107d304e,FINISHED,368c7e90-f07f-467f-a10f-dfb3c2695431,10,2026-03-08T12:59:50.323Z,e897e145-faac-4417-8403-a23abbf9c62b,5dd629bc-7618-4bd4-9b02-0c13fc7b7a34,0.0,0.0,0.0,True,642e8171-bf05-4448-813d-97c322ef334f,9fa82917-385d-469e-84c0-8db3e5214cd5,15.0,18.0,0.0,True,False,True,9fa82917-385d-469e-84c0-8db3e5214cd5
Indywidualne Mistrzostwa Polski Middle-Earth SBG 2026 (IMP 2026),4acc2947-7325-4fd3-b6c5-26d158dcfc50,BITWA VII - TREASURE HOARD,cd1bd479-e18b-4f6f-9702-0e47107d304e,FINISHED,3114b369-ead3-4b56-b96c-41dcbfe563ab,11,2026-03-08T12:59:50.323Z,be56e81b-d660-47a4-a720-a91d60a1f9c6,15e5a444-91c2-43fe-8b7b-c927354ca51a,11.0,8.0,0.0,False,34020684-15a1-4775-b0f3-3944ee4494f3,88eff5e1-e5fa-40df-ac60-dd5cb0c71bad,5.0,7.0,0.0,True,False,True,88eff5e1-e5fa-40df-ac60-dd5cb0c71bad
Indywidualne Mistrzostwa Polski Middle-Earth SBG 2026 (IMP 2026),4acc2947-7325-4fd3-b6c5-26d158dcfc50,BITWA VII - TREASURE HOARD,cd1bd479-e18b-4f6f-9702-0e47107d304e,FINISHED,484815af-73d2-496c-b52c-f075760a4d18,12,2026-03-08T12:59:50.323Z,dbe9df9c-489a-4205-a368-a13963cfe42c,bff31d63-a3e1-44f4-a02b-c9649b590cc2,5.0,6.0,0.0,False,5f8b872b-be27-4ab0-ab50-93528bf40ac5,5f55d7f6-e77c-45a0-b083-60691560a665,11.0,8.0,0.0,False,False,True,5f55d7f6-e77c-45a0-b083-60691560a665
Indywidualne Mistrzostwa Polski Middle-Earth SBG 2026 (IMP 2026),4acc2947-7325-4fd3-b6c5-26d158dcfc50,BITWA VII - TREASURE HOARD,cd1bd479-e18b-4f6f-9702-0e47107d304e,FINISHED,de105690-b6ea-451c-aaba-e06b8b3f9941,13,2026-03-08T12:59:50.323Z,604fad7c-920a-4c1b-bc1e-e5e1d6e4652b,76870d30-055b-4a89-a141-78ef032269f2,15.0,14.0,0.0,True,65c2fd73-7d0c-4e21-877a-d9c058bb5321,7fa5ba4b-28df-44e8-a4f2-d87072e98a2b,0.0,7.0,0.0,False,True,False,76870d30-055b-4a89-a141-78ef032269f2
Indywidualne Mistrzostwa Polski Middle-Earth SBG 2026 (IMP 2026),4acc2947-7325-4fd3-b6c5-26d158dcfc50,BITWA VII - TREASURE HOARD,cd1bd479-e18b-4f6f-9702-0e47107d304e,FINISHED,d49f8354-e9f2-4849-98aa-4e6996044b80,14,2026-03-08T12:59:50.323Z,97c1a7f5-1b56-4f7e-ab40-a17c658320c8,a5f615bb-a42a-4084-98e7-426a4b15d6ac,5.0,7.0,0.0,False,a868aa87-8bec-4e4b-97a2-aaa808e567b8,e99aafd2-d310-49bd-b0d5-b12b6acd1600,11.0,8.0,0.0,,False,True,e99aafd2-d310-49bd-b0d5-b12b6acd1600
Indywidualne Mistrzostwa Polski Middle-Earth SBG 2026 (IMP 2026),4acc2947-7325-4fd3-b6c5-26d158dcfc50,BITWA VII - TREASURE HOARD,cd1bd479-e18b-4f6f-9702-0e47107d304e,FINISHED,61b01f3e-0918-4152-8046-edc2f8d0da2b,15,2026-03-08T12:59:50.323Z,c3f4059f-2744-44de-97f5-223bdf29851d,a6fc8598-2a54-4bb6-bbe1-4501ff1cee61,0.0,5.0,0.0,,60da6ff0-da06-48fd-a0e9-da1fa8418458,a15d42d2-401a-42d5-a0e7-e8f88c780302,15.0,12.0,0.0,,False,True,a15d42d2-401a-42d5-a0e7-e8f88c780302
Indywidualne Mistrzostwa Polski Middle-Earth SBG 2026 (IMP 2026),4acc2947-7325-4fd3-b6c5-26d158dcfc50,BITWA VII - TREASURE HOARD,cd1bd479-e18b-4f6f-9702-0e47107d304e,FINISHED,67653d6d-f88b-4d9c-993a-83e44615be10,16,2026-03-08T12:59:50.323Z,f0036062-572a-4143-9ef9-2bfc2fc6f813,6df80142-0804-43f3-910e-3d51131586cf,15.0,13.0,0.0,False,fa2e4da2-571e-4d04-9397-c2fdcd62750e,71f045ad-ce24-4e8b-865a-1dc0f634a42d,0.0,4.0,0.0,True,True,False,6df80142-0804-43f3-910e-3d51131586cf
Indywidualne Mistrzostwa Polski Middle-Earth SBG 2026 (IMP 2026),4acc2947-7325-4fd3-b6c5-26d158dcfc50,BITWA VII - TREASURE HOARD,cd1bd479-e18b-4f6f-9702-0e47107d304e,FINISHED,17f0b983-b6ff-47c5-8a6c-4c373e9526a4,17,2026-03-08T12:59:50.323Z,3b4c4676-c31b-4af7-b22d-2a906d6c68e0,224b8d3d-7e1f-4095-853a-088883879195,15.0,15.0,0.0,True,e90ff7c6-4479-4f42-a571-e508962a9d98,bbe7d7b9-232d-4b4d-a17a-5f4c72ea758b,0.0,1.0,0.0,True,True,False,224b8d3d-7e1f-4095-853a-088883879195
Indywidualne Mistrzostwa Polski Middle-Earth SBG 2026 (IMP 2026),4acc2947-7325-4fd3-b6c5-26d158dcfc50,BITWA VII - TREASURE HOARD,cd1bd479-e18b-4f6f-9702-0e47107d304e,FINISHED,20de8b8a-95aa-4106-a27a-1d8048f8876f,18,2026-03-08T12:59:50.323Z,fe23d9c4-455e-4ff3-8ab6-820d909decb1,448193ff-e2b4-4650-898a-1dd8dc3fd5e1,5.0,10.0,0.0,,7ed8c550-66db-4eea-a783-82ec383e04ca,ef46c5bc-e9ab-450b-85f5-4b88323ef1b8,11.0,11.0,0.0,True,False,True,ef46c5bc-e9ab-450b-85f5-4b88323ef1b8
Indywidualne Mistrzostwa Polski Middle-Earth SBG 2026 (IMP 2026),4acc2947-7325-4fd3-b6c5-26d158dcfc50,BITWA VII - TREASURE HOARD,cd1bd479-e18b-4f6f-9702-0e47107d304e,FINISHED,44bd23f4-237b-4d55-bdb3-53aa9900a815,19,2026-03-08T12:59:50.323Z,557dc888-b8f9-4c28-a370-f9693caf7a8b,bbbe191e-78cb-42d6-acc6-fd53718b1fd2,11.0,9.0,0.0,False,5be5db0b-b823-4b0c-a022-66f79c2f0322,d1219f2e-d585-4ce6-979c-9b1ba239894a,5.0,7.0,0.0,True,True,False,bbbe191e-78cb-42d6-acc6-fd53718b1fd2
Indywidualne Mistrzostwa Polski Middle-Earth SBG 2026 (IMP 2026),4acc2947-7325-4fd3-b6c5-26d158dcfc50,BITWA VII - TREASURE HOARD,cd1bd479-e18b-4f6f-9702-0e47107d304e,FINISHED,cf861811-c2a9-408c-9502-574c804858a4,20,2026-03-08T12:59:50.323Z,a7a79e68-54ba-46c2-9ca6-882e84b774fe,457f9c1a-0e9a-4c0e-ae41-7f00e3646fba,0.0,5.0,0.0,,56dfa7c7-1bd4-45fe-a1c7-3cab9d5ebdbb,cd36b01c-87a1-47c9-b877-a65940b24b12,15.0,11.0,0.0,True,False,True,cd36b01c-87a1-47c9-b877-a65940b24b12
Indywidualne Mistrzostwa Polski Middle-Earth SBG 2026 (IMP 2026),4acc2947-7325-4fd3-b6c5-26d158dcfc50,BITWA VII - TREASURE HOARD,cd1bd479-e18b-4f6f-9702-0e47107d304e,FINISHED,b2d05f8a-665b-4ada-985e-7e8cd4f54454,21,2026-03-08T12:59:50.323Z,cf33f768-968b-446b-90d2-f48dd1fd5e10,4e8fbce8-9600-4b61-af86-6731e366fce3,11.0,10.0,0.0,False,ad31e394-43df-4c9e-9628-e60837a0ef9a,6841eef6-931a-4375-ae1b-79843a97a82e,5.0,8.0,0.0,,True,False,4e8fbce8-9600-4b61-af86-6731e366fce3
Indywidualne Mistrzostwa Polski Middle-Earth SBG 2026 (IMP 2026),4acc2947-7325-4fd3-b6c5-26d158dcfc50,BITWA VII - TREASURE HOARD,cd1bd479-e18b-4f6f-9702-0e47107d304e,FINISHED,44db4da6-1d2d-49a6-a8c0-ed420b4e1b92,22,2026-03-08T12:59:50.323Z,3234da07-cfdf-4114-a528-9018277fbea3,0ad1e880-3db6-4577-84e8-1f7bb3702572,7.0,0.0,0.0,,4307e6fa-6400-4a11-bb9d-4e37ef41b284,2f1215b6-dd3c-44cc-9604-ee8e4b42553c,7.0,0.0,0.0,,True,False,0ad1e880-3db6-4577-84e8-1f7bb3702572
Indywidualne Mistrzostwa Polski Middle-Earth SBG 2026 (IMP 2026),4acc2947-7325-4fd3-b6c5-26d158dcfc50,BITWA VII - TREASURE HOARD,cd1bd479-e18b-4f6f-9702-0e47107d304e,FINISHED,37546e0a-63b8-431f-9127-16b795a4beb6,23,2026-03-08T12:59:50.323Z,cf5c89be-e142-43c9-b57e-81caa70007d2,970b04fa-4663-4c49-8a54-756a10c82c07,7.0,0.0,0.0,False,a7dc4e4c-2970-43bf-a2de-920154c5c2bc,1279e92f-2cd2-4ab8-855a-9630a43d2c60,7.0,0.0,0.0,True,False,True,1279e92f-2cd2-4ab8-855a-9630a43d2c60
Indywidualne Mistrzostwa Polski Middle-Earth SBG 2026 (IMP 2026),4acc2947-7325-4fd3-b6c5-26d158dcfc50,BITWA VII - TREASURE HOARD,cd1bd479-e18b-4f6f-9702-0e47107d304e,FINISHED,16378b85-bdc9-485c-9a36-f5bb35944f64,24,2026-03-08T12:59:50.323Z,a5a7136d-8e8f-4ed3-a540-2512f179373b,a10c88af-658f-4dbe-bb23-533f04cdfa24,5.0,8.0,0.0,False,452ff2e5-189f-41ea-9c87-8c7078beaa38,222c2b52-47fd-4345-a6ec-a83ee05ccb12,11.0,12.0,0.0,True,True,False,a10c88af-658f-4dbe-bb23-533f04cdfa24
Indywidualne Mistrzostwa Polski Middle-Earth SBG 2026 (IMP 2026),4acc2947-7325-4fd3-b6c5-26d158dcfc50,BITWA VII - TREASURE HOARD,cd1bd479-e18b-4f6f-9702-0e47107d304e,FINISHED,273155f9-634c-4068-a8f3-3b2f94c2f056,25,2026-03-08T12:59:50.323Z,81752406-30c8-484b-81f5-bd8b957b1b7c,aa674303-96e8-485b-b3f9-815be61d14dc,0.0,0.0,0.0,,5d709a45-2ce5-4a3d-ad34-d2a3494524b2,d70e3320-c102-4867-b84f-be1398cfbf01,15.0,10.0,0.0,False,False,True,d70e3320-c102-4867-b84f-be1398cfbf01
Indywidualne Mistrzostwa Polski Middle-Earth SBG 2026 (IMP 2026),4acc2947-7325-4fd3-b6c5-26d158dcfc50,BITWA VII - TREASURE HOARD,cd1bd479-e18b-4f6f-9702-0e47107d304e,FINISHED,330ab7f0-4a47-4c83-b43c-53e6d3929ad6,26,2026-03-08T12:59:50.323Z,bbc131ef-9c22-484d-8f28-6de7c3181bf3,68bf04f5-3d30-4e15-9d0e-10ff004496e9,0.0,5.0,0.0,True,08305c26-2d84-4ae0-be37-6afc30df02ad,d1928738-701d-4759-abe9-ff1123a28015,15.0,16.0,0.0,False,False,True,d1928738-701d-4759-abe9-ff1123a28015
Indywidualne Mistrzostwa Polski Middle-Earth SBG 2026 (IMP 2026),4acc2947-7325-4fd3-b6c5-26d158dcfc50,BITWA VII - TREASURE HOARD,cd1bd479-e18b-4f6f-9702-0e47107d304e,FINISHED,11a197cf-1ad3-4671-81e8-010c6eef30da,27,2026-03-08T12:59:50.323Z,3867aac3-4c33-4e4e-a778-f3126e567fac,de5cbcdc-3bbc-430b-a716-53b4792437f9,0.0,0.0,0.0,False,9fedff1a-8268-4233-8d24-a3093678ae65,b6f0e023-257d-472b-af43-78e56d559cae,15.0,20.0,0.0,False,False,True,b6f0e023-257d-472b-af43-78e56d559cae
Indywidualne Mistrzostwa Polski Middle-Earth SBG 2026 (IMP 2026),4acc2947-7325-4fd3-b6c5-26d158dcfc50,BITWA VII - TREASURE HOARD,cd1bd479-e18b-4f6f-9702-0e47107d304e,FINISHED,7fb11c27-5b4e-4457-88c8-00b053ca56ad,28,2026-03-08T12:59:50.323Z,7d1bd8d2-944d-4a99-99de-cb3fcd0c16e5,6bbae723-3f56-4f46-b886-e4f179c50e93,5.0,7.0,0.0,False,857c4c01-58e7-4c33-ab5c-888cfd7cf314,ac23a3ec-2b0f-4d94-8575-948ae2f7eb83,11.0,12.0,0.0,True,True,True,ac23a3ec-2b0f-4d94-8575-948ae2f7eb83
Indywidualne Mistrzostwa Polski Middle-Earth SBG 2026 (IMP 2026),4acc2947-7325-4fd3-b6c5-26d158dcfc50,BITWA VII - TREASURE HOARD,cd1bd479-e18b-4f6f-9702-0e47107d304e,FINISHED,ec2e404b-bb55-460c-910d-810053d022c7,29,2026-03-08T12:59:50.323Z,153efb34-2634-4e13-86a1-5656a76f72cc,f5bcca05-14a2-4c47-8a81-379d5c4ee992,5.0,7.0,0.0,True,491adeb4-7431-4447-b312-92ff9ad5e3f6,dd081a04-8bbb-4409-aed7-f6ceedf4d7d0,11.0,10.0,0.0,False,False,True,dd081a04-8bbb-4409-aed7-f6ceedf4d7d0
Indywidualne Mistrzostwa Polski Middle-Earth SBG 2026 (IMP 2026),4acc2947-7325-4fd3-b6c5-26d158dcfc50,BITWA VII - TREASURE HOARD,cd1bd479-e18b-4f6f-9702-0e47107d304e,FINISHED,fe993e5c-9a88-491f-88bf-9e7a1a7ae491,30,2026-03-08T12:59:50.323Z,2959e866-e5ca-4149-8e03-096bed94ab36,9f838a1a-8b9b-4c57-9faa-251f6768a5e9,7.0,12.0,0.0,True,35f54d33-d22a-4671-b4dd-a5d6886cc97b,0117f017-2d2b-4322-910f-c7c1b3aae435,7.0,12.0,0.0,,True,False,9f838a1a-8b9b-4c57-9faa-251f6768a5e9
Indywidualne Mistrzostwa Polski Middle-Earth SBG 2026 (IMP 2026),4acc2947-7325-4fd3-b6c5-26d158dcfc50,BITWA VII - TREASURE HOARD,cd1bd479-e18b-4f6f-9702-0e47107d304e,FINISHED,6bbe33e2-6760-4fd5-a825-c7eb5e931aa3,31,2026-03-08T12:59:50.323Z,e6c40c44-64e7-4785-93d8-d2c448426d0c,bcef8b98-d13e-41a3-a8d0-86063d765955,0.0,5.0,0.0,False,6743b22a-c040-4888-bcbf-e9c28c16045a,b746219c-415e-46e0-8143-e8cbc9ae71d0,15.0,12.0,0.0,,False,True,b746219c-415e-46e0-8143-e8cbc9ae71d0
Indywidualne Mistrzostwa Polski Middle-Earth SBG 2026 (IMP 2026),4acc2947-7325-4fd3-b6c5-26d158dcfc50,BITWA VII - TREASURE HOARD,cd1bd479-e18b-4f6f-9702-0e47107d304e,FINISHED,5ede3c5b-b550-427c-b051-63fce178ba5b,32,2026-03-08T12:59:50.323Z,d4e2a9e6-5433-40a2-a619-ce24d67933e5,1857125d-c4f2-4a84-a26c-18ff4acbbcaf,11.0,7.0,0.0,True,f32ff648-fe08-4113-8897-e6d9e6ab3645,0b9e69bb-46e8-4b18-949b-c788fd37fe1e,5.0,6.0,0.0,False,True,False,1857125d-c4f2-4a84-a26c-18ff4acbbcaf
Indywidualne Mistrzostwa Polski Middle-Earth SBG 2026 (IMP 2026),4acc2947-7325-4fd3-b6c5-26d158dcfc50,BITWA VII - TREASURE HOARD,cd1bd479-e18b-4f6f-9702-0e47107d304e,FINISHED,5d436349-6275-414b-9555-b3ab9fbac8c2,33,2026-03-08T12:59:50.323Z,43a3fb18-811c-4627-adc3-fcb7df174ca1,48655433-fa77-4b22-b13e-a33b593f1a57,0.0,0.0,0.0,False,ff9d0d3c-62a5-4c52-a31c-884cef1380db,cb67ea1b-6562-48e3-99e2-c7d66c880c28,15.0,20.0,0.0,False,False,True,cb67ea1b-6562-48e3-99e2-c7d66c880c28
Indywidualne Mistrzostwa Polski Middle-Earth SBG 2026 (IMP 2026),4acc2947-7325-4fd3-b6c5-26d158dcfc50,BITWA VII - TREASURE HOARD,cd1bd479-e18b-4f6f-9702-0e47107d304e,FINISHED,e92f6706-2680-4b64-b49a-e6df02455301,34,2026-03-08T12:59:50.323Z,3a074a3e-2899-4735-a602-056aab46d674,72214086-3cc8-4fa1-8520-7a6de92529de,15.0,14.0,0.0,,65171e6e-018b-4851-9911-325cc40503d6,7ca2b5ee-c648-4e98-bcba-50d159612ecc,0.0,2.0,0.0,,True,False,72214086-3cc8-4fa1-8520-7a6de92529de
Indywidualne Mistrzostwa Polski Middle-Earth SBG 2026 (IMP 2026),4acc2947-7325-4fd3-b6c5-26d158dcfc50,BITWA VII - TREASURE HOARD,cd1bd479-e18b-4f6f-9702-0e47107d304e,FINISHED,a99f3bd0-384a-4c90-add3-192401e0ae01,35,2026-03-08T12:59:50.323Z,b181570e-4fc9-4b19-8c16-4a93820bf4eb,1e4b9bdf-6062-4736-aef3-52bc568f8803,15.0,13.0,0.0,True,38576403-9992-444d-b5d4-fe9cef687c88,758ae748-3888-4bdf-b4f9-7972a8ac9948,0.0,5.0,0.0,,True,False,1e4b9bdf-6062-4736-aef3-52bc568f8803
Indywidualne Mistrzostwa Polski Middle-Earth SBG 2026 (IMP 2026),4acc2947-7325-4fd3-b6c5-26d158dcfc50,BITWA VII - TREASURE HOARD,cd1bd479-e18b-4f6f-9702-0e47107d304e,FINISHED,d1e46bea-4835-4f97-916e-69a9592e9aac,36,2026-03-08T12:59:50.323Z,7d8f594b-3375-46a5-bd09-ab1101879d2d,6f641816-8973-4f1f-b906-3b33d5710be9,11.0,12.0,0.0,True,ddf3928b-5909-4202-8130-7b510e1c6e44,4a511f44-0b5e-4f86-b9ea-6db298859c11,5.0,9.0,0.0,,True,False,6f641816-8973-4f1f-b906-3b33d5710be9
Indywidualne Mistrzostwa Polski Middle-Earth SBG 2026 (IMP 2026),4acc2947-7325-4fd3-b6c5-26d158dcfc50,BITWA VII - TREASURE HOARD,cd1bd479-e18b-4f6f-9702-0e47107d304e,FINISHED,d6db2af0-e815-4c27-8e07-a9587587eb80,37,2026-03-08T12:59:50.323Z,4732fbad-6045-4431-b514-51f20c23699e,ad4836af-7b5d-4389-a937-446249ae3deb,11.0,12.0,0.0,False,e57d865b-5c54-4de5-8f06-f6ec254ee4f3,77909618-f8dc-4991-922b-1e21528fbcde,5.0,10.0,0.0,True,True,False,ad4836af-7b5d-4389-a937-446249ae3deb
Indywidualne Mistrzostwa Polski Middle-Earth SBG 2026 (IMP 2026),4acc2947-7325-4fd3-b6c5-26d158dcfc50,BITWA VII - TREASURE HOARD,cd1bd479-e18b-4f6f-9702-0e47107d304e,FINISHED,b74c37dc-b270-4d8e-a55f-6121022adc7d,38,2026-03-08T12:59:50.323Z,48025407-6866-47dd-82b8-899499e3b7cf,69a11808-e3ca-44e5-9ac0-e4d735625b21,11.0,8.0,0.0,,0ac7b975-068d-4ea6-a7e8-8173e8a49bef,6e8fd6ad-52e1-4877-84dc-2fce2d7ab7da,5.0,5.0,0.0,True,False,True,6e8fd6ad-52e1-4877-84dc-2fce2d7ab7da
Indywidualne Mistrzostwa Polski Middle-Earth SBG 2026 (IMP 2026),4acc2947-7325-4fd3-b6c5-26d158dcfc50,BITWA VII - TREASURE HOARD,cd1bd479-e18b-4f6f-9702-0e47107d304e,FINISHED,430e4672-3d76-44b6-85cb-1eefdd631f9c,39,2026-03-08T12:59:50.323Z,df866afa-73ac-4a5c-a11f-becffdbfb736,e11c9221-5fee-4a26-b4a8-23f3ee654de2,7.0,6.0,0.0,False,020b956d-265e-4b32-89e5-a7ac91e82b1c,62553300-be05-4e64-a57e-a9d7ea1b9e88,7.0,6.0,0.0,False,True,False,e11c9221-5fee-4a26-b4a8-23f3ee654de2
Indywidualne Mistrzostwa Polski Middle-Earth SBG 2026 (IMP 2026),4acc2947-7325-4fd3-b6c5-26d158dcfc50,BITWA VII - TREASURE HOARD,cd1bd479-e18b-4f6f-9702-0e47107d304e,FINISHED,8049cd8d-1842-4216-9c21-ac05588c0fb1,40,2026-03-08T12:59:50.323Z,6f413c6b-fef5-4afe-b945-244c194a465c,b8dd1de2-9dd2-40d6-8a9b-5b3403be9f37,7.0,6.0,0.0,False,c3870e6f-1048-4131-9b51-2ce0245aaa4c,20a238b0-37e6-400b-a2a1-20935ab4cc00,7.0,6.0,0.0,,True,False,b8dd1de2-9dd2-40d6-8a9b-5b3403be9f37
Indywidualne Mistrzostwa Polski Middle-Earth SBG 2026 (IMP 2026),4acc2947-7325-4fd3-b6c5-26d158dcfc50,BITWA VII - TREASURE HOARD,cd1bd479-e18b-4f6f-9702-0e47107d304e,FINISHED,6d92e91c-a7b1-4d53-80c0-86ee53533e5d,41,2026-03-08T12:59:50.323Z,8d54f33f-4e71-484c-99fc-2b56777c6344,5aa7d708-6938-4f9e-b4d9-ef2e49b6f5f5,7.0,0.0,0.0,True,df3b44c6-da32-4b5c-8e11-ba88c585da92,7508e7c6-6d9d-46a3-a29f-dc70f0917a46,7.0,0.0,0.0,True,True,False,5aa7d708-6938-4f9e-b4d9-ef2e49b6f5f5
Indywidualne Mistrzostwa Polski Middle-Earth SBG 2026 (IMP 2026),4acc2947-7325-4fd3-b6c5-26d158dcfc50,BITWA VII - TREASURE HOARD,cd1bd479-e18b-4f6f-9702-0e47107d304e,FINISHED,449f2e22-0bee-4989-84b6-f7b286381fce,42,2026-03-08T12:59:50.323Z,c33c3ca8-3c39-41fc-b1d4-c0b4218f7911,ef720739-17ce-42ec-a9fb-2c6e361af86f,0.0,4.0,0.0,True,4faaf376-1318-4d01-a10a-7caa345e5df8,a4179cf5-0caa-450b-8b1d-8331298d0ee1,15.0,17.0,0.0,False,True,False,ef720739-17ce-42ec-a9fb-2c6e361af86f
Indywidualne Mistrzostwa Polski Middle-Earth SBG 2026 (IMP 2026),4acc2947-7325-4fd3-b6c5-26d158dcfc50,BITWA VII - TREASURE HOARD,cd1bd479-e18b-4f6f-9702-0e47107d304e,FINISHED,bce96091-6834-444c-989d-50133f2cf700,43,2026-03-08T12:59:50.323Z,39b827d1-04d0-4684-b6fb-fe9eba9307f4,7d79e669-7010-4328-bbf5-3f7203dddd9a,5.0,9.0,0.0,False,73ea75f4-7f3a-4999-b3f3-0c703b4c6984,8c340f26-1543-4335-8b37-d814614b81f9,11.0,10.0,0.0,True,False,True,8c340f26-1543-4335-8b37-d814614b81f9
Indywidualne Mistrzostwa Polski Middle-Earth SBG 2026 (IMP 2026),4acc2947-7325-4fd3-b6c5-26d158dcfc50,BITWA VII - TREASURE HOARD,cd1bd479-e18b-4f6f-9702-0e47107d304e,FINISHED,95bead0b-d553-4e39-89aa-b2adde97ca82,44,2026-03-08T12:59:50.323Z,d2d80d07-f28d-4f5b-bdb8-10bd7e9ae926,774afb8c-8f87-46dc-823e-a82621336e4f,5.0,7.0,0.0,False,48933c84-7f58-4ec4-9d0a-ecf79d608eac,56219f44-91ef-4e22-9ebf-1c5f1ae21933,11.0,9.0,0.0,False,False,True,56219f44-91ef-4e22-9ebf-1c5f1ae21933
Indywidualne Mistrzostwa Polski Middle-Earth SBG 2026 (IMP 2026),4acc2947-7325-4fd3-b6c5-26d158dcfc50,BITWA VII - TREASURE HOARD,cd1bd479-e18b-4f6f-9702-0e47107d304e,FINISHED,eade69cd-5e6f-4606-8a5e-f7a1e50124c3,45,2026-03-08T12:59:50.323Z,7bebd97e-8c23-47e9-935f-ab947c18be0d,4d2a70a2-c8e1-4ab9-a886-3a945d216f71,0.0,5.0,0.0,True,03b30790-f81c-4a6c-aae8-1751037210b1,a66f5a56-1f3b-4944-9a2b-040faa0061e5,15.0,10.0,0.0,True,False,True,a66f5a56-1f3b-4944-9a2b-040faa0061e5
Indywidualne Mistrzostwa Polski Middle-Earth SBG 2026 (IMP 2026),4acc2947-7325-4fd3-b6c5-26d158dcfc50,BITWA VII - TREASURE HOARD,cd1bd479-e18b-4f6f-9702-0e47107d304e,FINISHED,f6cac984-3958-4721-b551-f8edb6ccc8cd,46,2026-03-08T12:59:50.323Z,df714688-9aeb-488a-82d3-07359aee923b,1f51b345-c749-4ebb-a4ae-cd40e4bd2b37,5.0,6.0,0.0,,2eddc098-3156-4e18-9922-cbaa3f1d4e8e,f0b719fd-09d6-4d2a-a87c-bd6e7fcd6990,11.0,7.0,0.0,,False,True,f0b719fd-09d6-4d2a-a87c-bd6e7fcd6990
Indywidualne Mistrzostwa Polski Middle-Earth SBG 2026 (IMP 2026),4acc2947-7325-4fd3-b6c5-26d158dcfc50,BITWA VII - TREASURE HOARD,cd1bd479-e18b-4f6f-9702-0e47107d304e,FINISHED,0aefe592-aa47-41a8-9758-47948736603b,47,2026-03-08T12:59:50.323Z,c1a46369-2612-47f6-82a5-527c41199be7,eacb0c29-8302-462e-9e47-c61d95ce5ff3,15.0,10.0,0.0,True,764caed8-d764-43c7-8f41-05f44f88eb84,7f22159a-00df-4a00-9aa9-2f36d60d2455,0.0,0.0,0.0,True,True,False,eacb0c29-8302-462e-9e47-c61d95ce5ff3
Indywidualne Mistrzostwa Polski Middle-Earth SBG 2026 (IMP 2026),4acc2947-7325-4fd3-b6c5-26d158dcfc50,BITWA VII - TREASURE HOARD,cd1bd479-e18b-4f6f-9702-0e47107d304e,FINISHED,3c69cac1-5ec3-4fa0-9265-d4677e4abb73,48,2026-03-08T12:59:50.323Z,878d7185-9438-4f42-a008-b7a246d7eb66,47a7936d-530e-4e10-8518-5a51bbe3ff41,5.0,7.0,0.0,,2b86d649-50c0-4aa3-8d27-6c544cc08552,a6bf8ed5-530f-4135-a0ca-0a34b5f352c0,11.0,9.0,0.0,False,False,True,a6bf8ed5-530f-4135-a0ca-0a34b5f352c0
Indywidualne Mistrzostwa Polski Middle-Earth SBG 2026 (IMP 2026),4acc2947-7325-4fd3-b6c5-26d158dcfc50,BITWA VII - TREASURE HOARD,cd1bd479-e18b-4f6f-9702-0e47107d304e,FINISHED,e0a1e37f-66bc-4101-8e64-3115212c217b,49,2026-03-08T12:59:50.323Z,8dd7adae-becf-4013-9e37-07798b44b6d5,e2970df6-81f0-48df-89ac-2c66a06f30e7,11.0,10.0,0.0,False,16d80a89-28e0-43fc-9adf-f32e9fefdbfb,02e912fd-a2c2-4725-a3a6-e9d4fea52a31,5.0,6.0,0.0,,True,False,e2970df6-81f0-48df-89ac-2c66a06f30e7
Indywidualne Mistrzostwa Polski Middle-Earth SBG 2026 (IMP 2026),4acc2947-7325-4fd3-b6c5-26d158dcfc50,BITWA VII - TREASURE HOARD,cd1bd479-e18b-4f6f-9702-0e47107d304e,FINISHED,1b699ac3-d075-4222-adad-78749abc366c,50,2026-03-08T12:59:50.323Z,3f2e9992-4195-4f83-891a-1d8b2f90c867,13a4ddbb-8db9-4160-b1e8-372365ed4e8d,5.0,4.0,0.0,True,b728445c-ec80-47ad-a2de-763c7eaef3e3,65805e1a-2bae-4663-a590-28d09e52152d,11.0,6.0,0.0,False,False,True,65805e1a-2bae-4663-a590-28d09e52152d
Indywidualne Mistrzostwa Polski Middle-Earth SBG 2026 (IMP 2026),4acc2947-7325-4fd3-b6c5-26d158dcfc50,BITWA VII - TREASURE HOARD,cd1bd479-e18b-4f6f-9702-0e47107d304e,FINISHED,c4dfe1e5-c7a9-4a27-aee4-6f7aedfc66d7,51,2026-03-08T12:59:50.323Z,d43ef1a4-137f-4fd2-8ebf-b2dd3b146766,22a23162-8fd8-4dcc-833c-430aafa67491,15.0,10.0,0.0,False,f5c02e8e-eb82-4d31-8406-1d7ed9647eef,cbfbcd40-cbf7-4546-885f-4d061496fe8c,0.0,4.0,0.0,,True,False,22a23162-8fd8-4dcc-833c-430aafa67491
Indywidualne Mistrzostwa Polski Middle-Earth SBG 2026 (IMP 2026),4acc2947-7325-4fd3-b6c5-26d158dcfc50,BITWA VII - TREASURE HOARD,cd1bd479-e18b-4f6f-9702-0e47107d304e,FINISHED,f045d236-65c2-43d5-ab4f-ca0c85024a49,52,2026-03-08T12:59:50.323Z,d86458d7-ba34-4bfd-9dde-f64ccb1dbf68,2a69f764-5cb1-4177-9200-d58b7117a089,15.0,20.0,0.0,,9c1623c4-a8dd-4860-b266-7f6550b09d8a,27e5fd8e-fc73-48f9-802e-3546fde22d25,0.0,0.0,0.0,,True,False,2a69f764-5cb1-4177-9200-d58b7117a089
Indywidualne Mistrzostwa Polski Middle-Earth SBG 2026 (IMP 2026),4acc2947-7325-4fd3-b6c5-26d158dcfc50,BITWA VII - TREASURE HOARD,cd1bd479-e18b-4f6f-9702-0e47107d304e,FINISHED,d530b9af-b730-4e34-9f6e-811e9fce200a,53,2026-03-08T12:59:50.323Z,12126647-5868-4651-803c-81a208303c83,6bfe026e-18ff-45b8-bbfb-57f575b6f81b,0.0,6.0,0.0,True,124a35b0-6ba3-4563-bbf1-f72346b5fe02,bddd8ac9-5247-4f0a-9a17-4ac7bea1812a,15.0,12.0,0.0,False,False,True,bddd8ac9-5247-4f0a-9a17-4ac7bea1812a
Indywidualne Mistrzostwa Polski Middle-Earth SBG 2026 (IMP 2026),4acc2947-7325-4fd3-b6c5-26d158dcfc50,BITWA VII - TREASURE HOARD,cd1bd479-e18b-4f6f-9702-0e47107d304e,FINISHED,445b56f9-2646-4914-bf47-cf85b571f747,54,2026-03-08T12:59:50.323Z,744b0833-6232-4c4f-833b-0edf4c160392,639fe636-9845-4b28-8d36-0a0ea855edeb,11.0,10.0,0.0,False,187869e9-0817-4580-af65-3f56b2761fd5,4eeae4b0-7922-4c5c-81d6-d8ed10484545,5.0,6.0,0.0,,False,True,4eeae4b0-7922-4c5c-81d6-d8ed10484545
Indywidualne Mistrzostwa Polski Middle-Earth SBG 2026 (IMP 2026),4acc2947-7325-4fd3-b6c5-26d158dcfc50,BITWA VII - TREASURE HOARD,cd1bd479-e18b-4f6f-9702-0e47107d304e,FINISHED,a115d98f-dd44-4111-b810-c6f341d2d662,55,2026-03-08T12:59:50.323Z,5e4425e5-076a-4219-9427-a8e3bc69f12c,12fc8435-48b6-4a57-a152-4d7ee21ce225,15.0,11.0,0.0,,3d593e49-57ac-41c8-9386-f5734c1e3ab2,337cf4cf-c3db-40f2-bccb-d9d98d3928b9,0.0,5.0,0.0,,True,False,12fc8435-48b6-4a57-a152-4d7ee21ce225
Indywidualne Mistrzostwa Polski Middle-Earth SBG 2026 (IMP 2026),4acc2947-7325-4fd3-b6c5-26d158dcfc50,BITWA VII - TREASURE HOARD,cd1bd479-e18b-4f6f-9702-0e47107d304e,FINISHED,b1a4c0d9-b41d-462a-8e74-2d0eff18e9bb,56,2026-03-08T12:59:50.323Z,3b3b56c2-210a-433a-baa1-d21586fbb633,6fbfdbec-7d0c-4900-a4a5-7bdf560ca7a2,-999.0,0.0,,,7f450c6d-27de-40b2-a727-4c63d5cf931a,1723649c-e9e5-42eb-9e2a-d9de6492fd21,-999.0,0.0,,,False,False,08219a4e-e2d0-4904-b18d-f0320cd8d48b
Indywidualne Mistrzostwa Polski Middle-Earth SBG 2026 (IMP 2026),4acc2947-7325-4fd3-b6c5-26d158dcfc50,BITWA VII - TREASURE HOARD,cd1bd479-e18b-4f6f-9702-0e47107d304e,FINISHED,93e01de6-20c2-49c9-99b6-603f5cbe6623,57,2026-03-08T12:59:50.323Z,ceb5b4cc-730a-4541-8b0e-b4be8f3b120d,93d647e6-e5b4-4797-8941-dcfb38fd8b6e,-999.0,0.0,,,653305f0-dc60-4985-8d3a-c8cf6fedc35c,6dead819-2363-4244-ab43-933ee534235f,-999.0,0.0,,,False,False,08219a4e-e2d0-4904-b18d-f0320cd8d48b
Indywidualne Mistrzostwa Polski Middle-Earth SBG 2026 (IMP 2026),4acc2947-7325-4fd3-b6c5-26d158dcfc50,BITWA VII - TREASURE HOARD,cd1bd479-e18b-4f6f-9702-0e47107d304e,FINISHED,b4d3a6db-645b-480c-9838-d21b7d0a254f,58,2026-03-08T12:59:50.323Z,ba16ae6f-a501-4a6f-8ad8-14014007b327,d0cc3137-fab5-4977-bfac-cf0a791bd9b0,-999.0,0.0,,,3a22a120-dc91-4c0c-a691-a1cad5182b6f,1e2ff82c-8d15-489c-bbfd-dca8a2156d20,-999.0,0.0,,,False,False,08219a4e-e2d0-4904-b18d-f0320cd8d48b
Indywidualne Mistrzostwa Polski Middle-Earth SBG 2026 (IMP 2026),4acc2947-7325-4fd3-b6c5-26d158dcfc50,BITWA VII - TREASURE HOARD,cd1bd479-e18b-4f6f-9702-0e47107d304e,FINISHED,dbf1c43d-919d-4843-88dc-51522a5d3d7d,59,2026-03-08T12:59:50.323Z,aa2b9fcb-d413-430a-930c-1f75432fa622,27c4c004-c8f1-436b-b449-0dbd8a0f08fa,-999.0,0.0,,,0f59d9ee-d8a1-4b23-b285-1eaa300802ad,3723b773-cadb-46d3-8758-e1260476e981,-999.0,0.0,,,False,False,08219a4e-e2d0-4904-b18d-f0320cd8d48b
Indywidualne Mistrzostwa Polski Middle-Earth SBG 2026 (IMP 2026),4acc2947-7325-4fd3-b6c5-26d158dcfc50,BITWA VII - TREASURE HOARD,cd1bd479-e18b-4f6f-9702-0e47107d304e,FINISHED,2a026947-6192-4de7-bf46-cd8152f5f61a,60,2026-03-08T12:59:50.323Z,7dcf9655-6a33-48d3-8e21-a5901294d519,4edd7b4a-f5e4-4136-9363-aa93d7e9b8e3,-999.0,0.0,,,31352868-2499-4013-8f6c-67613424d7e5,ea7e3e0d-3a78-4a90-8ca4-a55e6505cf5a,-999.0,0.0,,,False,False,08219a4e-e2d0-4904-b18d-f0320cd8d48b
Indywidualne Mistrzostwa Polski Middle-Earth SBG 2026 (IMP 2026),4acc2947-7325-4fd3-b6c5-26d158dcfc50,BITWA VII - TREASURE HOARD,cd1bd479-e18b-4f6f-9702-0e47107d304e,FINISHED,08008460-90b1-4d69-992f-582be1ae1f86,61,2026-03-08T12:59:50.323Z,6770ca33-0399-4e7d-9ef6-4f5bcadf1386,627d904e-046e-45b7-b7ec-d237aafc54c1,-999.0,0.0,,,5774e305-2006-4ffb-bb5c-9244fc148e4b,40ebe707-6a6c-4a85-aff5-58b2d0493daa,-999.0,0.0,,,False,False,08219a4e-e2d0-4904-b18d-f0320cd8d48b
Indywidualne Mistrzostwa Polski Middle-Earth SBG 2026 (IMP 2026),4acc2947-7325-4fd3-b6c5-26d158dcfc50,BITWA VII - TREASURE HOARD,cd1bd479-e18b-4f6f-9702-0e47107d304e,FINISHED,943a788c-1d2a-4838-b176-4fc2363a1720,62,2026-03-08T12:59:50.323Z,b53c4d98-439e-4a15-9fd7-1d7cdecdf456,13e9bcf5-c291-4537-b0aa-29592b68612f,-999.0,0.0,,,cc4b4e0e-9011-4c8a-a6aa-1f66f22de48c,d7deccf7-cc03-46b4-a9a0-6e6e66317298,-999.0,0.0,,,False,False,08219a4e-e2d0-4904-b18d-f0320cd8d48b
Indywidualne Mistrzostwa Polski Middle-Earth SBG 2026 (IMP 2026),4acc2947-7325-4fd3-b6c5-26d158dcfc50,BITWA VII - TREASURE HOARD,cd1bd479-e18b-4f6f-9702-0e47107d304e,FINISHED,4fc5428d-3d3b-46bc-b3bf-e13de30d8c7d,63,2026-03-08T12:59:50.323Z,54227de5-5ea8-462f-85c5-4a17fe196d8c,64a59e06-3985-4400-b26f-6528e57ac2d7,-999.0,0.0,,,c97086f6-2a50-44c3-9fe0-514d20aa092d,85e858a0-eb30-4b0d-8622-f6bdbc8c12e8,-999.0,0.0,,,False,False,08219a4e-e2d0-4904-b18d-f0320cd8d48b
Indywidualne Mistrzostwa Polski Middle-Earth SBG 2026 (IMP 2026),4acc2947-7325-4fd3-b6c5-26d158dcfc50,BITWA VII - TREASURE HOARD,cd1bd479-e18b-4f6f-9702-0e47107d304e,FINISHED,ac126b47-4bc9-4a04-bf5a-652e99fd7d9c,64,2026-03-08T12:59:50.323Z,eec7564a-e912-4cca-a131-e9756bc9d482,c70f135f-cff3-481e-b4de-25725df57a2c,-999.0,0.0,,,175f62b6-893b-49c1-a14f-c15adf6a8872,c7b8c4fa-78e2-4f83-994b-6828dd39ddd1,-999.0,0.0,,,False,False,08219a4e-e2d0-4904-b18d-f0320cd8d48b
Indywidualne Mistrzostwa Polski Middle-Earth SBG 2026 (IMP 2026),4acc2947-7325-4fd3-b6c5-26d158dcfc50,BITWA VII - TREASURE HOARD,cd1bd479-e18b-4f6f-9702-0e47107d304e,FINISHED,1440d750-0ebc-4e6c-b9c2-aa22fe9adeda,65,2026-03-08T12:59:50.323Z,35b38fbc-bb29-4183-9d81-5c9a15456fbc,309de8ee-ad9e-4a87-911b-e3a5d480d491,15.0,5.0,,,,,,,,,False,False,08219a4e-e2d0-4904-b18d-f0320cd8d48b
Indywidualne Mistrzostwa Polski Middle-Earth SBG 2026 (IMP 2026),4acc2947-7325-4fd3-b6c5-26d158dcfc50,BITWA VI - DOMINATION,7518179b-dd4f-4075-b810-adb3e6526882,FINISHED,75aa82c8-8eaf-4f68-9a84-3ae8f2685ca4,0,2026-03-08T10:32:19.294Z,5d4791ae-ba28-4d61-a58e-26fe2c5644f4,804c4802-b3bc-41ec-9f1b-de92ffe4897e,11.0,8.0,0.0,True,bbd42fbc-36fa-467a-b6ea-a3a291c3f0f7,4c85220b-667f-4d0b-b719-9c9ae145792d,5.0,7.0,0.0,True,True,False,804c4802-b3bc-41ec-9f1b-de92ffe4897e
Indywidualne Mistrzostwa Polski Middle-Earth SBG 2026 (IMP 2026),4acc2947-7325-4fd3-b6c5-26d158dcfc50,BITWA VI - DOMINATION,7518179b-dd4f-4075-b810-adb3e6526882,FINISHED,1eb67ec0-f7a4-4e08-8766-92df9fd5b9ae,1,2026-03-08T10:32:19.294Z,4f80a4ff-a175-418a-81a2-6572161bbf48,c451779b-6172-4e1a-acbd-1b387949849d,15.0,15.0,0.0,True,07d96fc7-c53f-4e5b-bf2d-47f1d086b7b2,8076af08-a8fe-455c-8c1a-2e5d7f2ad3eb,0.0,2.0,0.0,False,True,False,c451779b-6172-4e1a-acbd-1b387949849d
Indywidualne Mistrzostwa Polski Middle-Earth SBG 2026 (IMP 2026),4acc2947-7325-4fd3-b6c5-26d158dcfc50,BITWA VI - DOMINATION,7518179b-dd4f-4075-b810-adb3e6526882,FINISHED,48211cd1-903c-49da-b45d-919d58d32191,2,2026-03-08T10:32:19.294Z,71d118ad-4d8b-460b-8a36-6a57fd310357,21c12fb0-4289-4df3-8bad-f18c2a49fd0d,15.0,10.0,0.0,False,1c98a40c-3168-449a-9eda-34ac6e6253c0,bd51334f-700f-46ea-9801-7fa43e9c53d0,0.0,4.0,0.0,True,True,False,21c12fb0-4289-4df3-8bad-f18c2a49fd0d
Indywidualne Mistrzostwa Polski Middle-Earth SBG 2026 (IMP 2026),4acc2947-7325-4fd3-b6c5-26d158dcfc50,BITWA VI - DOMINATION,7518179b-dd4f-4075-b810-adb3e6526882,FINISHED,01fe6431-437d-4cff-b2c9-b083ff508487,3,2026-03-08T10:32:19.294Z,1e28e9d9-a741-46cc-9510-f15f9f36fd59,5f6a7ffa-1a94-4176-a2f0-42f18d04a39e,15.0,12.0,0.0,True,27b6aeb7-e1d7-4375-969a-929197039fb5,5dd629bc-7618-4bd4-9b02-0c13fc7b7a34,0.0,5.0,0.0,False,True,False,5f6a7ffa-1a94-4176-a2f0-42f18d04a39e
Indywidualne Mistrzostwa Polski Middle-Earth SBG 2026 (IMP 2026),4acc2947-7325-4fd3-b6c5-26d158dcfc50,BITWA VI - DOMINATION,7518179b-dd4f-4075-b810-adb3e6526882,FINISHED,8cf21069-b8b3-4dd2-94d6-49564deacace,4,2026-03-08T10:32:19.294Z,b3b1a5e9-1bba-4d85-bb54-c1ef38f87d41,7825ed24-d5e7-4e12-b627-23c81c278c00,15.0,12.0,0.0,,978e6e2e-95d8-44ab-800c-4494af06ad53,88eff5e1-e5fa-40df-ac60-dd5cb0c71bad,0.0,5.0,0.0,True,False,True,88eff5e1-e5fa-40df-ac60-dd5cb0c71bad
Indywidualne Mistrzostwa Polski Middle-Earth SBG 2026 (IMP 2026),4acc2947-7325-4fd3-b6c5-26d158dcfc50,BITWA VI - DOMINATION,7518179b-dd4f-4075-b810-adb3e6526882,FINISHED,d5d7e2ad-562d-493d-bb1c-85d4e435a532,5,2026-03-08T10:32:19.294Z,e162c881-fab6-406a-9c49-f870dc523aeb,081b732c-68ef-4404-bf2c-b56519b96acd,11.0,8.0,0.0,True,89eabe73-0dc1-45c6-96f1-51e1b7017492,9e5a191c-e93a-436d-b7b0-95d223dd6e2e,5.0,5.0,0.0,False,False,True,9e5a191c-e93a-436d-b7b0-95d223dd6e2e
Indywidualne Mistrzostwa Polski Middle-Earth SBG 2026 (IMP 2026),4acc2947-7325-4fd3-b6c5-26d158dcfc50,BITWA VI - DOMINATION,7518179b-dd4f-4075-b810-adb3e6526882,FINISHED,21b73a0b-1aac-4a1a-bcf5-660d7878cc38,6,2026-03-08T10:32:19.294Z,6c33dfb8-ec59-4c2b-a7b0-964bd7ced3b2,a8c5dace-3769-45a7-9812-c134eda0fcae,11.0,8.0,0.0,True,9838dce2-e606-4d54-a29d-cd4ec5cfc39b,1403a8fb-39a4-4e2f-b6cd-5d7e334df789,5.0,5.0,0.0,False,False,True,1403a8fb-39a4-4e2f-b6cd-5d7e334df789
Indywidualne Mistrzostwa Polski Middle-Earth SBG 2026 (IMP 2026),4acc2947-7325-4fd3-b6c5-26d158dcfc50,BITWA VI - DOMINATION,7518179b-dd4f-4075-b810-adb3e6526882,FINISHED,4e740ce9-c192-4f9d-b845-43f1f9e385d1,7,2026-03-08T10:32:19.294Z,62c4a348-beb9-4e97-8791-a70d0632a3e4,e99aafd2-d310-49bd-b0d5-b12b6acd1600,0.0,4.0,0.0,,342e28dc-9549-4d6b-b8ca-f82783f29d78,93cda88b-c976-4e61-8f65-9a5a5f1ecf7b,15.0,13.0,0.0,False,False,True,93cda88b-c976-4e61-8f65-9a5a5f1ecf7b
Indywidualne Mistrzostwa Polski Middle-Earth SBG 2026 (IMP 2026),4acc2947-7325-4fd3-b6c5-26d158dcfc50,BITWA VI - DOMINATION,7518179b-dd4f-4075-b810-adb3e6526882,FINISHED,deeab84d-1c57-4072-9a39-f534ccdbd221,8,2026-03-08T10:32:19.294Z,367b356c-9b01-4d81-9354-f9216fe96cff,8e40b208-0e62-4a37-8228-f003566dc4a7,7.0,5.0,0.0,True,c9866c30-3272-46e3-8a53-f6383210ab95,bff31d63-a3e1-44f4-a02b-c9649b590cc2,7.0,5.0,0.0,True,False,True,bff31d63-a3e1-44f4-a02b-c9649b590cc2
Indywidualne Mistrzostwa Polski Middle-Earth SBG 2026 (IMP 2026),4acc2947-7325-4fd3-b6c5-26d158dcfc50,BITWA VI - DOMINATION,7518179b-dd4f-4075-b810-adb3e6526882,FINISHED,1a75891d-73f0-4bd5-846e-67fe20b32a49,9,2026-03-08T10:32:19.294Z,0391dcb9-159c-4328-ae25-fa9302d77573,a15d42d2-401a-42d5-a0e7-e8f88c780302,0.0,3.0,0.0,,1f4cdf87-9fde-47a5-ba77-1ad8aea3e087,9d5bc521-d1ac-416e-952c-926b6aef9e60,15.0,9.0,0.0,True,False,True,9d5bc521-d1ac-416e-952c-926b6aef9e60
Indywidualne Mistrzostwa Polski Middle-Earth SBG 2026 (IMP 2026),4acc2947-7325-4fd3-b6c5-26d158dcfc50,BITWA VI - DOMINATION,7518179b-dd4f-4075-b810-adb3e6526882,FINISHED,86d54868-00d6-4618-8c1d-54cb108760c2,10,2026-03-08T10:32:19.294Z,8d2abf77-c098-4411-9eaa-b3b916b275b5,a5f615bb-a42a-4084-98e7-426a4b15d6ac,5.0,4.0,0.0,False,76c6a27c-44f2-49cd-8356-906e478a6531,475ff286-fcbc-4c49-bac5-e3002c4bdf14,11.0,7.0,0.0,True,False,True,475ff286-fcbc-4c49-bac5-e3002c4bdf14
Indywidualne Mistrzostwa Polski Middle-Earth SBG 2026 (IMP 2026),4acc2947-7325-4fd3-b6c5-26d158dcfc50,BITWA VI - DOMINATION,7518179b-dd4f-4075-b810-adb3e6526882,FINISHED,1650e306-3f7d-422c-8aa7-0722348c45e0,11,2026-03-08T10:32:19.294Z,7884ffac-661b-47f8-87a2-f95da27987f1,9357ea2e-af38-453d-9c2f-b828d5ccdfb6,15.0,15.0,0.0,True,c5bb114b-fc0b-404a-a718-8bba0e659871,457f9c1a-0e9a-4c0e-ae41-7f00e3646fba,0.0,3.0,0.0,,True,False,9357ea2e-af38-453d-9c2f-b828d5ccdfb6
Indywidualne Mistrzostwa Polski Middle-Earth SBG 2026 (IMP 2026),4acc2947-7325-4fd3-b6c5-26d158dcfc50,BITWA VI - DOMINATION,7518179b-dd4f-4075-b810-adb3e6526882,FINISHED,b73d627e-dc16-4aca-ad35-eb421ddc35f2,12,2026-03-08T10:32:19.294Z,aa211708-c70f-45c7-8682-1f6bc43aeb7b,cd36b01c-87a1-47c9-b877-a65940b24b12,0.0,0.0,0.0,True,f90fde9b-fe80-4b92-9b51-afc47d4e8482,b0eedad6-3e96-47d3-a85d-4d3f56d1acb3,15.0,17.0,0.0,,False,True,b0eedad6-3e96-47d3-a85d-4d3f56d1acb3
Indywidualne Mistrzostwa Polski Middle-Earth SBG 2026 (IMP 2026),4acc2947-7325-4fd3-b6c5-26d158dcfc50,BITWA VI - DOMINATION,7518179b-dd4f-4075-b810-adb3e6526882,FINISHED,92a74d1b-2b80-4361-a972-96cf10cd9608,13,2026-03-08T10:32:19.294Z,82db2754-63a1-4644-92d0-b9cfee0bbfb1,813e33d8-2b98-45ed-8c3c-00af33dd4697,11.0,11.0,0.0,True,5fec499c-19df-47ef-8cff-e06341fd597d,6df80142-0804-43f3-910e-3d51131586cf,5.0,7.0,0.0,False,True,False,813e33d8-2b98-45ed-8c3c-00af33dd4697
Indywidualne Mistrzostwa Polski Middle-Earth SBG 2026 (IMP 2026),4acc2947-7325-4fd3-b6c5-26d158dcfc50,BITWA VI - DOMINATION,7518179b-dd4f-4075-b810-adb3e6526882,FINISHED,b130c2a4-4a03-4917-96ec-10b83580df9b,14,2026-03-08T10:32:19.294Z,489a3a00-e64d-454d-9e11-7baaa23d8b09,15e5a444-91c2-43fe-8b7b-c927354ca51a,11.0,7.0,0.0,True,673578a0-09c2-44c2-ac1b-73024e6c11e1,71f045ad-ce24-4e8b-865a-1dc0f634a42d,5.0,6.0,0.0,False,False,True,71f045ad-ce24-4e8b-865a-1dc0f634a42d
Indywidualne Mistrzostwa Polski Middle-Earth SBG 2026 (IMP 2026),4acc2947-7325-4fd3-b6c5-26d158dcfc50,BITWA VI - DOMINATION,7518179b-dd4f-4075-b810-adb3e6526882,FINISHED,8515aa94-7d06-425d-8362-4c3aaaf22736,15,2026-03-08T10:32:19.294Z,608a9af6-4595-4743-899d-ba38ade14762,76870d30-055b-4a89-a141-78ef032269f2,11.0,8.0,0.0,False,f133471d-9511-45b8-8261-b3a7fa5b20c8,ef46c5bc-e9ab-450b-85f5-4b88323ef1b8,5.0,6.0,0.0,False,False,True,ef46c5bc-e9ab-450b-85f5-4b88323ef1b8
Indywidualne Mistrzostwa Polski Middle-Earth SBG 2026 (IMP 2026),4acc2947-7325-4fd3-b6c5-26d158dcfc50,BITWA VI - DOMINATION,7518179b-dd4f-4075-b810-adb3e6526882,FINISHED,575eafa3-e9c2-4218-b3c4-a826b4172a53,16,2026-03-08T10:32:19.294Z,61f8c21d-93a2-4970-b993-b2c8e4c98309,3d714876-1192-47cf-a91e-7158e7e6c608,15.0,20.0,0.0,False,ba10e8f9-5ee8-408f-9a13-0ba82ec30d7b,b6f0e023-257d-472b-af43-78e56d559cae,0.0,0.0,0.0,False,True,False,3d714876-1192-47cf-a91e-7158e7e6c608
Indywidualne Mistrzostwa Polski Middle-Earth SBG 2026 (IMP 2026),4acc2947-7325-4fd3-b6c5-26d158dcfc50,BITWA VI - DOMINATION,7518179b-dd4f-4075-b810-adb3e6526882,FINISHED,34d6856b-bf29-4a81-b8ce-1ebb7a4e2beb,17,2026-03-08T10:32:19.294Z,ce7bdd83-2f91-4628-af42-98bff28b3b29,7fa5ba4b-28df-44e8-a4f2-d87072e98a2b,11.0,10.0,0.0,False,c21ed3ed-4157-4cb0-bcb3-0e004dd5d5ce,4e8fbce8-9600-4b61-af86-6731e366fce3,5.0,7.0,0.0,True,False,True,4e8fbce8-9600-4b61-af86-6731e366fce3
Indywidualne Mistrzostwa Polski Middle-Earth SBG 2026 (IMP 2026),4acc2947-7325-4fd3-b6c5-26d158dcfc50,BITWA VI - DOMINATION,7518179b-dd4f-4075-b810-adb3e6526882,FINISHED,3b37481a-6732-464e-9d45-7d6c16e113c1,18,2026-03-08T10:32:19.294Z,f2aa9ba7-c3f3-4e96-a014-4d56c36bdcd4,9fa82917-385d-469e-84c0-8db3e5214cd5,15.0,13.0,0.0,True,efb73f47-1b8c-4ab7-bc5e-b19fd00d4282,6bbae723-3f56-4f46-b886-e4f179c50e93,0.0,5.0,0.0,True,False,True,6bbae723-3f56-4f46-b886-e4f179c50e93
Indywidualne Mistrzostwa Polski Middle-Earth SBG 2026 (IMP 2026),4acc2947-7325-4fd3-b6c5-26d158dcfc50,BITWA VI - DOMINATION,7518179b-dd4f-4075-b810-adb3e6526882,FINISHED,666ff6d8-b69b-48ae-9741-9cb4987a42dd,19,2026-03-08T10:32:19.294Z,46e0290f-cd4a-428e-bec1-c5b111e9e536,0ad1e880-3db6-4577-84e8-1f7bb3702572,5.0,4.0,0.0,,23ef745c-2124-41aa-ada8-5fde71d464a0,a6fc8598-2a54-4bb6-bbe1-4501ff1cee61,11.0,7.0,0.0,,False,True,a6fc8598-2a54-4bb6-bbe1-4501ff1cee61
Indywidualne Mistrzostwa Polski Middle-Earth SBG 2026 (IMP 2026),4acc2947-7325-4fd3-b6c5-26d158dcfc50,BITWA VI - DOMINATION,7518179b-dd4f-4075-b810-adb3e6526882,FINISHED,90bdaa58-9021-41ad-a660-1175c55952a4,20,2026-03-08T10:32:19.294Z,13283b8f-7cdf-4b4c-8694-f19690becf02,5f55d7f6-e77c-45a0-b083-60691560a665,15.0,12.0,0.0,True,f6bce1c5-45ce-4e1f-bc9b-5d1d2a03d5b0,48655433-fa77-4b22-b13e-a33b593f1a57,0.0,0.0,0.0,True,True,False,5f55d7f6-e77c-45a0-b083-60691560a665
Indywidualne Mistrzostwa Polski Middle-Earth SBG 2026 (IMP 2026),4acc2947-7325-4fd3-b6c5-26d158dcfc50,BITWA VI - DOMINATION,7518179b-dd4f-4075-b810-adb3e6526882,FINISHED,44f4e350-571e-45ee-babd-bd03ff5749ff,21,2026-03-08T10:32:19.294Z,547fc688-7c5f-4abc-9e54-027c9d46cf7b,d70e3320-c102-4867-b84f-be1398cfbf01,5.0,6.0,0.0,False,427e8077-ae40-445f-abe8-69a080460e32,224b8d3d-7e1f-4095-853a-088883879195,11.0,11.0,0.0,True,False,True,224b8d3d-7e1f-4095-853a-088883879195
Indywidualne Mistrzostwa Polski Middle-Earth SBG 2026 (IMP 2026),4acc2947-7325-4fd3-b6c5-26d158dcfc50,BITWA VI - DOMINATION,7518179b-dd4f-4075-b810-adb3e6526882,FINISHED,a92951f9-8920-4438-8f7f-b5766768200a,22,2026-03-08T10:32:19.294Z,0a180f31-b85c-45df-ba77-261259b601e7,2f1215b6-dd3c-44cc-9604-ee8e4b42553c,7.0,8.0,0.0,False,257fbae2-7564-4636-a631-2521fe6ecd4a,970b04fa-4663-4c49-8a54-756a10c82c07,7.0,8.0,0.0,False,False,True,970b04fa-4663-4c49-8a54-756a10c82c07
Indywidualne Mistrzostwa Polski Middle-Earth SBG 2026 (IMP 2026),4acc2947-7325-4fd3-b6c5-26d158dcfc50,BITWA VI - DOMINATION,7518179b-dd4f-4075-b810-adb3e6526882,FINISHED,e7aade12-9459-45bf-a379-1e54b5b79c30,23,2026-03-08T10:32:19.294Z,e1d0bcd2-db12-43e7-924d-0e95dc08bbb4,222c2b52-47fd-4345-a6ec-a83ee05ccb12,7.0,7.0,0.0,False,5e10e9ce-4b30-4ff7-ae22-ea8474961c7e,aa674303-96e8-485b-b3f9-815be61d14dc,7.0,7.0,0.0,,True,False,222c2b52-47fd-4345-a6ec-a83ee05ccb12
Indywidualne Mistrzostwa Polski Middle-Earth SBG 2026 (IMP 2026),4acc2947-7325-4fd3-b6c5-26d158dcfc50,BITWA VI - DOMINATION,7518179b-dd4f-4075-b810-adb3e6526882,FINISHED,1dedda15-8f36-49a2-9b0f-b7ee81bde14a,24,2026-03-08T10:32:19.294Z,ba23355b-2698-4227-b236-bf2a61f92363,448193ff-e2b4-4650-898a-1dd8dc3fd5e1,11.0,9.0,0.0,,c14f33b7-1360-449a-b5ac-4b154028c856,ac23a3ec-2b0f-4d94-8575-948ae2f7eb83,5.0,6.0,0.0,False,False,True,ac23a3ec-2b0f-4d94-8575-948ae2f7eb83
Indywidualne Mistrzostwa Polski Middle-Earth SBG 2026 (IMP 2026),4acc2947-7325-4fd3-b6c5-26d158dcfc50,BITWA VI - DOMINATION,7518179b-dd4f-4075-b810-adb3e6526882,FINISHED,eb64ba5e-6eb5-495f-82bc-1dbdb146e74e,25,2026-03-08T10:32:19.294Z,32e6ff16-c887-437a-80ab-3c6eacb45e67,f5bcca05-14a2-4c47-8a81-379d5c4ee992,5.0,6.0,0.0,True,75ebf8c7-49bc-443f-923c-f771b10bbc8a,d1219f2e-d585-4ce6-979c-9b1ba239894a,11.0,10.0,0.0,True,False,True,d1219f2e-d585-4ce6-979c-9b1ba239894a
Indywidualne Mistrzostwa Polski Middle-Earth SBG 2026 (IMP 2026),4acc2947-7325-4fd3-b6c5-26d158dcfc50,BITWA VI - DOMINATION,7518179b-dd4f-4075-b810-adb3e6526882,FINISHED,946ebbaa-4641-4dd1-8e90-eb91bf2bff18,26,2026-03-08T10:32:19.294Z,a42a76d6-8d0d-412f-adc8-66b874e46976,d1928738-701d-4759-abe9-ff1123a28015,7.0,0.0,0.0,False,36e5e346-835e-478f-b8ce-c91f0fe0cb1c,309de8ee-ad9e-4a87-911b-e3a5d480d491,7.0,0.0,0.0,,True,False,d1928738-701d-4759-abe9-ff1123a28015
Indywidualne Mistrzostwa Polski Middle-Earth SBG 2026 (IMP 2026),4acc2947-7325-4fd3-b6c5-26d158dcfc50,BITWA VI - DOMINATION,7518179b-dd4f-4075-b810-adb3e6526882,FINISHED,c6de2810-14c0-41e1-bdbc-d8c57e5a7760,27,2026-03-08T10:32:19.294Z,c7977369-361e-4f8c-b91c-28fa80850abc,1e4b9bdf-6062-4736-aef3-52bc568f8803,0.0,3.0,0.0,False,9a81eaa6-af3d-4026-bfe7-2da9da03c8bc,bbe7d7b9-232d-4b4d-a17a-5f4c72ea758b,15.0,9.0,0.0,True,False,True,bbe7d7b9-232d-4b4d-a17a-5f4c72ea758b
Indywidualne Mistrzostwa Polski Middle-Earth SBG 2026 (IMP 2026),4acc2947-7325-4fd3-b6c5-26d158dcfc50,BITWA VI - DOMINATION,7518179b-dd4f-4075-b810-adb3e6526882,FINISHED,faba764f-bafb-4e58-a904-b30daed07945,28,2026-03-08T10:32:19.294Z,aa438114-1578-469d-91a7-5054d9486a4c,6fbfdbec-7d0c-4900-a4a5-7bdf560ca7a2,-999.0,7.0,0.0,True,43f773aa-dbd0-4298-ae50-8b03b7442656,a10c88af-658f-4dbe-bb23-533f04cdfa24,11.0,13.0,0.0,False,False,False,08219a4e-e2d0-4904-b18d-f0320cd8d48b
Indywidualne Mistrzostwa Polski Middle-Earth SBG 2026 (IMP 2026),4acc2947-7325-4fd3-b6c5-26d158dcfc50,BITWA VI - DOMINATION,7518179b-dd4f-4075-b810-adb3e6526882,FINISHED,dfb4002d-e456-454c-a8ad-2488317d1978,29,2026-03-08T10:32:19.294Z,54105aeb-6c15-4f57-836a-b8910538f8a0,bbbe191e-78cb-42d6-acc6-fd53718b1fd2,15.0,13.0,0.0,True,2abd72b8-4845-4c88-9703-5105a307f8ab,69a11808-e3ca-44e5-9ac0-e4d735625b21,0.0,1.0,0.0,,True,False,bbbe191e-78cb-42d6-acc6-fd53718b1fd2
Indywidualne Mistrzostwa Polski Middle-Earth SBG 2026 (IMP 2026),4acc2947-7325-4fd3-b6c5-26d158dcfc50,BITWA VI - DOMINATION,7518179b-dd4f-4075-b810-adb3e6526882,FINISHED,e87ad3cf-e7e3-4f2a-bebe-d28849a79aeb,30,2026-03-08T10:32:19.294Z,d96be683-9592-4c8d-93bd-7712903fcd49,b746219c-415e-46e0-8143-e8cbc9ae71d0,7.0,9.0,0.0,,e4d253e3-c315-4553-bebb-33d7eb757a8e,1857125d-c4f2-4a84-a26c-18ff4acbbcaf,7.0,9.0,0.0,False,False,True,1857125d-c4f2-4a84-a26c-18ff4acbbcaf
Indywidualne Mistrzostwa Polski Middle-Earth SBG 2026 (IMP 2026),4acc2947-7325-4fd3-b6c5-26d158dcfc50,BITWA VI - DOMINATION,7518179b-dd4f-4075-b810-adb3e6526882,FINISHED,8f077a6e-4b9b-447d-8e8d-11c39423e44e,31,2026-03-08T10:32:19.294Z,076ae870-3051-46b0-8ae4-e3671b99929b,77909618-f8dc-4991-922b-1e21528fbcde,0.0,0.0,0.0,False,4893e57f-959c-4571-b717-7084a4486632,68bf04f5-3d30-4e15-9d0e-10ff004496e9,16.0,15.0,0.0,True,False,True,68bf04f5-3d30-4e15-9d0e-10ff004496e9
Indywidualne Mistrzostwa Polski Middle-Earth SBG 2026 (IMP 2026),4acc2947-7325-4fd3-b6c5-26d158dcfc50,BITWA VI - DOMINATION,7518179b-dd4f-4075-b810-adb3e6526882,FINISHED,a5e4550f-433a-4f69-902f-d6b76f69d784,32,2026-03-08T10:32:19.294Z,edeadbc3-d467-428a-9e1e-5f07ee299d8f,6841eef6-931a-4375-ae1b-79843a97a82e,15.0,10.0,0.0,,ea69dea4-0ec8-4b3b-8fe1-2e51949cb6aa,e11c9221-5fee-4a26-b4a8-23f3ee654de2,0.0,3.0,0.0,True,False,True,e11c9221-5fee-4a26-b4a8-23f3ee654de2
Indywidualne Mistrzostwa Polski Middle-Earth SBG 2026 (IMP 2026),4acc2947-7325-4fd3-b6c5-26d158dcfc50,BITWA VI - DOMINATION,7518179b-dd4f-4075-b810-adb3e6526882,FINISHED,11f901c6-155c-4ec5-bd43-0f81ff339a3d,33,2026-03-08T10:32:19.294Z,c13d0a7f-c082-4071-bf2c-06eb8150f83b,62553300-be05-4e64-a57e-a9d7ea1b9e88,0.0,2.0,0.0,False,22784857-99a5-4240-b70b-041735f31708,1279e92f-2cd2-4ab8-855a-9630a43d2c60,15.0,13.0,0.0,True,False,True,1279e92f-2cd2-4ab8-855a-9630a43d2c60
Indywidualne Mistrzostwa Polski Middle-Earth SBG 2026 (IMP 2026),4acc2947-7325-4fd3-b6c5-26d158dcfc50,BITWA VI - DOMINATION,7518179b-dd4f-4075-b810-adb3e6526882,FINISHED,328a43bd-1b3f-4fe1-8ac4-a609ba76e388,34,2026-03-08T10:32:19.294Z,95f53cde-f2f4-4500-a83e-d2e52f097fc9,b8dd1de2-9dd2-40d6-8a9b-5b3403be9f37,0.0,6.0,0.0,True,b0a146fa-312e-4cb8-8578-1ee929dbed79,dd081a04-8bbb-4409-aed7-f6ceedf4d7d0,15.0,12.0,0.0,False,False,True,dd081a04-8bbb-4409-aed7-f6ceedf4d7d0
Indywidualne Mistrzostwa Polski Middle-Earth SBG 2026 (IMP 2026),4acc2947-7325-4fd3-b6c5-26d158dcfc50,BITWA VI - DOMINATION,7518179b-dd4f-4075-b810-adb3e6526882,FINISHED,f1012a0b-1c6b-4dd8-bd43-3f30d787e63d,35,2026-03-08T10:32:19.294Z,1117a79a-7f62-4d6c-9f5d-5dcaf41a3962,a4179cf5-0caa-450b-8b1d-8331298d0ee1,0.0,1.0,0.0,False,4a975755-8c2c-46b9-aff3-98f3a8c85c0b,9f838a1a-8b9b-4c57-9faa-251f6768a5e9,15.0,11.0,0.0,False,False,True,9f838a1a-8b9b-4c57-9faa-251f6768a5e9
Indywidualne Mistrzostwa Polski Middle-Earth SBG 2026 (IMP 2026),4acc2947-7325-4fd3-b6c5-26d158dcfc50,BITWA VI - DOMINATION,7518179b-dd4f-4075-b810-adb3e6526882,FINISHED,52edb7b0-b631-44a3-8c66-f69055aba544,36,2026-03-08T10:32:19.294Z,dc2809da-cfe9-478b-8ab3-40c877353a5e,0117f017-2d2b-4322-910f-c7c1b3aae435,15.0,20.0,0.0,,2eff9d30-4ad9-4c58-8cd2-edab00c29ccf,774afb8c-8f87-46dc-823e-a82621336e4f,0.0,0.0,0.0,True,True,False,0117f017-2d2b-4322-910f-c7c1b3aae435
Indywidualne Mistrzostwa Polski Middle-Earth SBG 2026 (IMP 2026),4acc2947-7325-4fd3-b6c5-26d158dcfc50,BITWA VI - DOMINATION,7518179b-dd4f-4075-b810-adb3e6526882,FINISHED,58b69f32-6c59-428e-8089-c94192b9fe70,37,2026-03-08T10:32:19.294Z,89c71b9e-dec7-4e05-9457-988650c859f3,1723649c-e9e5-42eb-9e2a-d9de6492fd21,-999.0,0.0,0.0,False,3d4adf8d-42f0-4013-9b36-e752ddaa37da,de5cbcdc-3bbc-430b-a716-53b4792437f9,15.0,12.0,0.0,False,False,False,08219a4e-e2d0-4904-b18d-f0320cd8d48b
Indywidualne Mistrzostwa Polski Middle-Earth SBG 2026 (IMP 2026),4acc2947-7325-4fd3-b6c5-26d158dcfc50,BITWA VI - DOMINATION,7518179b-dd4f-4075-b810-adb3e6526882,FINISHED,4ca5e262-926f-401f-a06e-7ecb0f9487d3,38,2026-03-08T10:32:19.294Z,282145a0-046d-40ce-a061-db41ae72790e,0b9e69bb-46e8-4b18-949b-c788fd37fe1e,15.0,16.0,0.0,True,f3d78533-35f3-4811-80e7-971c7014d7f9,56219f44-91ef-4e22-9ebf-1c5f1ae21933,0.0,0.0,0.0,False,True,False,0b9e69bb-46e8-4b18-949b-c788fd37fe1e
Indywidualne Mistrzostwa Polski Middle-Earth SBG 2026 (IMP 2026),4acc2947-7325-4fd3-b6c5-26d158dcfc50,BITWA VI - DOMINATION,7518179b-dd4f-4075-b810-adb3e6526882,FINISHED,3dc3de7b-573e-4d68-a4ee-d0ea4a13e68b,39,2026-03-08T10:32:19.294Z,6f8697d3-ce7a-4ea2-9915-8f477c58c31a,5aa7d708-6938-4f9e-b4d9-ef2e49b6f5f5,5.0,6.0,0.0,True,d4d12bdd-0b64-4dee-a843-d6f0171cc6bf,758ae748-3888-4bdf-b4f9-7972a8ac9948,11.0,7.0,0.0,,False,True,758ae748-3888-4bdf-b4f9-7972a8ac9948
Indywidualne Mistrzostwa Polski Middle-Earth SBG 2026 (IMP 2026),4acc2947-7325-4fd3-b6c5-26d158dcfc50,BITWA VI - DOMINATION,7518179b-dd4f-4075-b810-adb3e6526882,FINISHED,5e6bab89-8960-4218-a2bd-9263ff64ec5d,40,2026-03-08T10:32:19.294Z,15457a93-0c00-4fc9-9128-6e418eda3090,93d647e6-e5b4-4797-8941-dcfb38fd8b6e,-999.0,7.0,0.0,False,bccfaca4-4e5c-49e4-be2a-f10b1bf0ce9f,4d2a70a2-c8e1-4ab9-a886-3a945d216f71,0.0,2.0,0.0,True,False,False,08219a4e-e2d0-4904-b18d-f0320cd8d48b
Indywidualne Mistrzostwa Polski Middle-Earth SBG 2026 (IMP 2026),4acc2947-7325-4fd3-b6c5-26d158dcfc50,BITWA VI - DOMINATION,7518179b-dd4f-4075-b810-adb3e6526882,FINISHED,908872ca-bcef-470e-8d4f-eb558dc07cc9,41,2026-03-08T10:32:19.294Z,9b074612-b3ec-46c7-a382-7eef9f6e8cb8,6f641816-8973-4f1f-b906-3b33d5710be9,11.0,9.0,0.0,True,8d88199b-08d7-439e-85e8-dd62dbb1ded3,7508e7c6-6d9d-46a3-a29f-dc70f0917a46,5.0,7.0,0.0,True,True,False,6f641816-8973-4f1f-b906-3b33d5710be9
Indywidualne Mistrzostwa Polski Middle-Earth SBG 2026 (IMP 2026),4acc2947-7325-4fd3-b6c5-26d158dcfc50,BITWA VI - DOMINATION,7518179b-dd4f-4075-b810-adb3e6526882,FINISHED,e5b34a4a-38ab-4d6b-a47f-93a60847c8b4,42,2026-03-08T10:32:19.294Z,6f1dd0c7-2250-48f0-b47b-7aa3ad7de0a6,cb67ea1b-6562-48e3-99e2-c7d66c880c28,15.0,16.0,0.0,False,6460fd33-fbcd-4766-82cd-f875e15666cc,1f51b345-c749-4ebb-a4ae-cd40e4bd2b37,0.0,3.0,0.0,False,True,False,cb67ea1b-6562-48e3-99e2-c7d66c880c28
Indywidualne Mistrzostwa Polski Middle-Earth SBG 2026 (IMP 2026),4acc2947-7325-4fd3-b6c5-26d158dcfc50,BITWA VI - DOMINATION,7518179b-dd4f-4075-b810-adb3e6526882,FINISHED,271ce452-d5f2-4636-83b6-4c504b6ca762,43,2026-03-08T10:32:19.294Z,c3115808-17b6-4f70-9298-a68cc57e4bd1,4a511f44-0b5e-4f86-b9ea-6db298859c11,11.0,8.0,0.0,,efd9c368-9d2a-465c-b4a1-cd0f0d1b0e4f,8c340f26-1543-4335-8b37-d814614b81f9,5.0,7.0,0.0,False,False,True,8c340f26-1543-4335-8b37-d814614b81f9
Indywidualne Mistrzostwa Polski Middle-Earth SBG 2026 (IMP 2026),4acc2947-7325-4fd3-b6c5-26d158dcfc50,BITWA VI - DOMINATION,7518179b-dd4f-4075-b810-adb3e6526882,FINISHED,d9b85b74-d3f0-487e-8f56-69205c2bd959,44,2026-03-08T10:32:19.294Z,37d83860-9bc4-4997-8f5b-5012c3d78506,72214086-3cc8-4fa1-8520-7a6de92529de,15.0,15.0,0.0,,023f4055-cd9b-4817-9fc8-a793b51bd719,47a7936d-530e-4e10-8518-5a51bbe3ff41,0.0,3.0,0.0,,True,False,72214086-3cc8-4fa1-8520-7a6de92529de
Indywidualne Mistrzostwa Polski Middle-Earth SBG 2026 (IMP 2026),4acc2947-7325-4fd3-b6c5-26d158dcfc50,BITWA VI - DOMINATION,7518179b-dd4f-4075-b810-adb3e6526882,FINISHED,97634748-bf61-4688-bc8c-745238a7755b,45,2026-03-08T10:32:19.294Z,a621225a-9bfd-46d0-9a4b-3e712e8b41ff,7ca2b5ee-c648-4e98-bcba-50d159612ecc,15.0,13.0,0.0,,4764bdb8-d974-492c-bfd0-5fdf8d7b2c4d,6dead819-2363-4244-ab43-933ee534235f,-999.0,3.0,0.0,,False,False,08219a4e-e2d0-4904-b18d-f0320cd8d48b
Indywidualne Mistrzostwa Polski Middle-Earth SBG 2026 (IMP 2026),4acc2947-7325-4fd3-b6c5-26d158dcfc50,BITWA VI - DOMINATION,7518179b-dd4f-4075-b810-adb3e6526882,FINISHED,e9ef3671-d54a-442e-a4c2-6fc2477528c9,46,2026-03-08T10:32:19.294Z,752153ea-3464-4a1b-b8f3-4e8a3bad1c49,ad4836af-7b5d-4389-a937-446249ae3deb,15.0,12.0,0.0,False,19994719-f7f7-41af-99fb-f8ce496be231,d0cc3137-fab5-4977-bfac-cf0a791bd9b0,-999.0,4.0,0.0,,False,False,08219a4e-e2d0-4904-b18d-f0320cd8d48b
Indywidualne Mistrzostwa Polski Middle-Earth SBG 2026 (IMP 2026),4acc2947-7325-4fd3-b6c5-26d158dcfc50,BITWA VI - DOMINATION,7518179b-dd4f-4075-b810-adb3e6526882,FINISHED,6db3e27f-1069-4d5c-9704-6e373203a16d,47,2026-03-08T10:32:19.294Z,b6391c5e-f3f2-4d85-9cce-86047a0fca86,20a238b0-37e6-400b-a2a1-20935ab4cc00,11.0,8.0,0.0,,67e6ce69-4aa7-4d19-b000-fc69dd89d3a3,a66f5a56-1f3b-4944-9a2b-040faa0061e5,5.0,5.0,0.0,True,False,True,a66f5a56-1f3b-4944-9a2b-040faa0061e5
Indywidualne Mistrzostwa Polski Middle-Earth SBG 2026 (IMP 2026),4acc2947-7325-4fd3-b6c5-26d158dcfc50,BITWA VI - DOMINATION,7518179b-dd4f-4075-b810-adb3e6526882,FINISHED,c07ca987-9c8d-4b55-8aa1-6d6ff8134d1a,48,2026-03-08T10:32:19.294Z,58e16998-e4a0-4ca3-be18-092cfe5107a1,6e8fd6ad-52e1-4877-84dc-2fce2d7ab7da,15.0,10.0,0.0,True,ca1fd5da-b5b4-44ca-89d3-1085d64f0d70,e2970df6-81f0-48df-89ac-2c66a06f30e7,0.0,2.0,0.0,True,True,False,6e8fd6ad-52e1-4877-84dc-2fce2d7ab7da
Indywidualne Mistrzostwa Polski Middle-Earth SBG 2026 (IMP 2026),4acc2947-7325-4fd3-b6c5-26d158dcfc50,BITWA VI - DOMINATION,7518179b-dd4f-4075-b810-adb3e6526882,FINISHED,599d9db8-44d8-4fa1-bb4f-27b29dfce958,49,2026-03-08T10:32:19.294Z,30c2d81f-3198-44de-ba3d-7874dd082717,02e912fd-a2c2-4725-a3a6-e9d4fea52a31,0.0,3.0,0.0,,7f33dcae-b091-41af-b487-2fd3fecb1297,7d79e669-7010-4328-bbf5-3f7203dddd9a,15.0,8.0,0.0,False,True,False,02e912fd-a2c2-4725-a3a6-e9d4fea52a31
Indywidualne Mistrzostwa Polski Middle-Earth SBG 2026 (IMP 2026),4acc2947-7325-4fd3-b6c5-26d158dcfc50,BITWA VI - DOMINATION,7518179b-dd4f-4075-b810-adb3e6526882,FINISHED,f309ab83-1e3a-4432-95f6-ae2efbf2d465,50,2026-03-08T10:32:19.294Z,67437804-5103-44c3-b5fd-79184b496194,ef720739-17ce-42ec-a9fb-2c6e361af86f,15.0,17.0,0.0,True,6c129067-6817-49ba-8fda-2bb2b1aaf6bd,2a69f764-5cb1-4177-9200-d58b7117a089,0.0,1.0,0.0,,True,False,ef720739-17ce-42ec-a9fb-2c6e361af86f
Indywidualne Mistrzostwa Polski Middle-Earth SBG 2026 (IMP 2026),4acc2947-7325-4fd3-b6c5-26d158dcfc50,BITWA VI - DOMINATION,7518179b-dd4f-4075-b810-adb3e6526882,FINISHED,8fd0ea31-7309-4a2d-b4d0-c5857c9f6cb8,51,2026-03-08T10:32:19.294Z,c27fbe72-6c16-4f0d-bcdf-b87534866e8c,a6bf8ed5-530f-4135-a0ca-0a34b5f352c0,11.0,9.0,0.0,True,f773c7cf-2263-4150-9529-382a2cac6353,22a23162-8fd8-4dcc-833c-430aafa67491,5.0,7.0,0.0,False,True,False,a6bf8ed5-530f-4135-a0ca-0a34b5f352c0
Indywidualne Mistrzostwa Polski Middle-Earth SBG 2026 (IMP 2026),4acc2947-7325-4fd3-b6c5-26d158dcfc50,BITWA VI - DOMINATION,7518179b-dd4f-4075-b810-adb3e6526882,FINISHED,2a01a497-4e97-4f37-87d1-f569a0b21fc0,52,2026-03-08T10:32:19.294Z,aad35fd2-d585-494a-9c72-6db76e119275,6bfe026e-18ff-45b8-bbfb-57f575b6f81b,0.0,3.0,0.0,True,f8e47d84-b3d3-4da6-8b53-63990e827067,f0b719fd-09d6-4d2a-a87c-bd6e7fcd6990,15.0,5.0,0.0,,False,False,08219a4e-e2d0-4904-b18d-f0320cd8d48b
Indywidualne Mistrzostwa Polski Middle-Earth SBG 2026 (IMP 2026),4acc2947-7325-4fd3-b6c5-26d158dcfc50,BITWA VI - DOMINATION,7518179b-dd4f-4075-b810-adb3e6526882,FINISHED,628f62bb-f31d-4885-8678-75512b3e6092,53,2026-03-08T10:32:19.294Z,f20f5161-7b99-45ca-ac25-f1ecf82a1547,bddd8ac9-5247-4f0a-9a17-4ac7bea1812a,0.0,3.0,0.0,False,4a353a3b-f5db-4330-94de-87f9267a366d,eacb0c29-8302-462e-9e47-c61d95ce5ff3,15.0,14.0,0.0,True,True,False,bddd8ac9-5247-4f0a-9a17-4ac7bea1812a
Indywidualne Mistrzostwa Polski Middle-Earth SBG 2026 (IMP 2026),4acc2947-7325-4fd3-b6c5-26d158dcfc50,BITWA VI - DOMINATION,7518179b-dd4f-4075-b810-adb3e6526882,FINISHED,93991cf1-fd52-44d1-baf6-4d95f317a008,54,2026-03-08T10:32:19.294Z,6b94fcdf-d8df-4af5-8127-a0a15d304f8f,12fc8435-48b6-4a57-a152-4d7ee21ce225,0.0,4.0,0.0,,86561913-13af-44be-b465-51961de72bdb,7f22159a-00df-4a00-9aa9-2f36d60d2455,15.0,11.0,0.0,True,True,True,7f22159a-00df-4a00-9aa9-2f36d60d2455
Indywidualne Mistrzostwa Polski Middle-Earth SBG 2026 (IMP 2026),4acc2947-7325-4fd3-b6c5-26d158dcfc50,BITWA VI - DOMINATION,7518179b-dd4f-4075-b810-adb3e6526882,FINISHED,7f374f23-2786-4941-b85e-b895ea6c1045,55,2026-03-08T10:32:19.294Z,0cbf0d87-1122-4b11-8919-663970ab62d7,cbfbcd40-cbf7-4546-885f-4d061496fe8c,5.0,8.0,0.0,,6fcf190d-1cb1-43ea-980c-9be931a1b0bc,13a4ddbb-8db9-4160-b1e8-372365ed4e8d,11.0,9.0,0.0,False,False,True,13a4ddbb-8db9-4160-b1e8-372365ed4e8d
Indywidualne Mistrzostwa Polski Middle-Earth SBG 2026 (IMP 2026),4acc2947-7325-4fd3-b6c5-26d158dcfc50,BITWA VI - DOMINATION,7518179b-dd4f-4075-b810-adb3e6526882,FINISHED,be648e61-3ec7-41a1-9a74-6220127abd34,56,2026-03-08T10:32:19.294Z,4a28a8eb-ffe8-4399-85b0-7994fc71fa08,65805e1a-2bae-4663-a590-28d09e52152d,11.0,2.0,0.0,False,4c0a6f75-3139-43cc-9bbc-090fccc5f977,4eeae4b0-7922-4c5c-81d6-d8ed10484545,5.0,1.0,0.0,,True,False,65805e1a-2bae-4663-a590-28d09e52152d
Indywidualne Mistrzostwa Polski Middle-Earth SBG 2026 (IMP 2026),4acc2947-7325-4fd3-b6c5-26d158dcfc50,BITWA VI - DOMINATION,7518179b-dd4f-4075-b810-adb3e6526882,FINISHED,1b829bfe-b49e-4c3a-ae6d-a790d7868121,57,2026-03-08T10:32:19.294Z,1d8424c0-e4fd-450b-975e-abe18e1d4fab,27e5fd8e-fc73-48f9-802e-3546fde22d25,11.0,9.0,0.0,,af408c3d-7097-4d3e-ac59-a2d929f79bb5,337cf4cf-c3db-40f2-bccb-d9d98d3928b9,5.0,7.0,0.0,,True,False,27e5fd8e-fc73-48f9-802e-3546fde22d25
Indywidualne Mistrzostwa Polski Middle-Earth SBG 2026 (IMP 2026),4acc2947-7325-4fd3-b6c5-26d158dcfc50,BITWA VI - DOMINATION,7518179b-dd4f-4075-b810-adb3e6526882,FINISHED,b48e740a-a260-4d1c-a132-098ca150594f,58,2026-03-08T10:32:19.294Z,7f1656c7-1a40-4854-a2eb-27ab71c52ebe,bcef8b98-d13e-41a3-a8d0-86063d765955,0.0,1.0,0.0,False,b0751cc0-f06f-4b79-9ef0-cb8d26b42809,639fe636-9845-4b28-8d36-0a0ea855edeb,15.0,14.0,0.0,False,False,True,639fe636-9845-4b28-8d36-0a0ea855edeb
Indywidualne Mistrzostwa Polski Middle-Earth SBG 2026 (IMP 2026),4acc2947-7325-4fd3-b6c5-26d158dcfc50,BITWA VI - DOMINATION,7518179b-dd4f-4075-b810-adb3e6526882,FINISHED,1a899c61-10dc-45c9-9316-9a9c18aa7bc9,59,2026-03-08T10:32:19.294Z,6f606348-a2f2-489a-9a02-f12382877f88,1e2ff82c-8d15-489c-bbfd-dca8a2156d20,-999.0,0.0,,,39cd1485-e261-4350-8f88-f724f736c169,3723b773-cadb-46d3-8758-e1260476e981,-999.0,0.0,,,False,False,08219a4e-e2d0-4904-b18d-f0320cd8d48b
Indywidualne Mistrzostwa Polski Middle-Earth SBG 2026 (IMP 2026),4acc2947-7325-4fd3-b6c5-26d158dcfc50,BITWA VI - DOMINATION,7518179b-dd4f-4075-b810-adb3e6526882,FINISHED,730cf2ac-92ca-42bf-8e37-feadd3ca0538,60,2026-03-08T10:32:19.294Z,06de36c1-4fc5-4c90-a56f-84d1356503ba,4edd7b4a-f5e4-4136-9363-aa93d7e9b8e3,-999.0,0.0,,,f1dc3b2b-7d3d-4b35-acc6-25c58feaff92,627d904e-046e-45b7-b7ec-d237aafc54c1,-999.0,0.0,,,False,False,08219a4e-e2d0-4904-b18d-f0320cd8d48b
Indywidualne Mistrzostwa Polski Middle-Earth SBG 2026 (IMP 2026),4acc2947-7325-4fd3-b6c5-26d158dcfc50,BITWA VI - DOMINATION,7518179b-dd4f-4075-b810-adb3e6526882,FINISHED,f632580a-e0d0-4470-9b2a-db61460c635c,61,2026-03-08T10:32:19.294Z,32f64cfe-96bc-4013-8976-6e08e9890f7d,ea7e3e0d-3a78-4a90-8ca4-a55e6505cf5a,-999.0,0.0,,,31b34449-fc4a-4fdc-933f-37c3d5c65a3b,40ebe707-6a6c-4a85-aff5-58b2d0493daa,-999.0,0.0,,,False,False,08219a4e-e2d0-4904-b18d-f0320cd8d48b
Indywidualne Mistrzostwa Polski Middle-Earth SBG 2026 (IMP 2026),4acc2947-7325-4fd3-b6c5-26d158dcfc50,BITWA VI - DOMINATION,7518179b-dd4f-4075-b810-adb3e6526882,FINISHED,317c63f9-d2cf-475f-a19c-1eafe762ca87,62,2026-03-08T10:32:19.294Z,691352a9-5c8c-4ceb-95f8-5d2f99dd6b7f,13e9bcf5-c291-4537-b0aa-29592b68612f,-999.0,0.0,,,02baa7ba-cc36-4724-b88b-8c5b0eb92698,64a59e06-3985-4400-b26f-6528e57ac2d7,-999.0,0.0,,,False,False,08219a4e-e2d0-4904-b18d-f0320cd8d48b
Indywidualne Mistrzostwa Polski Middle-Earth SBG 2026 (IMP 2026),4acc2947-7325-4fd3-b6c5-26d158dcfc50,BITWA VI - DOMINATION,7518179b-dd4f-4075-b810-adb3e6526882,FINISHED,3a0e80c2-fe14-4bd8-b0e1-8d54947e3b26,63,2026-03-08T10:32:19.294Z,77728d1c-b55a-4219-9a63-0dc1193db286,c7b8c4fa-78e2-4f83-994b-6828dd39ddd1,-999.0,0.0,,,03f6dd30-4fd1-4ce1-ab58-d69524935b42,85e858a0-eb30-4b0d-8622-f6bdbc8c12e8,-999.0,0.0,,,False,False,08219a4e-e2d0-4904-b18d-f0320cd8d48b
Indywidualne Mistrzostwa Polski Middle-Earth SBG 2026 (IMP 2026),4acc2947-7325-4fd3-b6c5-26d158dcfc50,BITWA VI - DOMINATION,7518179b-dd4f-4075-b810-adb3e6526882,FINISHED,a6e5e5a3-230f-4d33-9881-78b782a38c96,64,2026-03-08T10:32:19.294Z,e2472521-7177-43cd-9f38-2fe884a5412f,c70f135f-cff3-481e-b4de-25725df57a2c,-999.0,0.0,,,d9b8d988-152f-4be8-904f-ba96b9c5fefa,d7deccf7-cc03-46b4-a9a0-6e6e66317298,-999.0,0.0,,,False,False,08219a4e-e2d0-4904-b18d-f0320cd8d48b
Indywidualne Mistrzostwa Polski Middle-Earth SBG 2026 (IMP 2026),4acc2947-7325-4fd3-b6c5-26d158dcfc50,BITWA VI - DOMINATION,7518179b-dd4f-4075-b810-adb3e6526882,FINISHED,f948f509-f969-4a01-b2b1-8e34fb5fb3d9,65,2026-03-08T10:32:19.294Z,2be07de1-c579-4254-8e2e-df86061bb178,27c4c004-c8f1-436b-b449-0dbd8a0f08fa,-999.0,0.0,,,,,,,,,False,False,08219a4e-e2d0-4904-b18d-f0320cd8d48b
Indywidualne Mistrzostwa Polski Middle-Earth SBG 2026 (IMP 2026),4acc2947-7325-4fd3-b6c5-26d158dcfc50,BITWA V - LEAD FROM THE FRONT,cb2aab44-4510-48ab-b863-e52dc4129e9a,FINISHED,de4aa3e6-7b00-49b9-aab7-f6c9f74de292,0,2026-03-08T07:59:11.079Z,d903f726-1f76-4622-9055-d41ba5581cf7,93cda88b-c976-4e61-8f65-9a5a5f1ecf7b,0.0,2.0,0.0,False,bfdb87f1-2d2d-49bd-af2d-3c975d78b954,804c4802-b3bc-41ec-9f1b-de92ffe4897e,15.0,5.0,0.0,False,False,True,804c4802-b3bc-41ec-9f1b-de92ffe4897e
Indywidualne Mistrzostwa Polski Middle-Earth SBG 2026 (IMP 2026),4acc2947-7325-4fd3-b6c5-26d158dcfc50,BITWA V - LEAD FROM THE FRONT,cb2aab44-4510-48ab-b863-e52dc4129e9a,FINISHED,c55b2cd0-d7d6-45c3-9079-fa8dda046c07,1,2026-03-08T07:59:11.079Z,c24654fd-8f30-4c29-91cc-a50e7fddfba4,9e5a191c-e93a-436d-b7b0-95d223dd6e2e,5.0,5.0,0.0,False,b97f8162-da4c-43b2-92d9-b12a3b2c8e9c,21c12fb0-4289-4df3-8bad-f18c2a49fd0d,11.0,6.0,0.0,False,True,False,9e5a191c-e93a-436d-b7b0-95d223dd6e2e
Indywidualne Mistrzostwa Polski Middle-Earth SBG 2026 (IMP 2026),4acc2947-7325-4fd3-b6c5-26d158dcfc50,BITWA V - LEAD FROM THE FRONT,cb2aab44-4510-48ab-b863-e52dc4129e9a,FINISHED,9f44f89d-ecb1-4d43-b2f6-0560973a7b1e,2,2026-03-08T07:59:11.079Z,a0b43172-5f41-46fe-b9a5-130c85c9f300,88eff5e1-e5fa-40df-ac60-dd5cb0c71bad,7.0,5.0,0.0,False,f1bda837-62c1-4c4e-9e2e-712403cc1b44,081b732c-68ef-4404-bf2c-b56519b96acd,7.0,5.0,0.0,False,True,False,88eff5e1-e5fa-40df-ac60-dd5cb0c71bad
Indywidualne Mistrzostwa Polski Middle-Earth SBG 2026 (IMP 2026),4acc2947-7325-4fd3-b6c5-26d158dcfc50,BITWA V - LEAD FROM THE FRONT,cb2aab44-4510-48ab-b863-e52dc4129e9a,FINISHED,eb21fb8b-ca56-4aed-b26f-ff8325e6eb2b,3,2026-03-08T07:59:11.079Z,1611e028-8346-45a5-b39d-92d8e7d2a069,4c85220b-667f-4d0b-b719-9c9ae145792d,15.0,12.0,0.0,False,121c5c54-d331-4dc4-bf06-9ab6e1b409be,a5f615bb-a42a-4084-98e7-426a4b15d6ac,0.0,3.0,0.0,False,True,False,4c85220b-667f-4d0b-b719-9c9ae145792d
Indywidualne Mistrzostwa Polski Middle-Earth SBG 2026 (IMP 2026),4acc2947-7325-4fd3-b6c5-26d158dcfc50,BITWA V - LEAD FROM THE FRONT,cb2aab44-4510-48ab-b863-e52dc4129e9a,FINISHED,5486ba0c-4291-4bca-9fd3-97fdc1716218,4,2026-03-08T07:59:11.079Z,ebd92eb3-5038-401a-8d12-678cc8d4e3c5,475ff286-fcbc-4c49-bac5-e3002c4bdf14,0.0,2.0,0.0,False,8120901e-1e56-417b-8d3d-cf7185dca593,c451779b-6172-4e1a-acbd-1b387949849d,15.0,13.0,0.0,False,False,True,c451779b-6172-4e1a-acbd-1b387949849d
Indywidualne Mistrzostwa Polski Middle-Earth SBG 2026 (IMP 2026),4acc2947-7325-4fd3-b6c5-26d158dcfc50,BITWA V - LEAD FROM THE FRONT,cb2aab44-4510-48ab-b863-e52dc4129e9a,FINISHED,a3b8c646-73e4-43b1-b2cd-43a524d14307,5,2026-03-08T07:59:11.079Z,29d8e525-8164-4fad-a26d-1446aefd49ac,9357ea2e-af38-453d-9c2f-b828d5ccdfb6,0.0,4.0,0.0,True,9e2b558f-01bc-4c30-9476-9ed79d25cfc4,8076af08-a8fe-455c-8c1a-2e5d7f2ad3eb,15.0,16.0,0.0,True,False,True,8076af08-a8fe-455c-8c1a-2e5d7f2ad3eb
Indywidualne Mistrzostwa Polski Middle-Earth SBG 2026 (IMP 2026),4acc2947-7325-4fd3-b6c5-26d158dcfc50,BITWA V - LEAD FROM THE FRONT,cb2aab44-4510-48ab-b863-e52dc4129e9a,FINISHED,cdb97293-d5ee-4d55-9e95-9b5e7a4284c3,6,2026-03-08T07:59:11.079Z,0c603feb-ba2b-4cfb-a285-2b5156f628aa,71f045ad-ce24-4e8b-865a-1dc0f634a42d,0.0,2.0,0.0,True,2dc2f6c9-c73c-48ef-85e9-e133179b97b8,bd51334f-700f-46ea-9801-7fa43e9c53d0,15.0,9.0,0.0,False,False,True,bd51334f-700f-46ea-9801-7fa43e9c53d0
Indywidualne Mistrzostwa Polski Middle-Earth SBG 2026 (IMP 2026),4acc2947-7325-4fd3-b6c5-26d158dcfc50,BITWA V - LEAD FROM THE FRONT,cb2aab44-4510-48ab-b863-e52dc4129e9a,FINISHED,9b5c4f47-15a2-4d37-a96f-4d153a236b23,7,2026-03-08T07:59:11.079Z,51e604ed-3ced-421e-9f9d-71c59a2cae50,5dd629bc-7618-4bd4-9b02-0c13fc7b7a34,15.0,9.0,0.0,True,70cfa7d9-7e23-455c-8d94-39fb16a8bd7b,3d714876-1192-47cf-a91e-7158e7e6c608,0.0,3.0,0.0,False,True,False,5dd629bc-7618-4bd4-9b02-0c13fc7b7a34
Indywidualne Mistrzostwa Polski Middle-Earth SBG 2026 (IMP 2026),4acc2947-7325-4fd3-b6c5-26d158dcfc50,BITWA V - LEAD FROM THE FRONT,cb2aab44-4510-48ab-b863-e52dc4129e9a,FINISHED,6697ea72-e59b-413e-b865-3331174a3d33,8,2026-03-08T07:59:11.079Z,79ae48da-021f-45d2-abb7-78f74b148d19,5f6a7ffa-1a94-4176-a2f0-42f18d04a39e,15.0,20.0,0.0,True,56d37b26-b031-497f-a9cc-f3a9eaab1a0c,4e8fbce8-9600-4b61-af86-6731e366fce3,0.0,2.0,0.0,True,True,False,5f6a7ffa-1a94-4176-a2f0-42f18d04a39e
Indywidualne Mistrzostwa Polski Middle-Earth SBG 2026 (IMP 2026),4acc2947-7325-4fd3-b6c5-26d158dcfc50,BITWA V - LEAD FROM THE FRONT,cb2aab44-4510-48ab-b863-e52dc4129e9a,FINISHED,c7e28be3-c116-4619-b77c-8aba09fec73d,9,2026-03-08T07:59:11.079Z,397e935f-c4ba-486b-9b77-eafc5c385d64,b6f0e023-257d-472b-af43-78e56d559cae,0.0,7.0,0.0,False,abecb205-4ecb-437e-902c-2024bcdf8751,7825ed24-d5e7-4e12-b627-23c81c278c00,15.0,14.0,0.0,,False,True,7825ed24-d5e7-4e12-b627-23c81c278c00
Indywidualne Mistrzostwa Polski Middle-Earth SBG 2026 (IMP 2026),4acc2947-7325-4fd3-b6c5-26d158dcfc50,BITWA V - LEAD FROM THE FRONT,cb2aab44-4510-48ab-b863-e52dc4129e9a,FINISHED,4c791d6c-4668-47c5-b1b1-9569b20f4208,10,2026-03-08T07:59:11.079Z,3eb92b04-9f07-48d9-a300-8f889bd9ae38,1403a8fb-39a4-4e2f-b6cd-5d7e334df789,11.0,6.0,0.0,True,924c1753-a0c7-4cc1-ba40-09d3b144ae1f,15e5a444-91c2-43fe-8b7b-c927354ca51a,5.0,4.0,0.0,False,False,True,15e5a444-91c2-43fe-8b7b-c927354ca51a
Indywidualne Mistrzostwa Polski Middle-Earth SBG 2026 (IMP 2026),4acc2947-7325-4fd3-b6c5-26d158dcfc50,BITWA V - LEAD FROM THE FRONT,cb2aab44-4510-48ab-b863-e52dc4129e9a,FINISHED,1b38b376-51cc-4f90-a831-b7468a1c9e15,11,2026-03-08T07:59:11.079Z,fe346b62-bfd4-4089-9b44-a2547c967d16,a8c5dace-3769-45a7-9812-c134eda0fcae,15.0,8.0,0.0,False,abc49c0e-3451-4606-a453-64120e204289,2f1215b6-dd3c-44cc-9604-ee8e4b42553c,0.0,3.0,0.0,False,True,False,a8c5dace-3769-45a7-9812-c134eda0fcae
Indywidualne Mistrzostwa Polski Middle-Earth SBG 2026 (IMP 2026),4acc2947-7325-4fd3-b6c5-26d158dcfc50,BITWA V - LEAD FROM THE FRONT,cb2aab44-4510-48ab-b863-e52dc4129e9a,FINISHED,e881a520-f7e6-4d73-bf6d-1d4d01c439db,12,2026-03-08T07:59:11.079Z,c4e5916f-5a43-46f3-ba60-59de1a167fc4,e99aafd2-d310-49bd-b0d5-b12b6acd1600,15.0,14.0,0.0,,261d0be7-d324-4f31-98e8-53bbe81e2af3,222c2b52-47fd-4345-a6ec-a83ee05ccb12,0.0,5.0,0.0,False,True,False,e99aafd2-d310-49bd-b0d5-b12b6acd1600
Indywidualne Mistrzostwa Polski Middle-Earth SBG 2026 (IMP 2026),4acc2947-7325-4fd3-b6c5-26d158dcfc50,BITWA V - LEAD FROM THE FRONT,cb2aab44-4510-48ab-b863-e52dc4129e9a,FINISHED,402d2ffc-7196-4103-a427-faeef323bb60,13,2026-03-08T07:59:11.079Z,cc6bc8ab-81a9-4198-b389-3951323da0f8,7fa5ba4b-28df-44e8-a4f2-d87072e98a2b,5.0,6.0,0.0,False,a1ec041a-f4da-47b3-8ebe-5aa729c4c45f,9d5bc521-d1ac-416e-952c-926b6aef9e60,11.0,11.0,0.0,False,False,True,9d5bc521-d1ac-416e-952c-926b6aef9e60
Indywidualne Mistrzostwa Polski Middle-Earth SBG 2026 (IMP 2026),4acc2947-7325-4fd3-b6c5-26d158dcfc50,BITWA V - LEAD FROM THE FRONT,cb2aab44-4510-48ab-b863-e52dc4129e9a,FINISHED,1aa40761-aad4-4f8b-befa-5c7fc588fa41,14,2026-03-08T07:59:11.079Z,9524705c-6ae0-4849-bfbe-5eaad0363e18,6bbae723-3f56-4f46-b886-e4f179c50e93,5.0,5.0,0.0,False,0220b3cd-6478-445b-bc99-ce7cf236b6a8,457f9c1a-0e9a-4c0e-ae41-7f00e3646fba,11.0,8.0,0.0,,True,True,457f9c1a-0e9a-4c0e-ae41-7f00e3646fba
Indywidualne Mistrzostwa Polski Middle-Earth SBG 2026 (IMP 2026),4acc2947-7325-4fd3-b6c5-26d158dcfc50,BITWA V - LEAD FROM THE FRONT,cb2aab44-4510-48ab-b863-e52dc4129e9a,FINISHED,e28f5113-ae0a-4b7a-a158-2b3e0fd3bbfc,15,2026-03-08T07:59:11.079Z,11524ca9-1c21-4758-b56a-0e07c1f7af1e,1e4b9bdf-6062-4736-aef3-52bc568f8803,0.0,1.0,0.0,True,db545110-3850-427a-aa9d-a29f113de6ff,8e40b208-0e62-4a37-8228-f003566dc4a7,15.0,10.0,0.0,True,False,True,8e40b208-0e62-4a37-8228-f003566dc4a7
Indywidualne Mistrzostwa Polski Middle-Earth SBG 2026 (IMP 2026),4acc2947-7325-4fd3-b6c5-26d158dcfc50,BITWA V - LEAD FROM THE FRONT,cb2aab44-4510-48ab-b863-e52dc4129e9a,FINISHED,b50a7573-8352-4970-b88a-f79f382299b2,16,2026-03-08T07:59:11.079Z,2527fda4-c0c3-4df1-a41f-441383c7efbc,a15d42d2-401a-42d5-a0e7-e8f88c780302,15.0,20.0,0.0,,b2942017-c62f-4f7e-890d-d3034c55b040,6fbfdbec-7d0c-4900-a4a5-7bdf560ca7a2,0.0,0.0,0.0,False,True,False,a15d42d2-401a-42d5-a0e7-e8f88c780302
Indywidualne Mistrzostwa Polski Middle-Earth SBG 2026 (IMP 2026),4acc2947-7325-4fd3-b6c5-26d158dcfc50,BITWA V - LEAD FROM THE FRONT,cb2aab44-4510-48ab-b863-e52dc4129e9a,FINISHED,1cc9fab1-64e7-486a-9ef2-677e7c0e3a8e,17,2026-03-08T07:59:11.079Z,fc3cfa9f-c8f7-45de-baf8-21044d4160f9,48655433-fa77-4b22-b13e-a33b593f1a57,5.0,6.0,0.0,False,4f3d1bc7-992b-44cd-875b-81944f8b384b,6df80142-0804-43f3-910e-3d51131586cf,11.0,10.0,0.0,True,False,True,6df80142-0804-43f3-910e-3d51131586cf
Indywidualne Mistrzostwa Polski Middle-Earth SBG 2026 (IMP 2026),4acc2947-7325-4fd3-b6c5-26d158dcfc50,BITWA V - LEAD FROM THE FRONT,cb2aab44-4510-48ab-b863-e52dc4129e9a,FINISHED,f959a6cf-5f12-477c-a7c3-f295729bf99a,18,2026-03-08T07:59:11.079Z,f6cddb1c-d9c7-44b1-8905-a85ec774cb07,bff31d63-a3e1-44f4-a02b-c9649b590cc2,15.0,6.0,0.0,False,4dd7d33d-caa5-47df-8754-182ca847e11a,a10c88af-658f-4dbe-bb23-533f04cdfa24,0.0,2.0,0.0,False,True,False,bff31d63-a3e1-44f4-a02b-c9649b590cc2
Indywidualne Mistrzostwa Polski Middle-Earth SBG 2026 (IMP 2026),4acc2947-7325-4fd3-b6c5-26d158dcfc50,BITWA V - LEAD FROM THE FRONT,cb2aab44-4510-48ab-b863-e52dc4129e9a,FINISHED,d7cab677-7240-4573-831e-8613b16b681c,19,2026-03-08T07:59:11.079Z,f35bc1b0-fcf6-45db-8ae4-827d4f23dd9d,0ad1e880-3db6-4577-84e8-1f7bb3702572,7.0,4.0,0.0,,fbe3eb0c-6595-47fb-8336-607992360f7d,5f55d7f6-e77c-45a0-b083-60691560a665,7.0,4.0,0.0,True,False,True,5f55d7f6-e77c-45a0-b083-60691560a665
Indywidualne Mistrzostwa Polski Middle-Earth SBG 2026 (IMP 2026),4acc2947-7325-4fd3-b6c5-26d158dcfc50,BITWA V - LEAD FROM THE FRONT,cb2aab44-4510-48ab-b863-e52dc4129e9a,FINISHED,4972b3a7-7af4-433c-9a57-6e5c20bd9850,20,2026-03-08T07:59:11.079Z,d9595655-c324-4331-8333-078a489aeda8,cd36b01c-87a1-47c9-b877-a65940b24b12,15.0,9.0,0.0,False,99fe6019-a3c1-4341-9f60-0f50f30588c4,b746219c-415e-46e0-8143-e8cbc9ae71d0,0.0,3.0,0.0,,False,True,b746219c-415e-46e0-8143-e8cbc9ae71d0
Indywidualne Mistrzostwa Polski Middle-Earth SBG 2026 (IMP 2026),4acc2947-7325-4fd3-b6c5-26d158dcfc50,BITWA V - LEAD FROM THE FRONT,cb2aab44-4510-48ab-b863-e52dc4129e9a,FINISHED,e8f7f6d3-9630-414f-ac32-c89be3fd667b,21,2026-03-08T07:59:11.079Z,c8b1a5b2-19ee-4ca2-9824-7c0ae7bc4298,970b04fa-4663-4c49-8a54-756a10c82c07,5.0,2.0,0.0,False,e77799bd-de52-4f0e-99bb-cc8461ae6009,ef46c5bc-e9ab-450b-85f5-4b88323ef1b8,11.0,4.0,0.0,True,False,True,ef46c5bc-e9ab-450b-85f5-4b88323ef1b8
Indywidualne Mistrzostwa Polski Middle-Earth SBG 2026 (IMP 2026),4acc2947-7325-4fd3-b6c5-26d158dcfc50,BITWA V - LEAD FROM THE FRONT,cb2aab44-4510-48ab-b863-e52dc4129e9a,FINISHED,ea423cca-3c09-4419-b882-e4b76bdb9b5c,22,2026-03-08T07:59:11.079Z,57cf4df4-6f85-4929-b5f9-2250d773dbd2,6841eef6-931a-4375-ae1b-79843a97a82e,0.0,2.0,0.0,,79467623-e45d-4af9-b5cb-46af638f5cbe,b0eedad6-3e96-47d3-a85d-4d3f56d1acb3,15.0,16.0,0.0,,False,True,b0eedad6-3e96-47d3-a85d-4d3f56d1acb3
Indywidualne Mistrzostwa Polski Middle-Earth SBG 2026 (IMP 2026),4acc2947-7325-4fd3-b6c5-26d158dcfc50,BITWA V - LEAD FROM THE FRONT,cb2aab44-4510-48ab-b863-e52dc4129e9a,FINISHED,546b11fd-1230-4abf-8772-b4dd5026e441,23,2026-03-08T07:59:11.079Z,0af63f19-77d5-4c66-925f-238126bccbd6,813e33d8-2b98-45ed-8c3c-00af33dd4697,15.0,12.0,0.0,True,7cc343f3-cb13-4867-b958-52c7aec7daba,62553300-be05-4e64-a57e-a9d7ea1b9e88,0.0,6.0,0.0,True,True,False,813e33d8-2b98-45ed-8c3c-00af33dd4697
Indywidualne Mistrzostwa Polski Middle-Earth SBG 2026 (IMP 2026),4acc2947-7325-4fd3-b6c5-26d158dcfc50,BITWA V - LEAD FROM THE FRONT,cb2aab44-4510-48ab-b863-e52dc4129e9a,FINISHED,18a32cec-c4ce-4414-8753-50b54121a479,24,2026-03-08T07:59:11.079Z,ef8afce2-a498-419e-a800-a3b14fce5d12,1279e92f-2cd2-4ab8-855a-9630a43d2c60,0.0,2.0,0.0,False,c2bd50c6-1567-4a64-bf12-7b7da8978aaa,76870d30-055b-4a89-a141-78ef032269f2,15.0,6.0,0.0,True,False,True,76870d30-055b-4a89-a141-78ef032269f2
Indywidualne Mistrzostwa Polski Middle-Earth SBG 2026 (IMP 2026),4acc2947-7325-4fd3-b6c5-26d158dcfc50,BITWA V - LEAD FROM THE FRONT,cb2aab44-4510-48ab-b863-e52dc4129e9a,FINISHED,500c5786-700d-437e-b341-cf0002ccf101,25,2026-03-08T07:59:11.079Z,c91be1f2-9cc0-43a0-a339-cd507cb0db27,bbe7d7b9-232d-4b4d-a17a-5f4c72ea758b,5.0,5.0,0.0,True,8d5e8ecc-3319-4b0f-b7d3-f979125e389d,d70e3320-c102-4867-b84f-be1398cfbf01,11.0,8.0,0.0,True,False,True,d70e3320-c102-4867-b84f-be1398cfbf01
Indywidualne Mistrzostwa Polski Middle-Earth SBG 2026 (IMP 2026),4acc2947-7325-4fd3-b6c5-26d158dcfc50,BITWA V - LEAD FROM THE FRONT,cb2aab44-4510-48ab-b863-e52dc4129e9a,FINISHED,d13ac39f-d602-4f90-971b-7b22c6ebd60e,26,2026-03-08T07:59:11.079Z,975be438-a348-40cb-aebf-f3b5babc2ef6,9fa82917-385d-469e-84c0-8db3e5214cd5,15.0,6.0,0.0,True,7173b74d-2e35-4a3c-9e0d-a8ae7bb4cb63,9f838a1a-8b9b-4c57-9faa-251f6768a5e9,0.0,2.0,0.0,False,False,True,9f838a1a-8b9b-4c57-9faa-251f6768a5e9
Indywidualne Mistrzostwa Polski Middle-Earth SBG 2026 (IMP 2026),4acc2947-7325-4fd3-b6c5-26d158dcfc50,BITWA V - LEAD FROM THE FRONT,cb2aab44-4510-48ab-b863-e52dc4129e9a,FINISHED,1d6991f9-40ad-4d2d-a2c9-b03b02ebfe92,27,2026-03-08T07:59:11.079Z,7988570d-3fa7-4cde-914c-1e46159b1f40,e11c9221-5fee-4a26-b4a8-23f3ee654de2,5.0,6.0,0.0,True,588b1207-c2a1-4762-9f1b-7381b4f413e4,d1928738-701d-4759-abe9-ff1123a28015,11.0,7.0,0.0,True,False,True,d1928738-701d-4759-abe9-ff1123a28015
Indywidualne Mistrzostwa Polski Middle-Earth SBG 2026 (IMP 2026),4acc2947-7325-4fd3-b6c5-26d158dcfc50,BITWA V - LEAD FROM THE FRONT,cb2aab44-4510-48ab-b863-e52dc4129e9a,FINISHED,755dec46-b0d3-4922-9838-95ccd7a0c325,28,2026-03-08T07:59:11.079Z,aaae9f45-521c-49a4-a316-8b33d1c7cd3a,a6fc8598-2a54-4bb6-bbe1-4501ff1cee61,15.0,6.0,0.0,,c891f568-dbb0-4063-b750-ce99c10da11f,de5cbcdc-3bbc-430b-a716-53b4792437f9,0.0,3.0,0.0,True,True,False,a6fc8598-2a54-4bb6-bbe1-4501ff1cee61
Indywidualne Mistrzostwa Polski Middle-Earth SBG 2026 (IMP 2026),4acc2947-7325-4fd3-b6c5-26d158dcfc50,BITWA V - LEAD FROM THE FRONT,cb2aab44-4510-48ab-b863-e52dc4129e9a,FINISHED,3409b60d-2798-417e-9183-80ffc562b13e,29,2026-03-08T07:59:11.079Z,5e154caa-64e3-427a-98bd-1a63c925fca5,774afb8c-8f87-46dc-823e-a82621336e4f,0.0,1.0,0.0,False,7a62aa9f-b9c6-4130-a4e0-954f6bdb0355,224b8d3d-7e1f-4095-853a-088883879195,15.0,10.0,0.0,True,False,True,224b8d3d-7e1f-4095-853a-088883879195
Indywidualne Mistrzostwa Polski Middle-Earth SBG 2026 (IMP 2026),4acc2947-7325-4fd3-b6c5-26d158dcfc50,BITWA V - LEAD FROM THE FRONT,cb2aab44-4510-48ab-b863-e52dc4129e9a,FINISHED,4f388a35-d267-4358-a5d2-069416a0cba6,30,2026-03-08T07:59:11.079Z,12084ce6-b924-4ba8-afb2-3ecfdd8c4516,93d647e6-e5b4-4797-8941-dcfb38fd8b6e,0.0,3.0,0.0,,960ca7d5-0c2a-4b80-9b40-a82d6d026248,448193ff-e2b4-4650-898a-1dd8dc3fd5e1,15.0,10.0,0.0,,False,True,448193ff-e2b4-4650-898a-1dd8dc3fd5e1
Indywidualne Mistrzostwa Polski Middle-Earth SBG 2026 (IMP 2026),4acc2947-7325-4fd3-b6c5-26d158dcfc50,BITWA V - LEAD FROM THE FRONT,cb2aab44-4510-48ab-b863-e52dc4129e9a,FINISHED,5213cb88-05db-46e5-bc94-13350811e512,31,2026-03-08T07:59:11.079Z,19202ace-6bb2-4a4b-b421-5aa37c543aaa,aa674303-96e8-485b-b3f9-815be61d14dc,15.0,10.0,0.0,,a10ad1d9-7b67-4347-a915-ea885cd5812a,cb67ea1b-6562-48e3-99e2-c7d66c880c28,0.0,1.0,0.0,True,True,False,aa674303-96e8-485b-b3f9-815be61d14dc
Indywidualne Mistrzostwa Polski Middle-Earth SBG 2026 (IMP 2026),4acc2947-7325-4fd3-b6c5-26d158dcfc50,BITWA V - LEAD FROM THE FRONT,cb2aab44-4510-48ab-b863-e52dc4129e9a,FINISHED,b87e2851-ef53-49c5-999f-e22f0a2a47ae,32,2026-03-08T07:59:11.079Z,d41cfaf4-af14-4399-b72e-f0631c159916,6f641816-8973-4f1f-b906-3b33d5710be9,0.0,4.0,0.0,True,f33562c4-9903-4021-a052-0def82007a63,f5bcca05-14a2-4c47-8a81-379d5c4ee992,15.0,9.0,0.0,True,False,True,f5bcca05-14a2-4c47-8a81-379d5c4ee992
Indywidualne Mistrzostwa Polski Middle-Earth SBG 2026 (IMP 2026),4acc2947-7325-4fd3-b6c5-26d158dcfc50,BITWA V - LEAD FROM THE FRONT,cb2aab44-4510-48ab-b863-e52dc4129e9a,FINISHED,d357a925-aee5-457d-9ae6-7406041111b8,33,2026-03-08T07:59:11.079Z,fbbb04fc-098b-4a45-b595-d8c90df19a0b,7508e7c6-6d9d-46a3-a29f-dc70f0917a46,0.0,4.0,0.0,False,4d2ef712-793e-489c-adef-800d0da14bcc,ac23a3ec-2b0f-4d94-8575-948ae2f7eb83,15.0,13.0,0.0,True,False,True,ac23a3ec-2b0f-4d94-8575-948ae2f7eb83
Indywidualne Mistrzostwa Polski Middle-Earth SBG 2026 (IMP 2026),4acc2947-7325-4fd3-b6c5-26d158dcfc50,BITWA V - LEAD FROM THE FRONT,cb2aab44-4510-48ab-b863-e52dc4129e9a,FINISHED,2df71d00-a9b3-48b2-ab4e-61129d0d15ad,34,2026-03-08T07:59:11.079Z,da666196-d9b4-4b01-900f-5bbb508c46fb,4a511f44-0b5e-4f86-b9ea-6db298859c11,0.0,6.0,0.0,,f196fd32-03b5-46a8-b900-99f09d4c10a0,d1219f2e-d585-4ce6-979c-9b1ba239894a,15.0,15.0,0.0,True,False,True,d1219f2e-d585-4ce6-979c-9b1ba239894a
Indywidualne Mistrzostwa Polski Middle-Earth SBG 2026 (IMP 2026),4acc2947-7325-4fd3-b6c5-26d158dcfc50,BITWA V - LEAD FROM THE FRONT,cb2aab44-4510-48ab-b863-e52dc4129e9a,FINISHED,4bacc38c-c86c-4705-904e-99fb733eb5cd,35,2026-03-08T07:59:11.079Z,57b498d7-5f3e-480e-ae4b-16998dd246d7,77909618-f8dc-4991-922b-1e21528fbcde,11.0,9.0,0.0,True,db02a419-4fd5-4ca6-83dd-99afe9ec71be,0b9e69bb-46e8-4b18-949b-c788fd37fe1e,5.0,8.0,0.0,False,True,False,77909618-f8dc-4991-922b-1e21528fbcde
Indywidualne Mistrzostwa Polski Middle-Earth SBG 2026 (IMP 2026),4acc2947-7325-4fd3-b6c5-26d158dcfc50,BITWA V - LEAD FROM THE FRONT,cb2aab44-4510-48ab-b863-e52dc4129e9a,FINISHED,e05d5942-ef37-4de6-a2b4-d4ac9c0e220d,36,2026-03-08T07:59:11.079Z,14b91f21-9bb7-475f-9360-4dd000428902,bbbe191e-78cb-42d6-acc6-fd53718b1fd2,15.0,12.0,0.0,False,d1580536-732c-44d2-90e1-e33340be34be,6dead819-2363-4244-ab43-933ee534235f,0.0,5.0,0.0,False,False,False,08219a4e-e2d0-4904-b18d-f0320cd8d48b
Indywidualne Mistrzostwa Polski Middle-Earth SBG 2026 (IMP 2026),4acc2947-7325-4fd3-b6c5-26d158dcfc50,BITWA V - LEAD FROM THE FRONT,cb2aab44-4510-48ab-b863-e52dc4129e9a,FINISHED,ad0415d8-d97c-4bd6-a01a-46d1778cb99a,37,2026-03-08T07:59:11.079Z,a7500f70-d7e9-43a8-ad74-96b77e1e509f,ad4836af-7b5d-4389-a937-446249ae3deb,0.0,0.0,0.0,True,c914c15f-f703-4981-b932-d0d06dfb16e6,69a11808-e3ca-44e5-9ac0-e4d735625b21,15.0,11.0,0.0,,True,False,ad4836af-7b5d-4389-a937-446249ae3deb
Indywidualne Mistrzostwa Polski Middle-Earth SBG 2026 (IMP 2026),4acc2947-7325-4fd3-b6c5-26d158dcfc50,BITWA V - LEAD FROM THE FRONT,cb2aab44-4510-48ab-b863-e52dc4129e9a,FINISHED,a8f457a1-d9ef-45e1-b224-467589c591ee,38,2026-03-08T07:59:11.079Z,934de0fc-91b5-4029-b63b-8c5157d60144,1857125d-c4f2-4a84-a26c-18ff4acbbcaf,15.0,5.0,0.0,True,e43e4a95-f084-4658-bf17-4eb58d4a167c,d0cc3137-fab5-4977-bfac-cf0a791bd9b0,0.0,2.0,0.0,,True,False,1857125d-c4f2-4a84-a26c-18ff4acbbcaf
Indywidualne Mistrzostwa Polski Middle-Earth SBG 2026 (IMP 2026),4acc2947-7325-4fd3-b6c5-26d158dcfc50,BITWA V - LEAD FROM THE FRONT,cb2aab44-4510-48ab-b863-e52dc4129e9a,FINISHED,1de23ec6-3c67-4bc3-bf72-4a624ffb69da,39,2026-03-08T07:59:11.079Z,f008326b-fffa-4e3c-b0f9-9f09e3cd78b5,5aa7d708-6938-4f9e-b4d9-ef2e49b6f5f5,5.0,6.0,0.0,False,abaa5009-bacd-4636-b3bb-116dec33e9db,b8dd1de2-9dd2-40d6-8a9b-5b3403be9f37,11.0,11.0,0.0,True,False,True,b8dd1de2-9dd2-40d6-8a9b-5b3403be9f37
Indywidualne Mistrzostwa Polski Middle-Earth SBG 2026 (IMP 2026),4acc2947-7325-4fd3-b6c5-26d158dcfc50,BITWA V - LEAD FROM THE FRONT,cb2aab44-4510-48ab-b863-e52dc4129e9a,FINISHED,3b36a8a6-2d8e-4f8b-b88a-219ac94abda9,40,2026-03-08T07:59:11.079Z,993b5c18-b14d-4b67-92b1-51e58d962e74,68bf04f5-3d30-4e15-9d0e-10ff004496e9,15.0,14.0,0.0,True,89389bed-196c-4866-a974-b80344d5af14,02e912fd-a2c2-4725-a3a6-e9d4fea52a31,0.0,6.0,0.0,,False,True,02e912fd-a2c2-4725-a3a6-e9d4fea52a31
Indywidualne Mistrzostwa Polski Middle-Earth SBG 2026 (IMP 2026),4acc2947-7325-4fd3-b6c5-26d158dcfc50,BITWA V - LEAD FROM THE FRONT,cb2aab44-4510-48ab-b863-e52dc4129e9a,FINISHED,27827829-c8a9-455d-a2e6-026efd4c0f96,41,2026-03-08T07:59:11.079Z,420e2baf-b532-4105-b4c4-24b072732cf8,0117f017-2d2b-4322-910f-c7c1b3aae435,11.0,7.0,0.0,,1ff04c16-3fa0-4344-bd13-2cadc0b09281,6e8fd6ad-52e1-4877-84dc-2fce2d7ab7da,5.0,5.0,0.0,False,True,False,0117f017-2d2b-4322-910f-c7c1b3aae435
Indywidualne Mistrzostwa Polski Middle-Earth SBG 2026 (IMP 2026),4acc2947-7325-4fd3-b6c5-26d158dcfc50,BITWA V - LEAD FROM THE FRONT,cb2aab44-4510-48ab-b863-e52dc4129e9a,FINISHED,8174311d-fe5a-4daf-bba2-b9d711e10eb8,42,2026-03-08T07:59:11.079Z,2e4ee4c5-49fd-4c1e-958b-fccd1f5fa61a,56219f44-91ef-4e22-9ebf-1c5f1ae21933,11.0,11.0,0.0,True,dc00fecc-2e78-42f5-a425-53ce1409a3d0,e2970df6-81f0-48df-89ac-2c66a06f30e7,5.0,6.0,0.0,False,False,True,e2970df6-81f0-48df-89ac-2c66a06f30e7
Indywidualne Mistrzostwa Polski Middle-Earth SBG 2026 (IMP 2026),4acc2947-7325-4fd3-b6c5-26d158dcfc50,BITWA V - LEAD FROM THE FRONT,cb2aab44-4510-48ab-b863-e52dc4129e9a,FINISHED,56ff7043-4129-40d7-9cc9-23475455a670,43,2026-03-08T07:59:11.079Z,870c15f0-7f52-4dcc-9400-6f9534b03e2d,dd081a04-8bbb-4409-aed7-f6ceedf4d7d0,15.0,14.0,0.0,True,f4a99a49-f048-4fb0-b30d-7441a2b0aecd,7d79e669-7010-4328-bbf5-3f7203dddd9a,0.0,7.0,0.0,False,True,False,dd081a04-8bbb-4409-aed7-f6ceedf4d7d0
Indywidualne Mistrzostwa Polski Middle-Earth SBG 2026 (IMP 2026),4acc2947-7325-4fd3-b6c5-26d158dcfc50,BITWA V - LEAD FROM THE FRONT,cb2aab44-4510-48ab-b863-e52dc4129e9a,FINISHED,9b861ff3-d285-4293-8f89-d3fc23ac959c,44,2026-03-08T07:59:11.079Z,f249f656-f744-4fbf-a0c9-acf5f6a04ef0,a4179cf5-0caa-450b-8b1d-8331298d0ee1,15.0,20.0,0.0,False,020e3b98-5e7e-469d-9044-210cf04f96ea,22a23162-8fd8-4dcc-833c-430aafa67491,0.0,0.0,0.0,False,True,False,a4179cf5-0caa-450b-8b1d-8331298d0ee1
Indywidualne Mistrzostwa Polski Middle-Earth SBG 2026 (IMP 2026),4acc2947-7325-4fd3-b6c5-26d158dcfc50,BITWA V - LEAD FROM THE FRONT,cb2aab44-4510-48ab-b863-e52dc4129e9a,FINISHED,e4d33659-452f-4705-9854-9acccef878af,45,2026-03-08T07:59:11.079Z,91414040-d2a9-4c55-b014-803150a34094,40ebe707-6a6c-4a85-aff5-58b2d0493daa,-999.0,0.0,,,a2e9234d-765d-4252-ba59-0cb8070d6aea,758ae748-3888-4bdf-b4f9-7972a8ac9948,15.0,5.0,,,False,False,08219a4e-e2d0-4904-b18d-f0320cd8d48b
Indywidualne Mistrzostwa Polski Middle-Earth SBG 2026 (IMP 2026),4acc2947-7325-4fd3-b6c5-26d158dcfc50,BITWA V - LEAD FROM THE FRONT,cb2aab44-4510-48ab-b863-e52dc4129e9a,FINISHED,23236b3a-1566-4be7-9c72-6c85274aaa16,46,2026-03-08T07:59:11.079Z,9738d2a1-f179-4376-b1b8-37c6247d84a5,4d2a70a2-c8e1-4ab9-a886-3a945d216f71,15.0,11.0,0.0,True,2c0343c4-42e1-4bb5-a323-a242ea6b7499,6bfe026e-18ff-45b8-bbfb-57f575b6f81b,0.0,4.0,0.0,True,False,True,6bfe026e-18ff-45b8-bbfb-57f575b6f81b
Indywidualne Mistrzostwa Polski Middle-Earth SBG 2026 (IMP 2026),4acc2947-7325-4fd3-b6c5-26d158dcfc50,BITWA V - LEAD FROM THE FRONT,cb2aab44-4510-48ab-b863-e52dc4129e9a,FINISHED,c79915f2-9c11-47ca-9fc9-e90e5c2c44e2,47,2026-03-08T07:59:11.079Z,1c1e2641-3263-49c2-aba9-276e62eb3d96,1f51b345-c749-4ebb-a4ae-cd40e4bd2b37,15.0,9.0,0.0,False,edd28c70-6200-4f64-8397-ccfab3a03be0,27c4c004-c8f1-436b-b449-0dbd8a0f08fa,-999.0,1.0,0.0,True,False,False,08219a4e-e2d0-4904-b18d-f0320cd8d48b
Indywidualne Mistrzostwa Polski Middle-Earth SBG 2026 (IMP 2026),4acc2947-7325-4fd3-b6c5-26d158dcfc50,BITWA V - LEAD FROM THE FRONT,cb2aab44-4510-48ab-b863-e52dc4129e9a,FINISHED,5275de39-93a3-44f2-b332-a73810acf561,48,2026-03-08T07:59:11.079Z,e40b2e6b-e2c9-495d-a5aa-f7438eafdbf5,bddd8ac9-5247-4f0a-9a17-4ac7bea1812a,0.0,0.0,0.0,False,bda8612e-4949-4037-b7c7-5f52403593b3,72214086-3cc8-4fa1-8520-7a6de92529de,15.0,14.0,0.0,,True,False,bddd8ac9-5247-4f0a-9a17-4ac7bea1812a
Indywidualne Mistrzostwa Polski Middle-Earth SBG 2026 (IMP 2026),4acc2947-7325-4fd3-b6c5-26d158dcfc50,BITWA V - LEAD FROM THE FRONT,cb2aab44-4510-48ab-b863-e52dc4129e9a,FINISHED,1dee549a-8047-4e25-8236-cd2c68aec152,49,2026-03-08T07:59:11.079Z,56ffd5c2-1fe3-4825-829d-31ca993f9a42,eacb0c29-8302-462e-9e47-c61d95ce5ff3,0.0,4.0,0.0,True,3c6f8784-e617-424c-bb08-3dd0f5202430,8c340f26-1543-4335-8b37-d814614b81f9,15.0,12.0,0.0,False,False,True,8c340f26-1543-4335-8b37-d814614b81f9
Indywidualne Mistrzostwa Polski Middle-Earth SBG 2026 (IMP 2026),4acc2947-7325-4fd3-b6c5-26d158dcfc50,BITWA V - LEAD FROM THE FRONT,cb2aab44-4510-48ab-b863-e52dc4129e9a,FINISHED,c590ba6d-b10b-4e92-b83b-6c4bc892db9f,50,2026-03-08T07:59:11.079Z,06e1cc03-133f-4bea-8e2d-c5f2e316b3f0,7f22159a-00df-4a00-9aa9-2f36d60d2455,0.0,2.0,0.0,True,aec72f9d-9972-4c50-aa5b-34c1955b3ed6,7ca2b5ee-c648-4e98-bcba-50d159612ecc,15.0,8.0,0.0,,True,False,7f22159a-00df-4a00-9aa9-2f36d60d2455
Indywidualne Mistrzostwa Polski Middle-Earth SBG 2026 (IMP 2026),4acc2947-7325-4fd3-b6c5-26d158dcfc50,BITWA V - LEAD FROM THE FRONT,cb2aab44-4510-48ab-b863-e52dc4129e9a,FINISHED,bbfa4340-0b76-4d4c-b042-2dd3d8bb74c5,51,2026-03-08T07:59:11.079Z,147da90e-15f5-4207-89a2-cfb9da9de99a,cbfbcd40-cbf7-4546-885f-4d061496fe8c,0.0,4.0,0.0,,a1c2496b-e65c-4c8e-b6cd-04405803998a,47a7936d-530e-4e10-8518-5a51bbe3ff41,15.0,11.0,0.0,,False,False,08219a4e-e2d0-4904-b18d-f0320cd8d48b
Indywidualne Mistrzostwa Polski Middle-Earth SBG 2026 (IMP 2026),4acc2947-7325-4fd3-b6c5-26d158dcfc50,BITWA V - LEAD FROM THE FRONT,cb2aab44-4510-48ab-b863-e52dc4129e9a,FINISHED,0b098ede-92b5-475a-9b3f-3d8efa35b9ab,52,2026-03-08T07:59:11.079Z,ff47b38c-38fa-4db6-832a-0e4967219ffa,13a4ddbb-8db9-4160-b1e8-372365ed4e8d,0.0,2.0,0.0,False,1c3b927e-84fa-4474-88dc-ff49e4bf688a,20a238b0-37e6-400b-a2a1-20935ab4cc00,15.0,8.0,0.0,,True,False,13a4ddbb-8db9-4160-b1e8-372365ed4e8d
Indywidualne Mistrzostwa Polski Middle-Earth SBG 2026 (IMP 2026),4acc2947-7325-4fd3-b6c5-26d158dcfc50,BITWA V - LEAD FROM THE FRONT,cb2aab44-4510-48ab-b863-e52dc4129e9a,FINISHED,0dfdfa96-26e1-47ba-966d-13ce7ef4ebf3,53,2026-03-08T07:59:11.079Z,eac1b7e5-2683-419e-bd70-25b375955afa,a66f5a56-1f3b-4944-9a2b-040faa0061e5,15.0,17.0,0.0,False,b1119097-b445-4001-a49f-c4821882f17a,4eeae4b0-7922-4c5c-81d6-d8ed10484545,0.0,0.0,0.0,,True,False,a66f5a56-1f3b-4944-9a2b-040faa0061e5
Indywidualne Mistrzostwa Polski Middle-Earth SBG 2026 (IMP 2026),4acc2947-7325-4fd3-b6c5-26d158dcfc50,BITWA V - LEAD FROM THE FRONT,cb2aab44-4510-48ab-b863-e52dc4129e9a,FINISHED,cdcb4afc-b6cd-4a26-bada-df8a8e326f5c,54,2026-03-08T07:59:11.079Z,2000301a-3c61-4210-bea4-14db815f2a86,27e5fd8e-fc73-48f9-802e-3546fde22d25,0.0,2.0,0.0,,2ff9911e-d990-403c-97ec-7939bf76672d,ef720739-17ce-42ec-a9fb-2c6e361af86f,15.0,9.0,0.0,True,True,False,27e5fd8e-fc73-48f9-802e-3546fde22d25
Indywidualne Mistrzostwa Polski Middle-Earth SBG 2026 (IMP 2026),4acc2947-7325-4fd3-b6c5-26d158dcfc50,BITWA V - LEAD FROM THE FRONT,cb2aab44-4510-48ab-b863-e52dc4129e9a,FINISHED,9d786b2b-0f6c-4813-a2c4-2c13a347ab08,55,2026-03-08T07:59:11.079Z,cc964dc4-75fd-43ae-bc75-fa3b5096f3ef,bcef8b98-d13e-41a3-a8d0-86063d765955,0.0,2.0,0.0,True,a6fac7ae-2784-486f-976b-1e9c01e0e819,2a69f764-5cb1-4177-9200-d58b7117a089,15.0,8.0,0.0,,False,True,2a69f764-5cb1-4177-9200-d58b7117a089
Indywidualne Mistrzostwa Polski Middle-Earth SBG 2026 (IMP 2026),4acc2947-7325-4fd3-b6c5-26d158dcfc50,BITWA V - LEAD FROM THE FRONT,cb2aab44-4510-48ab-b863-e52dc4129e9a,FINISHED,785d4b43-b9da-4017-b594-fd34e9310634,56,2026-03-08T07:59:11.079Z,0081b930-fd1c-484b-9887-29971a8a5e4a,f0b719fd-09d6-4d2a-a87c-bd6e7fcd6990,15.0,12.0,0.0,,bd235993-9bcd-4c2d-81fd-dd342ac82dc9,1e2ff82c-8d15-489c-bbfd-dca8a2156d20,-999.0,0.0,0.0,False,False,False,08219a4e-e2d0-4904-b18d-f0320cd8d48b
Indywidualne Mistrzostwa Polski Middle-Earth SBG 2026 (IMP 2026),4acc2947-7325-4fd3-b6c5-26d158dcfc50,BITWA V - LEAD FROM THE FRONT,cb2aab44-4510-48ab-b863-e52dc4129e9a,FINISHED,d101b172-da69-4df2-bd68-548929573228,57,2026-03-08T07:59:11.079Z,18847ccf-901c-473e-a9f2-341d82aecb20,639fe636-9845-4b28-8d36-0a0ea855edeb,0.0,4.0,0.0,False,aa8a062d-bab6-4391-930b-b5da528c76e7,12fc8435-48b6-4a57-a152-4d7ee21ce225,15.0,8.0,0.0,,True,False,639fe636-9845-4b28-8d36-0a0ea855edeb
Indywidualne Mistrzostwa Polski Middle-Earth SBG 2026 (IMP 2026),4acc2947-7325-4fd3-b6c5-26d158dcfc50,BITWA V - LEAD FROM THE FRONT,cb2aab44-4510-48ab-b863-e52dc4129e9a,FINISHED,bfe0f77c-f5ff-4124-b05d-07fdcc1a48e6,58,2026-03-08T07:59:11.079Z,4238d328-7679-4d83-95b3-8905c76f36ab,65805e1a-2bae-4663-a590-28d09e52152d,11.0,7.0,0.0,True,a6fbe5f9-692f-42ed-93cb-a2ffffceb7c3,337cf4cf-c3db-40f2-bccb-d9d98d3928b9,5.0,4.0,0.0,,True,False,65805e1a-2bae-4663-a590-28d09e52152d
Indywidualne Mistrzostwa Polski Middle-Earth SBG 2026 (IMP 2026),4acc2947-7325-4fd3-b6c5-26d158dcfc50,BITWA V - LEAD FROM THE FRONT,cb2aab44-4510-48ab-b863-e52dc4129e9a,FINISHED,0df74f78-cc23-4422-a606-25f931c04b90,59,2026-03-08T07:59:11.079Z,bbe5cb2b-398d-4c5f-9fd8-ba78b126719f,3723b773-cadb-46d3-8758-e1260476e981,-999.0,0.0,,,9cff9b66-62b3-497c-b71b-79767c1a80e7,4edd7b4a-f5e4-4136-9363-aa93d7e9b8e3,-999.0,0.0,,,False,False,08219a4e-e2d0-4904-b18d-f0320cd8d48b
Indywidualne Mistrzostwa Polski Middle-Earth SBG 2026 (IMP 2026),4acc2947-7325-4fd3-b6c5-26d158dcfc50,BITWA V - LEAD FROM THE FRONT,cb2aab44-4510-48ab-b863-e52dc4129e9a,FINISHED,1f853686-280b-49a6-9566-8f8b2a704842,60,2026-03-08T07:59:11.079Z,f7a56714-0690-48f5-9265-573482dce6e8,1723649c-e9e5-42eb-9e2a-d9de6492fd21,7.0,0.0,,,e5395a6f-cc9e-47c8-9f05-66d4ff34a1c0,309de8ee-ad9e-4a87-911b-e3a5d480d491,7.0,0.0,,,False,False,08219a4e-e2d0-4904-b18d-f0320cd8d48b
Indywidualne Mistrzostwa Polski Middle-Earth SBG 2026 (IMP 2026),4acc2947-7325-4fd3-b6c5-26d158dcfc50,BITWA V - LEAD FROM THE FRONT,cb2aab44-4510-48ab-b863-e52dc4129e9a,FINISHED,8ec49208-2d76-4002-b1a0-fad8d15ea75f,61,2026-03-08T07:59:11.079Z,3144d4ca-aafe-4860-8873-16eaae237652,ea7e3e0d-3a78-4a90-8ca4-a55e6505cf5a,-999.0,0.0,,,0e37ddc1-e5a9-4828-a219-c1e22d8148b5,a6bf8ed5-530f-4135-a0ca-0a34b5f352c0,7.0,0.0,,,False,False,08219a4e-e2d0-4904-b18d-f0320cd8d48b
Indywidualne Mistrzostwa Polski Middle-Earth SBG 2026 (IMP 2026),4acc2947-7325-4fd3-b6c5-26d158dcfc50,BITWA V - LEAD FROM THE FRONT,cb2aab44-4510-48ab-b863-e52dc4129e9a,FINISHED,30d928b9-d966-4a66-815a-beef02df62f0,62,2026-03-08T07:59:11.079Z,65e79ce0-05e0-423f-95cd-2cecba8616d7,13e9bcf5-c291-4537-b0aa-29592b68612f,-999.0,0.0,,,c57d612b-3b01-4b2b-b04c-bbd961fdde2f,c7b8c4fa-78e2-4f83-994b-6828dd39ddd1,-999.0,0.0,,,False,False,08219a4e-e2d0-4904-b18d-f0320cd8d48b
Indywidualne Mistrzostwa Polski Middle-Earth SBG 2026 (IMP 2026),4acc2947-7325-4fd3-b6c5-26d158dcfc50,BITWA V - LEAD FROM THE FRONT,cb2aab44-4510-48ab-b863-e52dc4129e9a,FINISHED,52c35819-8378-4a62-9868-76c445877f15,63,2026-03-08T07:59:11.079Z,a49c8cc8-07e7-4f03-bc49-ee1fbcf288a7,64a59e06-3985-4400-b26f-6528e57ac2d7,-999.0,0.0,,,96672c28-fc98-407d-b96c-2b6e5666a37c,c70f135f-cff3-481e-b4de-25725df57a2c,-999.0,0.0,,,False,False,08219a4e-e2d0-4904-b18d-f0320cd8d48b
Indywidualne Mistrzostwa Polski Middle-Earth SBG 2026 (IMP 2026),4acc2947-7325-4fd3-b6c5-26d158dcfc50,BITWA V - LEAD FROM THE FRONT,cb2aab44-4510-48ab-b863-e52dc4129e9a,FINISHED,e57b0c63-5d61-4975-b949-ad7377d2a48f,64,2026-03-08T07:59:11.079Z,4938412b-c687-423c-b1e3-b16de8d4e0b3,d7deccf7-cc03-46b4-a9a0-6e6e66317298,-999.0,0.0,,,5932afd3-b720-4f9d-8f2c-cb407cfd1f76,85e858a0-eb30-4b0d-8622-f6bdbc8c12e8,-999.0,0.0,,,False,False,08219a4e-e2d0-4904-b18d-f0320cd8d48b
Indywidualne Mistrzostwa Polski Middle-Earth SBG 2026 (IMP 2026),4acc2947-7325-4fd3-b6c5-26d158dcfc50,BITWA V - LEAD FROM THE FRONT,cb2aab44-4510-48ab-b863-e52dc4129e9a,FINISHED,dcbcb454-0ab0-4914-a052-a25739b2ac98,65,2026-03-08T07:59:11.079Z,c4ccb65c-1243-4f47-96ec-5bcd97acb091,627d904e-046e-45b7-b7ec-d237aafc54c1,-999.0,0.0,,,,,,,,,False,False,08219a4e-e2d0-4904-b18d-f0320cd8d48b
Indywidualne Mistrzostwa Polski Middle-Earth SBG 2026 (IMP 2026),4acc2947-7325-4fd3-b6c5-26d158dcfc50,BITWA III - HOLD GROUND,7bfe8257-2d6b-4a8b-b938-0c0c4aa023e2,FINISHED,efad53d3-77c8-4df7-9698-14463b3d871f,0,2026-03-07T06:31:38.360Z,f5142e92-a884-4d86-bbe9-20cf6e226622,d0cc3137-fab5-4977-bfac-cf0a791bd9b0,0.0,0.0,0.0,,9a127911-f81f-4e75-af4d-779af50f7653,6bfe026e-18ff-45b8-bbfb-57f575b6f81b,15.0,20.0,0.0,True,False,True,6bfe026e-18ff-45b8-bbfb-57f575b6f81b
Indywidualne Mistrzostwa Polski Middle-Earth SBG 2026 (IMP 2026),4acc2947-7325-4fd3-b6c5-26d158dcfc50,BITWA III - HOLD GROUND,7bfe8257-2d6b-4a8b-b938-0c0c4aa023e2,FINISHED,1d35455a-9b56-40ef-b9a6-f8d46fb80c13,1,2026-03-07T06:31:38.360Z,e3ac8663-badb-4c37-927c-bdb6c1cd9a40,27c4c004-c8f1-436b-b449-0dbd8a0f08fa,0.0,1.0,0.0,True,ccc5c389-d0f2-482b-8ae7-274033dff907,b6f0e023-257d-472b-af43-78e56d559cae,15.0,15.0,0.0,False,False,True,b6f0e023-257d-472b-af43-78e56d559cae
Indywidualne Mistrzostwa Polski Middle-Earth SBG 2026 (IMP 2026),4acc2947-7325-4fd3-b6c5-26d158dcfc50,BITWA III - HOLD GROUND,7bfe8257-2d6b-4a8b-b938-0c0c4aa023e2,FINISHED,e7b35b04-7dff-4943-a147-06238a008eb3,2,2026-03-07T06:31:38.360Z,c474b615-7116-4d67-8312-b89181577fcd,6df80142-0804-43f3-910e-3d51131586cf,0.0,0.0,0.0,True,6a6a89ef-9982-46d7-9c3a-949b331538a5,081b732c-68ef-4404-bf2c-b56519b96acd,15.0,9.0,0.0,False,True,False,6df80142-0804-43f3-910e-3d51131586cf
Indywidualne Mistrzostwa Polski Middle-Earth SBG 2026 (IMP 2026),4acc2947-7325-4fd3-b6c5-26d158dcfc50,BITWA III - HOLD GROUND,7bfe8257-2d6b-4a8b-b938-0c0c4aa023e2,FINISHED,ff7f24db-5fe5-4793-8b1e-8efa6bd8bd95,3,2026-03-07T06:31:38.360Z,55c56b27-05de-4479-b06b-30ac96922f7b,56219f44-91ef-4e22-9ebf-1c5f1ae21933,15.0,18.0,0.0,True,c4707f13-3e75-4622-8f6c-0601a46ea1d5,337cf4cf-c3db-40f2-bccb-d9d98d3928b9,0.0,0.0,0.0,,True,False,56219f44-91ef-4e22-9ebf-1c5f1ae21933
Indywidualne Mistrzostwa Polski Middle-Earth SBG 2026 (IMP 2026),4acc2947-7325-4fd3-b6c5-26d158dcfc50,BITWA III - HOLD GROUND,7bfe8257-2d6b-4a8b-b938-0c0c4aa023e2,FINISHED,16e66dae-33ca-4fe5-8774-f78dbc97d943,4,2026-03-07T06:31:38.360Z,0f085413-59df-47e3-bd2f-8effcdfb1826,475ff286-fcbc-4c49-bac5-e3002c4bdf14,15.0,6.0,0.0,True,5f4f0305-5882-4ebb-a4ac-feab7886e5e6,a6fc8598-2a54-4bb6-bbe1-4501ff1cee61,0.0,0.0,0.0,,True,False,475ff286-fcbc-4c49-bac5-e3002c4bdf14
Indywidualne Mistrzostwa Polski Middle-Earth SBG 2026 (IMP 2026),4acc2947-7325-4fd3-b6c5-26d158dcfc50,BITWA III - HOLD GROUND,7bfe8257-2d6b-4a8b-b938-0c0c4aa023e2,FINISHED,709a3742-8dfd-4fe9-935f-b8216b808151,5,2026-03-07T06:31:38.360Z,782788a5-a27f-4e2d-a659-b7ee02f5c990,4d2a70a2-c8e1-4ab9-a886-3a945d216f71,15.0,20.0,0.0,True,eb1e83f7-a562-45d0-a56a-3fe9c5915871,a6bf8ed5-530f-4135-a0ca-0a34b5f352c0,0.0,0.0,0.0,True,True,False,4d2a70a2-c8e1-4ab9-a886-3a945d216f71
Indywidualne Mistrzostwa Polski Middle-Earth SBG 2026 (IMP 2026),4acc2947-7325-4fd3-b6c5-26d158dcfc50,BITWA III - HOLD GROUND,7bfe8257-2d6b-4a8b-b938-0c0c4aa023e2,FINISHED,6ceff15a-70e6-4c1a-a545-54eacde2e709,6,2026-03-07T06:31:38.360Z,8bfa7c5b-31be-468d-9b5c-6ed70e4c51b8,12fc8435-48b6-4a57-a152-4d7ee21ce225,0.0,0.0,0.0,,36cb5497-0d9e-4f74-9ea1-5d9236a028f2,7fa5ba4b-28df-44e8-a4f2-d87072e98a2b,15.0,12.0,0.0,False,True,False,12fc8435-48b6-4a57-a152-4d7ee21ce225
Indywidualne Mistrzostwa Polski Middle-Earth SBG 2026 (IMP 2026),4acc2947-7325-4fd3-b6c5-26d158dcfc50,BITWA III - HOLD GROUND,7bfe8257-2d6b-4a8b-b938-0c0c4aa023e2,FINISHED,85882010-4c81-4080-a88c-05d70f823690,7,2026-03-07T06:31:38.360Z,08d03448-b0be-4f4a-8160-d83ef530460b,4a511f44-0b5e-4f86-b9ea-6db298859c11,0.0,5.0,0.0,,1ea4dd93-379b-4e59-8b76-680ff1a2406e,804c4802-b3bc-41ec-9f1b-de92ffe4897e,15.0,12.0,0.0,True,False,True,804c4802-b3bc-41ec-9f1b-de92ffe4897e
Indywidualne Mistrzostwa Polski Middle-Earth SBG 2026 (IMP 2026),4acc2947-7325-4fd3-b6c5-26d158dcfc50,BITWA III - HOLD GROUND,7bfe8257-2d6b-4a8b-b938-0c0c4aa023e2,FINISHED,366684ed-a6d1-46a6-8d6a-8f03c743fcca,8,2026-03-07T06:31:38.360Z,7077f9c6-8bdb-4e35-9d5e-57fca04f90c4,d1219f2e-d585-4ce6-979c-9b1ba239894a,15.0,5.0,,False,,,,,,,False,False,08219a4e-e2d0-4904-b18d-f0320cd8d48b
Indywidualne Mistrzostwa Polski Middle-Earth SBG 2026 (IMP 2026),4acc2947-7325-4fd3-b6c5-26d158dcfc50,BITWA III - HOLD GROUND,7bfe8257-2d6b-4a8b-b938-0c0c4aa023e2,FINISHED,dd290cd2-a79c-4081-9fae-2078004e461d,9,2026-03-07T06:31:38.360Z,a758ba8a-2ef5-4d0b-9dd7-a7a5cfde0976,bd51334f-700f-46ea-9801-7fa43e9c53d0,7.0,0.0,0.0,True,80bf3e53-cb86-4b04-9823-9d5ce90e14f6,8e40b208-0e62-4a37-8228-f003566dc4a7,7.0,0.0,0.0,False,False,True,8e40b208-0e62-4a37-8228-f003566dc4a7
Indywidualne Mistrzostwa Polski Middle-Earth SBG 2026 (IMP 2026),4acc2947-7325-4fd3-b6c5-26d158dcfc50,BITWA III - HOLD GROUND,7bfe8257-2d6b-4a8b-b938-0c0c4aa023e2,FINISHED,73e5b680-c346-4f8e-8b58-930de7209c34,10,2026-03-07T06:31:38.360Z,cb50f5a8-7d12-4bab-a1db-65c2c693e974,2a69f764-5cb1-4177-9200-d58b7117a089,0.0,2.0,0.0,,9436b39a-cea7-479d-8d87-70c86c93fb15,6e8fd6ad-52e1-4877-84dc-2fce2d7ab7da,15.0,20.0,0.0,True,False,True,6e8fd6ad-52e1-4877-84dc-2fce2d7ab7da
Indywidualne Mistrzostwa Polski Middle-Earth SBG 2026 (IMP 2026),4acc2947-7325-4fd3-b6c5-26d158dcfc50,BITWA III - HOLD GROUND,7bfe8257-2d6b-4a8b-b938-0c0c4aa023e2,FINISHED,33123c8f-8bfb-4d73-8b2c-d1dda52664ea,11,2026-03-07T06:31:38.360Z,e8769702-38ef-44e7-a6ab-a5dae4873350,b8dd1de2-9dd2-40d6-8a9b-5b3403be9f37,0.0,1.0,0.0,True,131fa179-6ad2-4eec-8bb3-ac1ee6b7bd43,5f6a7ffa-1a94-4176-a2f0-42f18d04a39e,15.0,6.0,0.0,True,False,True,5f6a7ffa-1a94-4176-a2f0-42f18d04a39e
Indywidualne Mistrzostwa Polski Middle-Earth SBG 2026 (IMP 2026),4acc2947-7325-4fd3-b6c5-26d158dcfc50,BITWA III - HOLD GROUND,7bfe8257-2d6b-4a8b-b938-0c0c4aa023e2,FINISHED,a0d31175-db65-47b6-bf87-34e1d975ad10,12,2026-03-07T06:31:38.360Z,e97f2af6-09aa-4b8f-bc7a-5cbe4ada6a1d,71f045ad-ce24-4e8b-865a-1dc0f634a42d,15.0,6.0,0.0,False,80430a76-00eb-4ecb-a3af-522d483d7b4d,309de8ee-ad9e-4a87-911b-e3a5d480d491,0.0,3.0,0.0,,True,False,71f045ad-ce24-4e8b-865a-1dc0f634a42d
Indywidualne Mistrzostwa Polski Middle-Earth SBG 2026 (IMP 2026),4acc2947-7325-4fd3-b6c5-26d158dcfc50,BITWA III - HOLD GROUND,7bfe8257-2d6b-4a8b-b938-0c0c4aa023e2,FINISHED,3dc6a92d-0c2d-4bef-956d-5ac67522ee79,13,2026-03-07T06:31:38.360Z,abe4616d-75aa-4257-b5e0-67a3653de04d,639fe636-9845-4b28-8d36-0a0ea855edeb,0.0,1.0,0.0,False,effbd030-b916-46b3-8a43-3d774fcc09ce,77909618-f8dc-4991-922b-1e21528fbcde,15.0,5.0,0.0,False,False,True,77909618-f8dc-4991-922b-1e21528fbcde
Indywidualne Mistrzostwa Polski Middle-Earth SBG 2026 (IMP 2026),4acc2947-7325-4fd3-b6c5-26d158dcfc50,BITWA III - HOLD GROUND,7bfe8257-2d6b-4a8b-b938-0c0c4aa023e2,FINISHED,e4392ba8-5f02-4f69-bddd-0c528cf8bb3d,14,2026-03-07T06:31:38.360Z,38ce2676-955f-4229-977b-c019458ec9c4,bff31d63-a3e1-44f4-a02b-c9649b590cc2,15.0,20.0,0.0,True,e1ced99a-e936-4d02-aa23-ede49ddcf473,76870d30-055b-4a89-a141-78ef032269f2,0.0,0.0,0.0,True,True,False,bff31d63-a3e1-44f4-a02b-c9649b590cc2
Indywidualne Mistrzostwa Polski Middle-Earth SBG 2026 (IMP 2026),4acc2947-7325-4fd3-b6c5-26d158dcfc50,BITWA III - HOLD GROUND,7bfe8257-2d6b-4a8b-b938-0c0c4aa023e2,FINISHED,4af14823-6080-4d5a-8e43-ad4d7e1816af,15,2026-03-07T06:31:38.360Z,070876ec-a22a-42d6-aa3b-ee3320257f39,dd081a04-8bbb-4409-aed7-f6ceedf4d7d0,0.0,0.0,0.0,True,664c53d2-5c4c-46d8-adea-8fc00e70453d,ac23a3ec-2b0f-4d94-8575-948ae2f7eb83,15.0,16.0,0.0,False,False,True,ac23a3ec-2b0f-4d94-8575-948ae2f7eb83
Indywidualne Mistrzostwa Polski Middle-Earth SBG 2026 (IMP 2026),4acc2947-7325-4fd3-b6c5-26d158dcfc50,BITWA III - HOLD GROUND,7bfe8257-2d6b-4a8b-b938-0c0c4aa023e2,FINISHED,aac6cbca-b109-4cb4-a486-edb79256e088,16,2026-03-07T06:31:38.360Z,6099d41a-d548-4dd2-95ae-1e0c02a0808e,e99aafd2-d310-49bd-b0d5-b12b6acd1600,15.0,20.0,0.0,,fc355570-5d2e-4771-878f-6d674ffd6088,0b9e69bb-46e8-4b18-949b-c788fd37fe1e,0.0,0.0,0.0,False,True,False,e99aafd2-d310-49bd-b0d5-b12b6acd1600
Indywidualne Mistrzostwa Polski Middle-Earth SBG 2026 (IMP 2026),4acc2947-7325-4fd3-b6c5-26d158dcfc50,BITWA III - HOLD GROUND,7bfe8257-2d6b-4a8b-b938-0c0c4aa023e2,FINISHED,b35b15ca-2d29-4da5-a492-f2fd33f9956a,17,2026-03-07T06:31:38.360Z,6d50b3c2-9ff5-4cb4-95cc-331f894aa1b3,c451779b-6172-4e1a-acbd-1b387949849d,15.0,8.0,0.0,False,dfa05877-36d1-4d37-8f54-75e56ca42c4c,eacb0c29-8302-462e-9e47-c61d95ce5ff3,0.0,1.0,0.0,False,True,False,c451779b-6172-4e1a-acbd-1b387949849d
Indywidualne Mistrzostwa Polski Middle-Earth SBG 2026 (IMP 2026),4acc2947-7325-4fd3-b6c5-26d158dcfc50,BITWA III - HOLD GROUND,7bfe8257-2d6b-4a8b-b938-0c0c4aa023e2,FINISHED,1b605441-b0a7-4b1f-897e-406373659662,18,2026-03-07T06:31:38.360Z,71c75382-73cc-492a-9a9f-44dc34a8b56d,9f838a1a-8b9b-4c57-9faa-251f6768a5e9,15.0,17.0,0.0,False,ca2e5d51-5a1a-447b-9dda-2584c0f56c15,c7b8c4fa-78e2-4f83-994b-6828dd39ddd1,0.0,2.0,0.0,True,True,False,9f838a1a-8b9b-4c57-9faa-251f6768a5e9
Indywidualne Mistrzostwa Polski Middle-Earth SBG 2026 (IMP 2026),4acc2947-7325-4fd3-b6c5-26d158dcfc50,BITWA III - HOLD GROUND,7bfe8257-2d6b-4a8b-b938-0c0c4aa023e2,FINISHED,5c456bdd-fc89-494b-8e86-25ef0b7d7a9a,19,2026-03-07T06:31:38.360Z,821f373b-0d35-47ea-9029-f1f2e0b0638e,970b04fa-4663-4c49-8a54-756a10c82c07,0.0,2.0,0.0,False,6202e143-4efa-4ef6-a90e-116dbf5d1d0e,5f55d7f6-e77c-45a0-b083-60691560a665,15.0,8.0,0.0,True,False,True,5f55d7f6-e77c-45a0-b083-60691560a665
Indywidualne Mistrzostwa Polski Middle-Earth SBG 2026 (IMP 2026),4acc2947-7325-4fd3-b6c5-26d158dcfc50,BITWA III - HOLD GROUND,7bfe8257-2d6b-4a8b-b938-0c0c4aa023e2,FINISHED,cd66bdb5-7529-4aa1-8f16-7136cedbcd9f,20,2026-03-07T06:31:38.360Z,cd690fa9-1b1d-4666-b555-3a246d0ac6eb,1723649c-e9e5-42eb-9e2a-d9de6492fd21,0.0,1.0,0.0,False,4a80bf57-3be9-4cc4-b404-bb720b2e51c9,62553300-be05-4e64-a57e-a9d7ea1b9e88,15.0,9.0,0.0,True,False,True,62553300-be05-4e64-a57e-a9d7ea1b9e88
Indywidualne Mistrzostwa Polski Middle-Earth SBG 2026 (IMP 2026),4acc2947-7325-4fd3-b6c5-26d158dcfc50,BITWA III - HOLD GROUND,7bfe8257-2d6b-4a8b-b938-0c0c4aa023e2,FINISHED,5483dfc7-1c43-4876-a315-d4d4a12e12d0,21,2026-03-07T06:31:38.360Z,655b5f3e-5861-4f3d-866d-427c45116ffd,0117f017-2d2b-4322-910f-c7c1b3aae435,11.0,7.0,0.0,,f41c6f26-2118-495a-b194-1fb23bf60359,bbbe191e-78cb-42d6-acc6-fd53718b1fd2,5.0,5.0,0.0,True,False,True,bbbe191e-78cb-42d6-acc6-fd53718b1fd2
Indywidualne Mistrzostwa Polski Middle-Earth SBG 2026 (IMP 2026),4acc2947-7325-4fd3-b6c5-26d158dcfc50,BITWA III - HOLD GROUND,7bfe8257-2d6b-4a8b-b938-0c0c4aa023e2,FINISHED,59ff8780-4ef6-49f2-a253-b5989576bd1b,22,2026-03-07T06:31:38.360Z,fba9f2b1-d05b-4fc1-86f6-5feafa1f25d1,c70f135f-cff3-481e-b4de-25725df57a2c,-999.0,0.0,0.0,True,374b96cb-55a2-4eba-b4d7-1227f67fb8d5,1403a8fb-39a4-4e2f-b6cd-5d7e334df789,15.0,5.0,0.0,False,False,False,08219a4e-e2d0-4904-b18d-f0320cd8d48b
Indywidualne Mistrzostwa Polski Middle-Earth SBG 2026 (IMP 2026),4acc2947-7325-4fd3-b6c5-26d158dcfc50,BITWA III - HOLD GROUND,7bfe8257-2d6b-4a8b-b938-0c0c4aa023e2,FINISHED,0c6bfc70-398c-4527-b27f-afec686f212c,23,2026-03-07T06:31:38.360Z,12c5de4c-4590-4099-8282-3f43212fb185,a4179cf5-0caa-450b-8b1d-8331298d0ee1,0.0,2.0,0.0,False,512120fa-eb6e-4453-abfc-67926d8d7406,7508e7c6-6d9d-46a3-a29f-dc70f0917a46,15.0,20.0,0.0,False,False,True,7508e7c6-6d9d-46a3-a29f-dc70f0917a46
Indywidualne Mistrzostwa Polski Middle-Earth SBG 2026 (IMP 2026),4acc2947-7325-4fd3-b6c5-26d158dcfc50,BITWA III - HOLD GROUND,7bfe8257-2d6b-4a8b-b938-0c0c4aa023e2,FINISHED,b77838df-721b-4127-820b-ebb59428f29d,24,2026-03-07T06:31:38.360Z,04743734-416f-4e50-9d48-a36ff0f33871,2f1215b6-dd3c-44cc-9604-ee8e4b42553c,15.0,5.0,0.0,,f70f0278-d109-46e9-b1d2-522ffd2726cd,13e9bcf5-c291-4537-b0aa-29592b68612f,0.0,2.0,0.0,,False,True,13e9bcf5-c291-4537-b0aa-29592b68612f
Indywidualne Mistrzostwa Polski Middle-Earth SBG 2026 (IMP 2026),4acc2947-7325-4fd3-b6c5-26d158dcfc50,BITWA III - HOLD GROUND,7bfe8257-2d6b-4a8b-b938-0c0c4aa023e2,FINISHED,8eddf870-24ea-435e-8597-b98290e92485,25,2026-03-07T06:31:38.360Z,e914d0bc-307c-4f69-9c2d-5abc3b0620fc,21c12fb0-4289-4df3-8bad-f18c2a49fd0d,15.0,20.0,0.0,True,2515f4db-bc9a-402b-ae4b-8142614bfe7f,72214086-3cc8-4fa1-8520-7a6de92529de,0.0,0.0,0.0,,False,True,72214086-3cc8-4fa1-8520-7a6de92529de
Indywidualne Mistrzostwa Polski Middle-Earth SBG 2026 (IMP 2026),4acc2947-7325-4fd3-b6c5-26d158dcfc50,BITWA III - HOLD GROUND,7bfe8257-2d6b-4a8b-b938-0c0c4aa023e2,FINISHED,fca655d8-fd83-4314-ad2f-0f56cb2f87db,26,2026-03-07T06:31:38.360Z,e53d57a3-9b13-4de1-aba5-1101dc7787e1,774afb8c-8f87-46dc-823e-a82621336e4f,0.0,0.0,0.0,False,c14d2000-49f9-4c75-a6a4-3f1fd44ace0b,88eff5e1-e5fa-40df-ac60-dd5cb0c71bad,15.0,20.0,0.0,False,False,True,88eff5e1-e5fa-40df-ac60-dd5cb0c71bad
Indywidualne Mistrzostwa Polski Middle-Earth SBG 2026 (IMP 2026),4acc2947-7325-4fd3-b6c5-26d158dcfc50,BITWA III - HOLD GROUND,7bfe8257-2d6b-4a8b-b938-0c0c4aa023e2,FINISHED,dd8fcd91-1828-449a-afb1-d6fe90e26203,27,2026-03-07T06:31:38.360Z,656c8812-1f6a-4116-a78e-0143a134a7b0,7ca2b5ee-c648-4e98-bcba-50d159612ecc,0.0,1.0,0.0,,8afdb081-377b-4be7-82e0-7c0680850f83,ef46c5bc-e9ab-450b-85f5-4b88323ef1b8,15.0,17.0,0.0,True,False,True,ef46c5bc-e9ab-450b-85f5-4b88323ef1b8
Indywidualne Mistrzostwa Polski Middle-Earth SBG 2026 (IMP 2026),4acc2947-7325-4fd3-b6c5-26d158dcfc50,BITWA III - HOLD GROUND,7bfe8257-2d6b-4a8b-b938-0c0c4aa023e2,FINISHED,04ba929a-fb9b-4d72-b7d8-23e2244b8be9,28,2026-03-07T06:31:38.360Z,79dadc5c-0998-4de3-a3ed-cf72b4efae14,a15d42d2-401a-42d5-a0e7-e8f88c780302,15.0,20.0,0.0,,a155c59a-09f7-4536-96b9-f9d64cdbbe41,ea7e3e0d-3a78-4a90-8ca4-a55e6505cf5a,0.0,0.0,0.0,True,False,False,08219a4e-e2d0-4904-b18d-f0320cd8d48b
Indywidualne Mistrzostwa Polski Middle-Earth SBG 2026 (IMP 2026),4acc2947-7325-4fd3-b6c5-26d158dcfc50,BITWA III - HOLD GROUND,7bfe8257-2d6b-4a8b-b938-0c0c4aa023e2,FINISHED,1d7f6af6-2fdc-4af3-8a21-586559f3ba03,29,2026-03-07T06:31:38.360Z,83708dc1-bea6-43e9-9cb6-dd3addaf556b,48655433-fa77-4b22-b13e-a33b593f1a57,11.0,6.0,0.0,True,ae8dd4be-5c91-4613-b9e7-e3b1ec537cc8,a66f5a56-1f3b-4944-9a2b-040faa0061e5,5.0,5.0,0.0,False,True,True,48655433-fa77-4b22-b13e-a33b593f1a57
Indywidualne Mistrzostwa Polski Middle-Earth SBG 2026 (IMP 2026),4acc2947-7325-4fd3-b6c5-26d158dcfc50,BITWA III - HOLD GROUND,7bfe8257-2d6b-4a8b-b938-0c0c4aa023e2,FINISHED,036fae02-5a72-4ac3-9d3a-c18168fd20e3,30,2026-03-07T06:31:38.360Z,4307c61d-c8b3-4148-a392-4d3fb989b41a,85e858a0-eb30-4b0d-8622-f6bdbc8c12e8,-999.0,0.0,,True,670c3b73-2022-4145-9cf6-432ecacb9175,3723b773-cadb-46d3-8758-e1260476e981,15.0,5.0,,True,False,False,08219a4e-e2d0-4904-b18d-f0320cd8d48b
Indywidualne Mistrzostwa Polski Middle-Earth SBG 2026 (IMP 2026),4acc2947-7325-4fd3-b6c5-26d158dcfc50,BITWA III - HOLD GROUND,7bfe8257-2d6b-4a8b-b938-0c0c4aa023e2,FINISHED,0636285f-e1bb-4768-9b37-3cbcb1599eeb,31,2026-03-07T06:31:38.360Z,e52d896d-6ba0-4d29-9eb1-408a756e396a,457f9c1a-0e9a-4c0e-ae41-7f00e3646fba,15.0,17.0,0.0,,f908b0fa-e0b2-49a2-a808-5ba42d047241,7f22159a-00df-4a00-9aa9-2f36d60d2455,0.0,0.0,0.0,False,True,False,457f9c1a-0e9a-4c0e-ae41-7f00e3646fba
Indywidualne Mistrzostwa Polski Middle-Earth SBG 2026 (IMP 2026),4acc2947-7325-4fd3-b6c5-26d158dcfc50,BITWA III - HOLD GROUND,7bfe8257-2d6b-4a8b-b938-0c0c4aa023e2,FINISHED,9f359b9a-3004-442b-895c-5ba06cf2b523,32,2026-03-07T06:31:38.360Z,98384505-3a8e-473c-87ce-576e9a025a55,bddd8ac9-5247-4f0a-9a17-4ac7bea1812a,15.0,15.0,0.0,False,d7da56b2-e33d-417a-9746-a509dc3cd57e,1f51b345-c749-4ebb-a4ae-cd40e4bd2b37,0.0,0.0,0.0,True,True,False,bddd8ac9-5247-4f0a-9a17-4ac7bea1812a
Indywidualne Mistrzostwa Polski Middle-Earth SBG 2026 (IMP 2026),4acc2947-7325-4fd3-b6c5-26d158dcfc50,BITWA III - HOLD GROUND,7bfe8257-2d6b-4a8b-b938-0c0c4aa023e2,FINISHED,22ea6860-4aad-4cd9-bd78-55d32a6c0983,33,2026-03-07T06:31:38.360Z,0a3004bc-90a1-4815-9e39-e543e9cd1e60,7825ed24-d5e7-4e12-b627-23c81c278c00,15.0,8.0,0.0,,c8e948dc-24c4-4aa4-9134-cd77bb61b4e1,d70e3320-c102-4867-b84f-be1398cfbf01,0.0,3.0,0.0,False,True,False,7825ed24-d5e7-4e12-b627-23c81c278c00
Indywidualne Mistrzostwa Polski Middle-Earth SBG 2026 (IMP 2026),4acc2947-7325-4fd3-b6c5-26d158dcfc50,BITWA III - HOLD GROUND,7bfe8257-2d6b-4a8b-b938-0c0c4aa023e2,FINISHED,23b74865-2a8f-412e-88b3-cee32096c65e,34,2026-03-07T06:31:38.360Z,b39985c5-5a5c-447f-960f-a1e9ba395e25,6f641816-8973-4f1f-b906-3b33d5710be9,15.0,14.0,0.0,False,892575f5-3aac-4280-9568-bccad2b51730,27e5fd8e-fc73-48f9-802e-3546fde22d25,0.0,2.0,0.0,,False,True,27e5fd8e-fc73-48f9-802e-3546fde22d25
Indywidualne Mistrzostwa Polski Middle-Earth SBG 2026 (IMP 2026),4acc2947-7325-4fd3-b6c5-26d158dcfc50,BITWA III - HOLD GROUND,7bfe8257-2d6b-4a8b-b938-0c0c4aa023e2,FINISHED,2a98d06b-3b0b-47ad-8111-b8f6f2f7d6a6,35,2026-03-07T06:31:38.360Z,ffe6362f-cccf-4e4d-954c-3f2d38623f06,93d647e6-e5b4-4797-8941-dcfb38fd8b6e,0.0,3.0,0.0,False,32e7a14f-e2ef-4e12-8fb8-d7041567ad2f,8076af08-a8fe-455c-8c1a-2e5d7f2ad3eb,15.0,16.0,0.0,True,False,True,8076af08-a8fe-455c-8c1a-2e5d7f2ad3eb
Indywidualne Mistrzostwa Polski Middle-Earth SBG 2026 (IMP 2026),4acc2947-7325-4fd3-b6c5-26d158dcfc50,BITWA III - HOLD GROUND,7bfe8257-2d6b-4a8b-b938-0c0c4aa023e2,FINISHED,3d0a01be-8d54-4946-8d85-e2a61381a0b5,36,2026-03-07T06:31:38.360Z,7bd940c0-5eeb-4867-864b-9fa013358c3e,222c2b52-47fd-4345-a6ec-a83ee05ccb12,0.0,2.0,0.0,False,1206bf83-f810-4517-a3d8-12e36de043c4,b0eedad6-3e96-47d3-a85d-4d3f56d1acb3,15.0,7.0,0.0,,False,True,b0eedad6-3e96-47d3-a85d-4d3f56d1acb3
Indywidualne Mistrzostwa Polski Middle-Earth SBG 2026 (IMP 2026),4acc2947-7325-4fd3-b6c5-26d158dcfc50,BITWA III - HOLD GROUND,7bfe8257-2d6b-4a8b-b938-0c0c4aa023e2,FINISHED,72f2de06-a6d2-412a-b911-b455d453bcd0,37,2026-03-07T06:31:38.360Z,0ee9b304-130a-4768-bc92-25875e065693,1857125d-c4f2-4a84-a26c-18ff4acbbcaf,15.0,15.0,0.0,False,445973c2-149f-4058-9026-134c0f99d8e3,f0b719fd-09d6-4d2a-a87c-bd6e7fcd6990,0.0,5.0,0.0,,True,False,1857125d-c4f2-4a84-a26c-18ff4acbbcaf
Indywidualne Mistrzostwa Polski Middle-Earth SBG 2026 (IMP 2026),4acc2947-7325-4fd3-b6c5-26d158dcfc50,BITWA III - HOLD GROUND,7bfe8257-2d6b-4a8b-b938-0c0c4aa023e2,FINISHED,d4fde20c-1db7-42bc-99c8-b2532466602e,38,2026-03-07T06:31:38.360Z,4f5b75da-67e5-4d95-87fc-e9b793b778d6,4eeae4b0-7922-4c5c-81d6-d8ed10484545,0.0,0.0,0.0,,d498216a-0cee-4711-bbd0-8d8b90a47525,4e8fbce8-9600-4b61-af86-6731e366fce3,15.0,15.0,0.0,True,False,True,4e8fbce8-9600-4b61-af86-6731e366fce3
Indywidualne Mistrzostwa Polski Middle-Earth SBG 2026 (IMP 2026),4acc2947-7325-4fd3-b6c5-26d158dcfc50,BITWA III - HOLD GROUND,7bfe8257-2d6b-4a8b-b938-0c0c4aa023e2,FINISHED,b51e21bc-11e1-410a-ab30-0792a4b10d2d,39,2026-03-07T06:31:38.360Z,9a0da186-4c76-4fcc-b9e6-dce515cbebdb,22a23162-8fd8-4dcc-833c-430aafa67491,0.0,3.0,0.0,True,b7b18cd0-57ea-4b3c-8c2a-ffb71a1e1709,b746219c-415e-46e0-8143-e8cbc9ae71d0,15.0,6.0,0.0,,False,True,b746219c-415e-46e0-8143-e8cbc9ae71d0
Indywidualne Mistrzostwa Polski Middle-Earth SBG 2026 (IMP 2026),4acc2947-7325-4fd3-b6c5-26d158dcfc50,BITWA III - HOLD GROUND,7bfe8257-2d6b-4a8b-b938-0c0c4aa023e2,FINISHED,e70adfe2-3edf-4f93-ba50-d0e91d1bbc2b,40,2026-03-07T06:31:38.360Z,8412dddc-0c00-4fe8-8d57-8eee81e0e06c,20a238b0-37e6-400b-a2a1-20935ab4cc00,0.0,0.0,0.0,,33b17ee5-1819-44b9-b51e-787208a3ee62,d7deccf7-cc03-46b4-a9a0-6e6e66317298,-999.0,13.0,0.0,,False,False,08219a4e-e2d0-4904-b18d-f0320cd8d48b
Indywidualne Mistrzostwa Polski Middle-Earth SBG 2026 (IMP 2026),4acc2947-7325-4fd3-b6c5-26d158dcfc50,BITWA III - HOLD GROUND,7bfe8257-2d6b-4a8b-b938-0c0c4aa023e2,FINISHED,7302aeab-e269-4ac1-a6e8-b1a81121b00a,41,2026-03-07T06:31:38.360Z,d0465c32-5334-4d08-b4fe-60dd28bdd990,9e5a191c-e93a-436d-b7b0-95d223dd6e2e,15.0,17.0,0.0,True,c06baed5-9857-4d76-b07b-e2427d9b84ff,0ad1e880-3db6-4577-84e8-1f7bb3702572,0.0,2.0,0.0,,True,False,9e5a191c-e93a-436d-b7b0-95d223dd6e2e
Indywidualne Mistrzostwa Polski Middle-Earth SBG 2026 (IMP 2026),4acc2947-7325-4fd3-b6c5-26d158dcfc50,BITWA III - HOLD GROUND,7bfe8257-2d6b-4a8b-b938-0c0c4aa023e2,FINISHED,f08cc1a2-ad9e-45ac-ba54-6b2b85393f58,42,2026-03-07T06:31:38.360Z,1ba17982-522a-4076-9ee9-b2f2ae49f6a3,1e4b9bdf-6062-4736-aef3-52bc568f8803,11.0,4.0,0.0,False,2d59b4e2-f907-495f-9020-def1daecd1e2,a8c5dace-3769-45a7-9812-c134eda0fcae,5.0,2.0,0.0,False,True,False,1e4b9bdf-6062-4736-aef3-52bc568f8803
Indywidualne Mistrzostwa Polski Middle-Earth SBG 2026 (IMP 2026),4acc2947-7325-4fd3-b6c5-26d158dcfc50,BITWA III - HOLD GROUND,7bfe8257-2d6b-4a8b-b938-0c0c4aa023e2,FINISHED,0ee63129-2564-4a2c-9193-4e41904c82db,43,2026-03-07T06:31:38.360Z,62b9e6dc-3816-486d-8d3e-710daa373cfd,ef720739-17ce-42ec-a9fb-2c6e361af86f,0.0,4.0,0.0,False,9e7032f5-22e4-441d-8957-985bd8f14cbc,d1928738-701d-4759-abe9-ff1123a28015,15.0,8.0,0.0,False,True,False,ef720739-17ce-42ec-a9fb-2c6e361af86f
Indywidualne Mistrzostwa Polski Middle-Earth SBG 2026 (IMP 2026),4acc2947-7325-4fd3-b6c5-26d158dcfc50,BITWA III - HOLD GROUND,7bfe8257-2d6b-4a8b-b938-0c0c4aa023e2,FINISHED,3270658b-bc4f-4742-b4b8-ebfb858a8283,44,2026-03-07T06:31:38.360Z,50a0d132-47af-4dd7-af13-d79ebdaff544,15e5a444-91c2-43fe-8b7b-c927354ca51a,11.0,5.0,0.0,False,a11ff409-7f23-457d-8fbc-47aff6ab7c7b,758ae748-3888-4bdf-b4f9-7972a8ac9948,5.0,4.0,0.0,,False,True,758ae748-3888-4bdf-b4f9-7972a8ac9948
Indywidualne Mistrzostwa Polski Middle-Earth SBG 2026 (IMP 2026),4acc2947-7325-4fd3-b6c5-26d158dcfc50,BITWA III - HOLD GROUND,7bfe8257-2d6b-4a8b-b938-0c0c4aa023e2,FINISHED,8a0c8ff2-2610-4353-911a-7a59cdd322ca,45,2026-03-07T06:31:38.360Z,eeffedb0-ba51-4570-be5b-92184a7a7ab4,813e33d8-2b98-45ed-8c3c-00af33dd4697,15.0,12.0,0.0,False,56c0bbb8-dd8b-4761-ba57-6432f860fc86,aa674303-96e8-485b-b3f9-815be61d14dc,0.0,3.0,0.0,,True,False,813e33d8-2b98-45ed-8c3c-00af33dd4697
Indywidualne Mistrzostwa Polski Middle-Earth SBG 2026 (IMP 2026),4acc2947-7325-4fd3-b6c5-26d158dcfc50,BITWA III - HOLD GROUND,7bfe8257-2d6b-4a8b-b938-0c0c4aa023e2,FINISHED,fdbd7121-9b86-4d8d-a26a-eb4cd92d225a,46,2026-03-07T06:31:38.360Z,cde45866-d51b-4766-98e4-3efeb624f96a,65805e1a-2bae-4663-a590-28d09e52152d,0.0,0.0,0.0,True,e7d9c430-da54-46d4-908a-6cb8b9fa441f,448193ff-e2b4-4650-898a-1dd8dc3fd5e1,15.0,18.0,0.0,,True,False,65805e1a-2bae-4663-a590-28d09e52152d
Indywidualne Mistrzostwa Polski Middle-Earth SBG 2026 (IMP 2026),4acc2947-7325-4fd3-b6c5-26d158dcfc50,BITWA III - HOLD GROUND,7bfe8257-2d6b-4a8b-b938-0c0c4aa023e2,FINISHED,19847674-a83e-421b-90ae-f80127d14abc,47,2026-03-07T06:31:38.360Z,d950687d-3646-4f42-9cda-57750f3f6b0d,6bbae723-3f56-4f46-b886-e4f179c50e93,0.0,5.0,0.0,False,6b8ad515-61e0-450a-8414-d51bddf667f4,a5f615bb-a42a-4084-98e7-426a4b15d6ac,15.0,14.0,0.0,False,True,True,6bbae723-3f56-4f46-b886-e4f179c50e93
Indywidualne Mistrzostwa Polski Middle-Earth SBG 2026 (IMP 2026),4acc2947-7325-4fd3-b6c5-26d158dcfc50,BITWA III - HOLD GROUND,7bfe8257-2d6b-4a8b-b938-0c0c4aa023e2,FINISHED,c352133f-a9fd-411d-8ed0-b0967c6a43dd,48,2026-03-07T06:31:38.360Z,33d740ae-4838-499d-9026-54bc37a3ce43,a10c88af-658f-4dbe-bb23-533f04cdfa24,15.0,12.0,0.0,False,93adfc0d-a679-4d1a-bbdd-06b90979d374,47a7936d-530e-4e10-8518-5a51bbe3ff41,0.0,2.0,0.0,,True,False,a10c88af-658f-4dbe-bb23-533f04cdfa24
Indywidualne Mistrzostwa Polski Middle-Earth SBG 2026 (IMP 2026),4acc2947-7325-4fd3-b6c5-26d158dcfc50,BITWA III - HOLD GROUND,7bfe8257-2d6b-4a8b-b938-0c0c4aa023e2,FINISHED,4f4502a4-5b3a-4a84-8f09-2a6c36a288fc,49,2026-03-07T06:31:38.360Z,c32473a6-37d9-4957-baa9-351e8449add5,7d79e669-7010-4328-bbf5-3f7203dddd9a,0.0,1.0,0.0,False,4861d49b-79b4-452d-ac85-f4083e10b827,3d714876-1192-47cf-a91e-7158e7e6c608,15.0,11.0,0.0,False,False,True,3d714876-1192-47cf-a91e-7158e7e6c608
Indywidualne Mistrzostwa Polski Middle-Earth SBG 2026 (IMP 2026),4acc2947-7325-4fd3-b6c5-26d158dcfc50,BITWA III - HOLD GROUND,7bfe8257-2d6b-4a8b-b938-0c0c4aa023e2,FINISHED,d10cc749-0bee-4fe8-b39a-8dfc5e198ae3,50,2026-03-07T06:31:38.360Z,cd924454-2b76-4a14-9f28-75e2dd906ad6,de5cbcdc-3bbc-430b-a716-53b4792437f9,15.0,20.0,0.0,False,61bc80ab-d418-44bb-b478-65db5ef59eb7,40ebe707-6a6c-4a85-aff5-58b2d0493daa,0.0,0.0,0.0,False,True,False,de5cbcdc-3bbc-430b-a716-53b4792437f9
Indywidualne Mistrzostwa Polski Middle-Earth SBG 2026 (IMP 2026),4acc2947-7325-4fd3-b6c5-26d158dcfc50,BITWA III - HOLD GROUND,7bfe8257-2d6b-4a8b-b938-0c0c4aa023e2,FINISHED,67f736d9-a3f3-4951-8c30-b2037058f404,51,2026-03-07T06:31:38.360Z,9afe14c4-f89e-4283-ac23-4a4ea1daab04,bbe7d7b9-232d-4b4d-a17a-5f4c72ea758b,15.0,5.0,0.0,False,c3f310ec-9f10-4ccb-8351-139d47566101,4edd7b4a-f5e4-4136-9363-aa93d7e9b8e3,0.0,1.0,0.0,False,False,True,4edd7b4a-f5e4-4136-9363-aa93d7e9b8e3
Indywidualne Mistrzostwa Polski Middle-Earth SBG 2026 (IMP 2026),4acc2947-7325-4fd3-b6c5-26d158dcfc50,BITWA III - HOLD GROUND,7bfe8257-2d6b-4a8b-b938-0c0c4aa023e2,FINISHED,6756112f-d4d5-4fb2-a8f8-5c1c477ddcd9,52,2026-03-07T06:31:38.360Z,70ac3526-a3b6-4ea2-afdb-6b230bdd3b0c,9fa82917-385d-469e-84c0-8db3e5214cd5,15.0,10.0,0.0,False,4176a1d4-4c36-4aad-834a-6506d7537a6a,f5bcca05-14a2-4c47-8a81-379d5c4ee992,0.0,0.0,0.0,True,True,False,9fa82917-385d-469e-84c0-8db3e5214cd5
Indywidualne Mistrzostwa Polski Middle-Earth SBG 2026 (IMP 2026),4acc2947-7325-4fd3-b6c5-26d158dcfc50,BITWA III - HOLD GROUND,7bfe8257-2d6b-4a8b-b938-0c0c4aa023e2,FINISHED,78b87cdd-12bb-4d60-82b2-3ca81f7473a3,53,2026-03-07T06:31:38.360Z,dc512c7b-18a8-4cf4-93c6-1525b422f68c,bcef8b98-d13e-41a3-a8d0-86063d765955,0.0,3.0,0.0,False,7d0457ce-6d47-41c4-99e5-8726e501e798,6fbfdbec-7d0c-4900-a4a5-7bdf560ca7a2,15.0,20.0,0.0,True,False,True,6fbfdbec-7d0c-4900-a4a5-7bdf560ca7a2
Indywidualne Mistrzostwa Polski Middle-Earth SBG 2026 (IMP 2026),4acc2947-7325-4fd3-b6c5-26d158dcfc50,BITWA III - HOLD GROUND,7bfe8257-2d6b-4a8b-b938-0c0c4aa023e2,FINISHED,bfc19ece-cddc-4522-8a4f-7ff43f408586,54,2026-03-07T06:31:38.360Z,7a11dd61-3ee2-47ea-a95e-79a685e8b108,69a11808-e3ca-44e5-9ac0-e4d735625b21,0.0,0.0,0.0,,61b5f34f-bbaa-46cd-93b5-3c5a590313e0,5dd629bc-7618-4bd4-9b02-0c13fc7b7a34,15.0,20.0,0.0,True,False,True,5dd629bc-7618-4bd4-9b02-0c13fc7b7a34
Indywidualne Mistrzostwa Polski Middle-Earth SBG 2026 (IMP 2026),4acc2947-7325-4fd3-b6c5-26d158dcfc50,BITWA III - HOLD GROUND,7bfe8257-2d6b-4a8b-b938-0c0c4aa023e2,FINISHED,31519216-e86c-4fdc-86db-c6d0a6bca0c3,55,2026-03-07T06:31:38.360Z,f2aa126f-23e7-4c10-bfb6-28dceed6a574,e11c9221-5fee-4a26-b4a8-23f3ee654de2,15.0,5.0,0.0,False,8ca3acac-61dc-40a3-9ba8-a5a56490e096,e2970df6-81f0-48df-89ac-2c66a06f30e7,0.0,2.0,0.0,True,True,False,e11c9221-5fee-4a26-b4a8-23f3ee654de2
Indywidualne Mistrzostwa Polski Middle-Earth SBG 2026 (IMP 2026),4acc2947-7325-4fd3-b6c5-26d158dcfc50,BITWA III - HOLD GROUND,7bfe8257-2d6b-4a8b-b938-0c0c4aa023e2,FINISHED,d9329b95-9157-4312-98cf-349a11b2cc71,56,2026-03-07T06:31:38.360Z,ef2b7cb8-4eaf-41e8-9ff4-2566794755be,02e912fd-a2c2-4725-a3a6-e9d4fea52a31,7.0,3.0,0.0,,98f06541-5f38-49fb-9725-1b820288f6e2,13a4ddbb-8db9-4160-b1e8-372365ed4e8d,7.0,3.0,0.0,False,False,True,13a4ddbb-8db9-4160-b1e8-372365ed4e8d
Indywidualne Mistrzostwa Polski Middle-Earth SBG 2026 (IMP 2026),4acc2947-7325-4fd3-b6c5-26d158dcfc50,BITWA III - HOLD GROUND,7bfe8257-2d6b-4a8b-b938-0c0c4aa023e2,FINISHED,65758b37-1a44-490f-8464-9845c52956f6,57,2026-03-07T06:31:38.360Z,5edfcdc3-e73c-4c86-9ed4-fdb3f42b15c9,1279e92f-2cd2-4ab8-855a-9630a43d2c60,15.0,20.0,0.0,True,0638608c-0d27-454e-947d-c1327e339a95,627d904e-046e-45b7-b7ec-d237aafc54c1,0.0,2.0,0.0,False,True,False,1279e92f-2cd2-4ab8-855a-9630a43d2c60
Indywidualne Mistrzostwa Polski Middle-Earth SBG 2026 (IMP 2026),4acc2947-7325-4fd3-b6c5-26d158dcfc50,BITWA III - HOLD GROUND,7bfe8257-2d6b-4a8b-b938-0c0c4aa023e2,FINISHED,405343ad-fc22-44f4-9d7f-de27df3b13df,58,2026-03-07T06:31:38.360Z,aba9e816-2db4-4645-9506-1393e3d09a6e,93cda88b-c976-4e61-8f65-9a5a5f1ecf7b,15.0,11.0,0.0,False,04931482-d1cf-471a-8b1e-9435e7353159,9d5bc521-d1ac-416e-952c-926b6aef9e60,0.0,0.0,0.0,False,True,False,93cda88b-c976-4e61-8f65-9a5a5f1ecf7b
Indywidualne Mistrzostwa Polski Middle-Earth SBG 2026 (IMP 2026),4acc2947-7325-4fd3-b6c5-26d158dcfc50,BITWA III - HOLD GROUND,7bfe8257-2d6b-4a8b-b938-0c0c4aa023e2,FINISHED,6bc576d6-6f8d-48f4-9237-1c00f03e3c4c,59,2026-03-07T06:31:38.360Z,5d6036cb-ef4f-47c2-9e83-2e8067cd0bdb,8c340f26-1543-4335-8b37-d814614b81f9,0.0,3.0,0.0,True,410a4e04-3cba-4ebd-ab2e-28c32653a44a,6dead819-2363-4244-ab43-933ee534235f,15.0,17.0,0.0,False,False,True,6dead819-2363-4244-ab43-933ee534235f
Indywidualne Mistrzostwa Polski Middle-Earth SBG 2026 (IMP 2026),4acc2947-7325-4fd3-b6c5-26d158dcfc50,BITWA III - HOLD GROUND,7bfe8257-2d6b-4a8b-b938-0c0c4aa023e2,FINISHED,9a60c1cd-c836-49a9-922e-6872ea471ed6,60,2026-03-07T06:31:38.360Z,5dd4c63d-97d2-4182-8aa9-09dedfc5a342,224b8d3d-7e1f-4095-853a-088883879195,11.0,4.0,0.0,,98894c15-ada0-48b5-b560-e3fd57afa7c0,6841eef6-931a-4375-ae1b-79843a97a82e,5.0,0.0,0.0,,False,True,6841eef6-931a-4375-ae1b-79843a97a82e
Indywidualne Mistrzostwa Polski Middle-Earth SBG 2026 (IMP 2026),4acc2947-7325-4fd3-b6c5-26d158dcfc50,BITWA III - HOLD GROUND,7bfe8257-2d6b-4a8b-b938-0c0c4aa023e2,FINISHED,60839514-6dee-4468-b2db-0ec33f597c2d,61,2026-03-07T06:31:38.360Z,7aba2a0f-7a6c-42c8-b0b7-a861f77e1ffb,ad4836af-7b5d-4389-a937-446249ae3deb,0.0,0.0,0.0,False,a361b4b6-c70f-4bd9-906a-edbf66bf2557,5aa7d708-6938-4f9e-b4d9-ef2e49b6f5f5,15.0,8.0,0.0,False,True,False,ad4836af-7b5d-4389-a937-446249ae3deb
Indywidualne Mistrzostwa Polski Middle-Earth SBG 2026 (IMP 2026),4acc2947-7325-4fd3-b6c5-26d158dcfc50,BITWA III - HOLD GROUND,7bfe8257-2d6b-4a8b-b938-0c0c4aa023e2,FINISHED,a0b03393-a65d-4e49-87ea-f896a9bc2eaa,62,2026-03-07T06:31:38.360Z,76eaca55-604b-419f-a784-f6d55a2540a9,cbfbcd40-cbf7-4546-885f-4d061496fe8c,0.0,0.0,0.0,,077f0623-6b57-4b13-a621-cfd157e3751c,4c85220b-667f-4d0b-b719-9c9ae145792d,15.0,9.0,0.0,False,False,True,4c85220b-667f-4d0b-b719-9c9ae145792d
Indywidualne Mistrzostwa Polski Middle-Earth SBG 2026 (IMP 2026),4acc2947-7325-4fd3-b6c5-26d158dcfc50,BITWA III - HOLD GROUND,7bfe8257-2d6b-4a8b-b938-0c0c4aa023e2,FINISHED,bce6b09d-a835-4b62-8f47-b52d972a7ca1,63,2026-03-07T06:31:38.360Z,45c3f6db-b03e-4945-ae16-1a3321b6b9eb,64a59e06-3985-4400-b26f-6528e57ac2d7,-999.0,4.0,0.0,False,eb2faf85-9c74-427a-966f-9f77ba71b56d,cb67ea1b-6562-48e3-99e2-c7d66c880c28,15.0,18.0,0.0,False,False,False,08219a4e-e2d0-4904-b18d-f0320cd8d48b
Indywidualne Mistrzostwa Polski Middle-Earth SBG 2026 (IMP 2026),4acc2947-7325-4fd3-b6c5-26d158dcfc50,BITWA III - HOLD GROUND,7bfe8257-2d6b-4a8b-b938-0c0c4aa023e2,FINISHED,0b47f6bc-a6d4-46dd-9cba-00ee6c4f4db7,64,2026-03-07T06:31:38.360Z,95f8ed0a-f40f-4be0-a02f-cb92005c57d0,68bf04f5-3d30-4e15-9d0e-10ff004496e9,15.0,15.0,0.0,True,a1ff9438-3fd2-42cb-ae4a-73967be095a3,1e2ff82c-8d15-489c-bbfd-dca8a2156d20,0.0,0.0,0.0,True,True,False,68bf04f5-3d30-4e15-9d0e-10ff004496e9
Indywidualne Mistrzostwa Polski Middle-Earth SBG 2026 (IMP 2026),4acc2947-7325-4fd3-b6c5-26d158dcfc50,BITWA III - HOLD GROUND,7bfe8257-2d6b-4a8b-b938-0c0c4aa023e2,FINISHED,7ad52a04-9e9b-4e96-9d80-ef71e336764e,65,2026-03-07T06:31:38.360Z,c1cd9d42-4411-4072-b0ce-14aa45cd742c,cd36b01c-87a1-47c9-b877-a65940b24b12,0.0,1.0,0.0,True,dc1fcf51-1ac9-4c9d-a7bf-0d7b757f496a,9357ea2e-af38-453d-9c2f-b828d5ccdfb6,15.0,5.0,0.0,True,True,False,cd36b01c-87a1-47c9-b877-a65940b24b12
Indywidualne Mistrzostwa Polski Middle-Earth SBG 2026 (IMP 2026),4acc2947-7325-4fd3-b6c5-26d158dcfc50,BITWA IV - DESTROY THE SUPPLIE,601986ce-7278-442c-9043-79eac4d16fef,FINISHED,b2bb1b2c-27a8-47aa-8175-a0f53a868ebc,0,2026-03-07T16:28:53.140Z,eb6aeb31-54ed-4ba6-bb41-0aedd3e0ef7c,5dd629bc-7618-4bd4-9b02-0c13fc7b7a34,5.0,7.0,0.0,False,dea04953-ee9c-47ed-bdb7-e1d803744826,804c4802-b3bc-41ec-9f1b-de92ffe4897e,11.0,12.0,0.0,False,False,True,804c4802-b3bc-41ec-9f1b-de92ffe4897e
Indywidualne Mistrzostwa Polski Middle-Earth SBG 2026 (IMP 2026),4acc2947-7325-4fd3-b6c5-26d158dcfc50,BITWA IV - DESTROY THE SUPPLIE,601986ce-7278-442c-9043-79eac4d16fef,FINISHED,ea9eacd0-2f84-4b50-8718-4a7b80bac47b,1,2026-03-07T16:28:53.140Z,3b6c33a2-3382-4f6a-91e2-3b09204ba79f,9e5a191c-e93a-436d-b7b0-95d223dd6e2e,11.0,11.0,0.0,True,26ac7cb6-4da9-4ef8-85e3-b505a302d97a,5f6a7ffa-1a94-4176-a2f0-42f18d04a39e,5.0,9.0,0.0,True,True,False,9e5a191c-e93a-436d-b7b0-95d223dd6e2e
Indywidualne Mistrzostwa Polski Middle-Earth SBG 2026 (IMP 2026),4acc2947-7325-4fd3-b6c5-26d158dcfc50,BITWA IV - DESTROY THE SUPPLIE,601986ce-7278-442c-9043-79eac4d16fef,FINISHED,cdfec886-72d3-4559-9a3f-95b1399c2344,2,2026-03-07T16:28:53.140Z,4fdc0f03-d67b-4cae-8535-92d34fd40014,4c85220b-667f-4d0b-b719-9c9ae145792d,11.0,8.0,0.0,False,1c81aa6a-b6d7-45f1-adfa-ab5059cb174c,4e8fbce8-9600-4b61-af86-6731e366fce3,5.0,7.0,0.0,False,True,False,4c85220b-667f-4d0b-b719-9c9ae145792d
Indywidualne Mistrzostwa Polski Middle-Earth SBG 2026 (IMP 2026),4acc2947-7325-4fd3-b6c5-26d158dcfc50,BITWA IV - DESTROY THE SUPPLIE,601986ce-7278-442c-9043-79eac4d16fef,FINISHED,fcc72b47-747f-4551-bd38-c4f227ad0f21,3,2026-03-07T16:28:53.140Z,26c23ee1-0fa1-43ea-9a43-fe5ab20b1060,8076af08-a8fe-455c-8c1a-2e5d7f2ad3eb,7.0,14.0,0.0,False,b20d8a14-1e19-452f-9385-b3c02146dbf1,71f045ad-ce24-4e8b-865a-1dc0f634a42d,7.0,14.0,0.0,True,False,True,71f045ad-ce24-4e8b-865a-1dc0f634a42d
Indywidualne Mistrzostwa Polski Middle-Earth SBG 2026 (IMP 2026),4acc2947-7325-4fd3-b6c5-26d158dcfc50,BITWA IV - DESTROY THE SUPPLIE,601986ce-7278-442c-9043-79eac4d16fef,FINISHED,c88d38bf-c873-4bf7-a7cf-80b4a99aa934,4,2026-03-07T16:28:53.140Z,dc4f45dd-2719-4cba-9677-216c00e4e938,475ff286-fcbc-4c49-bac5-e3002c4bdf14,11.0,4.0,0.0,True,df7918ed-3093-4490-ad4a-f3b0d8f010f2,7825ed24-d5e7-4e12-b627-23c81c278c00,5.0,1.0,0.0,,True,False,475ff286-fcbc-4c49-bac5-e3002c4bdf14
Indywidualne Mistrzostwa Polski Middle-Earth SBG 2026 (IMP 2026),4acc2947-7325-4fd3-b6c5-26d158dcfc50,BITWA IV - DESTROY THE SUPPLIE,601986ce-7278-442c-9043-79eac4d16fef,FINISHED,ae4e84f1-1e64-4443-88e6-6bf0d32d2b5c,5,2026-03-07T16:28:53.140Z,82570bf8-6ebd-40dd-93d8-1649f4a42601,b6f0e023-257d-472b-af43-78e56d559cae,5.0,10.0,0.0,False,c57a3b10-b424-47bc-be7f-a852d1cedc38,a5f615bb-a42a-4084-98e7-426a4b15d6ac,11.0,13.0,0.0,False,False,True,a5f615bb-a42a-4084-98e7-426a4b15d6ac
Indywidualne Mistrzostwa Polski Middle-Earth SBG 2026 (IMP 2026),4acc2947-7325-4fd3-b6c5-26d158dcfc50,BITWA IV - DESTROY THE SUPPLIE,601986ce-7278-442c-9043-79eac4d16fef,FINISHED,7b2ad57a-6d13-44b0-b9e3-aabe3b916311,6,2026-03-07T16:28:53.140Z,cb7a2b76-5469-4ad0-94ff-d910800dbac2,93cda88b-c976-4e61-8f65-9a5a5f1ecf7b,15.0,10.0,0.0,True,bda66480-f055-4756-9cd2-10d2eccbc631,457f9c1a-0e9a-4c0e-ae41-7f00e3646fba,0.0,0.0,0.0,,True,False,93cda88b-c976-4e61-8f65-9a5a5f1ecf7b
Indywidualne Mistrzostwa Polski Middle-Earth SBG 2026 (IMP 2026),4acc2947-7325-4fd3-b6c5-26d158dcfc50,BITWA IV - DESTROY THE SUPPLIE,601986ce-7278-442c-9043-79eac4d16fef,FINISHED,0ea2db0d-ab5e-48e7-951b-1fa5472b7510,7,2026-03-07T16:28:53.140Z,8074a732-8efa-49b5-b90a-25997ff39b10,1403a8fb-39a4-4e2f-b6cd-5d7e334df789,5.0,8.0,0.0,True,ca17716f-adfb-4c7b-a6ed-b0a841953d40,9357ea2e-af38-453d-9c2f-b828d5ccdfb6,11.0,14.0,0.0,True,False,True,9357ea2e-af38-453d-9c2f-b828d5ccdfb6
Indywidualne Mistrzostwa Polski Middle-Earth SBG 2026 (IMP 2026),4acc2947-7325-4fd3-b6c5-26d158dcfc50,BITWA IV - DESTROY THE SUPPLIE,601986ce-7278-442c-9043-79eac4d16fef,FINISHED,b5d10dbc-45fb-4550-b638-eb5225366049,8,2026-03-07T16:28:53.140Z,2f277f48-ef31-4ab1-a471-0eff1f9e5cfb,6fbfdbec-7d0c-4900-a4a5-7bdf560ca7a2,0.0,4.0,0.0,True,558ba74e-3c4c-4ed6-b90b-d49801871008,88eff5e1-e5fa-40df-ac60-dd5cb0c71bad,15.0,11.0,0.0,False,False,True,88eff5e1-e5fa-40df-ac60-dd5cb0c71bad
Indywidualne Mistrzostwa Polski Middle-Earth SBG 2026 (IMP 2026),4acc2947-7325-4fd3-b6c5-26d158dcfc50,BITWA IV - DESTROY THE SUPPLIE,601986ce-7278-442c-9043-79eac4d16fef,FINISHED,bfa93f01-5450-4ed6-b673-cf6240aa71ae,9,2026-03-07T16:28:53.140Z,be0cbf88-ab29-467c-a6bd-45ae003fbf9f,a10c88af-658f-4dbe-bb23-533f04cdfa24,0.0,7.0,0.0,False,4b538da1-ff92-43dd-968e-1a5738226d5b,21c12fb0-4289-4df3-8bad-f18c2a49fd0d,15.0,14.0,0.0,True,False,True,21c12fb0-4289-4df3-8bad-f18c2a49fd0d
Indywidualne Mistrzostwa Polski Middle-Earth SBG 2026 (IMP 2026),4acc2947-7325-4fd3-b6c5-26d158dcfc50,BITWA IV - DESTROY THE SUPPLIE,601986ce-7278-442c-9043-79eac4d16fef,FINISHED,58e4db06-ea33-4c0e-bc6b-df621c0f1dd8,10,2026-03-07T16:28:53.140Z,782f3d89-3e4a-4099-9675-3a6c2cf6c0f9,081b732c-68ef-4404-bf2c-b56519b96acd,15.0,13.0,0.0,False,85fc4420-743b-4837-80ab-8129a9ef4ea2,5f55d7f6-e77c-45a0-b083-60691560a665,0.0,6.0,0.0,True,True,False,081b732c-68ef-4404-bf2c-b56519b96acd
Indywidualne Mistrzostwa Polski Middle-Earth SBG 2026 (IMP 2026),4acc2947-7325-4fd3-b6c5-26d158dcfc50,BITWA IV - DESTROY THE SUPPLIE,601986ce-7278-442c-9043-79eac4d16fef,FINISHED,700ecac7-e1df-4a84-8257-c65ddbde9484,11,2026-03-07T16:28:53.140Z,f2ee7828-cc0a-487e-bc0e-a6e1db30656f,c451779b-6172-4e1a-acbd-1b387949849d,15.0,18.0,0.0,False,33eac831-a3fd-4976-a7d6-04e2473cce75,1279e92f-2cd2-4ab8-855a-9630a43d2c60,0.0,3.0,0.0,False,True,False,c451779b-6172-4e1a-acbd-1b387949849d
Indywidualne Mistrzostwa Polski Middle-Earth SBG 2026 (IMP 2026),4acc2947-7325-4fd3-b6c5-26d158dcfc50,BITWA IV - DESTROY THE SUPPLIE,601986ce-7278-442c-9043-79eac4d16fef,FINISHED,ce604f33-6093-4014-b5d3-a2f310778dbf,12,2026-03-07T16:28:53.140Z,0df77b36-b641-44e6-a571-6eaca8ec260b,48655433-fa77-4b22-b13e-a33b593f1a57,5.0,0.0,0.0,False,3680f5ed-f42b-4ccb-bc56-b0c0dfaf771b,15e5a444-91c2-43fe-8b7b-c927354ca51a,11.0,4.0,0.0,True,False,True,15e5a444-91c2-43fe-8b7b-c927354ca51a
Indywidualne Mistrzostwa Polski Middle-Earth SBG 2026 (IMP 2026),4acc2947-7325-4fd3-b6c5-26d158dcfc50,BITWA IV - DESTROY THE SUPPLIE,601986ce-7278-442c-9043-79eac4d16fef,FINISHED,3d676b07-faeb-4bf0-ba8b-fe2fd2e2dd0c,13,2026-03-07T16:28:53.140Z,e605cb00-7025-490a-9990-734aea240688,bd51334f-700f-46ea-9801-7fa43e9c53d0,15.0,10.0,0.0,False,5ed25d75-9c65-4586-ba81-3724ac04dd6a,bbe7d7b9-232d-4b4d-a17a-5f4c72ea758b,0.0,1.0,0.0,True,True,False,bd51334f-700f-46ea-9801-7fa43e9c53d0
Indywidualne Mistrzostwa Polski Middle-Earth SBG 2026 (IMP 2026),4acc2947-7325-4fd3-b6c5-26d158dcfc50,BITWA IV - DESTROY THE SUPPLIE,601986ce-7278-442c-9043-79eac4d16fef,FINISHED,c1a91890-b9f4-4571-84cd-c6dfea39088f,14,2026-03-07T16:28:53.140Z,276630a2-50ae-4d26-a0d2-350feedd7f28,8e40b208-0e62-4a37-8228-f003566dc4a7,7.0,3.0,0.0,True,5e53fc5d-7b6e-4c94-a79a-ba4dd1147f12,a15d42d2-401a-42d5-a0e7-e8f88c780302,7.0,3.0,0.0,,False,True,a15d42d2-401a-42d5-a0e7-e8f88c780302
Indywidualne Mistrzostwa Polski Middle-Earth SBG 2026 (IMP 2026),4acc2947-7325-4fd3-b6c5-26d158dcfc50,BITWA IV - DESTROY THE SUPPLIE,601986ce-7278-442c-9043-79eac4d16fef,FINISHED,893348c0-5d09-4c94-b77a-61c7ab123ce6,15,2026-03-07T16:28:53.140Z,e9bc25e1-7e4a-43b6-9531-142a2f6eb927,3d714876-1192-47cf-a91e-7158e7e6c608,15.0,17.0,0.0,False,4dae9fbd-9bff-41fb-a6b7-2962f93c53d9,9fa82917-385d-469e-84c0-8db3e5214cd5,0.0,3.0,0.0,False,True,False,3d714876-1192-47cf-a91e-7158e7e6c608
Indywidualne Mistrzostwa Polski Middle-Earth SBG 2026 (IMP 2026),4acc2947-7325-4fd3-b6c5-26d158dcfc50,BITWA IV - DESTROY THE SUPPLIE,601986ce-7278-442c-9043-79eac4d16fef,FINISHED,d329bfb4-194e-4961-801a-237c602a37d5,16,2026-03-07T16:28:53.140Z,b1be5b9a-3513-49ef-9c2a-7c0b7f9a8698,813e33d8-2b98-45ed-8c3c-00af33dd4697,5.0,0.0,0.0,False,11d6637f-5eb4-4c46-8013-b5d5e8bdbab0,2f1215b6-dd3c-44cc-9604-ee8e4b42553c,11.0,2.0,0.0,False,False,True,2f1215b6-dd3c-44cc-9604-ee8e4b42553c
Indywidualne Mistrzostwa Polski Middle-Earth SBG 2026 (IMP 2026),4acc2947-7325-4fd3-b6c5-26d158dcfc50,BITWA IV - DESTROY THE SUPPLIE,601986ce-7278-442c-9043-79eac4d16fef,FINISHED,9205c0ee-91f9-46a9-a6d7-28d011440378,17,2026-03-07T16:28:53.140Z,4548cf71-c6c7-4faf-b119-82da4498dabe,a8c5dace-3769-45a7-9812-c134eda0fcae,11.0,14.0,0.0,False,5458797c-f1be-4cfb-9e65-b99e9347c94c,b0eedad6-3e96-47d3-a85d-4d3f56d1acb3,5.0,12.0,0.0,,True,False,a8c5dace-3769-45a7-9812-c134eda0fcae
Indywidualne Mistrzostwa Polski Middle-Earth SBG 2026 (IMP 2026),4acc2947-7325-4fd3-b6c5-26d158dcfc50,BITWA IV - DESTROY THE SUPPLIE,601986ce-7278-442c-9043-79eac4d16fef,FINISHED,c2fbaefd-d06a-457f-998e-d1cb51451025,18,2026-03-07T16:28:53.140Z,e5bce9f1-9b7c-4761-9fbd-210a16dbc4d8,1e4b9bdf-6062-4736-aef3-52bc568f8803,11.0,5.0,0.0,True,85c651a8-1096-40d5-82ac-167b8cbe81e9,62553300-be05-4e64-a57e-a9d7ea1b9e88,5.0,4.0,0.0,False,True,False,1e4b9bdf-6062-4736-aef3-52bc568f8803
Indywidualne Mistrzostwa Polski Middle-Earth SBG 2026 (IMP 2026),4acc2947-7325-4fd3-b6c5-26d158dcfc50,BITWA IV - DESTROY THE SUPPLIE,601986ce-7278-442c-9043-79eac4d16fef,FINISHED,30ed26e3-6488-449c-ae56-ae81a32b99dc,19,2026-03-07T16:28:53.140Z,f1347a32-40a4-4c69-81d8-88e071a77677,e99aafd2-d310-49bd-b0d5-b12b6acd1600,15.0,8.0,0.0,,7c487c03-19bb-4db7-b830-02eb164077fd,93d647e6-e5b4-4797-8941-dcfb38fd8b6e,0.0,1.0,0.0,True,True,False,e99aafd2-d310-49bd-b0d5-b12b6acd1600
Indywidualne Mistrzostwa Polski Middle-Earth SBG 2026 (IMP 2026),4acc2947-7325-4fd3-b6c5-26d158dcfc50,BITWA IV - DESTROY THE SUPPLIE,601986ce-7278-442c-9043-79eac4d16fef,FINISHED,e8004385-4ccf-4fd8-a755-8b33126eea80,20,2026-03-07T16:28:53.140Z,9d33dc24-0b08-47d0-890b-209b515d91be,d70e3320-c102-4867-b84f-be1398cfbf01,5.0,9.0,0.0,False,322126d2-5fa8-4441-b099-aad1ec4c434c,bff31d63-a3e1-44f4-a02b-c9649b590cc2,11.0,11.0,0.0,True,False,True,bff31d63-a3e1-44f4-a02b-c9649b590cc2
Indywidualne Mistrzostwa Polski Middle-Earth SBG 2026 (IMP 2026),4acc2947-7325-4fd3-b6c5-26d158dcfc50,BITWA IV - DESTROY THE SUPPLIE,601986ce-7278-442c-9043-79eac4d16fef,FINISHED,b2a2f9bf-fb40-41bd-877b-02c8f7964386,21,2026-03-07T16:28:53.140Z,aa129e85-bb7b-4fe3-b5e8-d019158c5102,cb67ea1b-6562-48e3-99e2-c7d66c880c28,0.0,1.0,0.0,False,715b29f4-c7f7-4574-8ac0-a1602c6eccb8,7fa5ba4b-28df-44e8-a4f2-d87072e98a2b,15.0,11.0,0.0,True,False,True,7fa5ba4b-28df-44e8-a4f2-d87072e98a2b
Indywidualne Mistrzostwa Polski Middle-Earth SBG 2026 (IMP 2026),4acc2947-7325-4fd3-b6c5-26d158dcfc50,BITWA IV - DESTROY THE SUPPLIE,601986ce-7278-442c-9043-79eac4d16fef,FINISHED,b1b3072d-2275-415d-843e-33f520a48aaa,22,2026-03-07T16:28:53.140Z,a9fc06b4-1061-41b3-b912-c3b01b0adb57,309de8ee-ad9e-4a87-911b-e3a5d480d491,5.0,10.0,0.0,,ba8ea220-3f56-4cb2-b18c-42b3d2d97cf7,6df80142-0804-43f3-910e-3d51131586cf,11.0,14.0,0.0,False,False,False,08219a4e-e2d0-4904-b18d-f0320cd8d48b
Indywidualne Mistrzostwa Polski Middle-Earth SBG 2026 (IMP 2026),4acc2947-7325-4fd3-b6c5-26d158dcfc50,BITWA IV - DESTROY THE SUPPLIE,601986ce-7278-442c-9043-79eac4d16fef,FINISHED,cab34f2f-7225-4542-9a14-1f8750fe2800,23,2026-03-07T16:28:53.140Z,b27528d0-94f6-451d-ae17-fa22c305cf55,6bbae723-3f56-4f46-b886-e4f179c50e93,15.0,9.0,0.0,True,9f15f7e7-315a-4225-80c3-143b28a379bf,7508e7c6-6d9d-46a3-a29f-dc70f0917a46,0.0,3.0,0.0,False,True,False,6bbae723-3f56-4f46-b886-e4f179c50e93
Indywidualne Mistrzostwa Polski Middle-Earth SBG 2026 (IMP 2026),4acc2947-7325-4fd3-b6c5-26d158dcfc50,BITWA IV - DESTROY THE SUPPLIE,601986ce-7278-442c-9043-79eac4d16fef,FINISHED,bac22396-2fdc-4a9f-ba2b-2f8d0378f478,24,2026-03-07T16:28:53.140Z,31270423-0398-429a-a45a-8cced8571637,222c2b52-47fd-4345-a6ec-a83ee05ccb12,15.0,17.0,0.0,True,55594bd5-6a09-4207-89d2-9c1cf58195d8,ac23a3ec-2b0f-4d94-8575-948ae2f7eb83,0.0,3.0,0.0,False,False,True,ac23a3ec-2b0f-4d94-8575-948ae2f7eb83
Indywidualne Mistrzostwa Polski Middle-Earth SBG 2026 (IMP 2026),4acc2947-7325-4fd3-b6c5-26d158dcfc50,BITWA IV - DESTROY THE SUPPLIE,601986ce-7278-442c-9043-79eac4d16fef,FINISHED,84d21894-1e55-495f-95a7-32d0061026d7,25,2026-03-07T16:28:53.140Z,ede39373-d1fd-4404-8979-639a387fe082,3723b773-cadb-46d3-8758-e1260476e981,-999.0,3.0,0.0,,a2f1bada-0b1f-4fbe-8bc5-6d4f9199dcf4,9d5bc521-d1ac-416e-952c-926b6aef9e60,15.0,17.0,0.0,True,False,False,08219a4e-e2d0-4904-b18d-f0320cd8d48b
Indywidualne Mistrzostwa Polski Middle-Earth SBG 2026 (IMP 2026),4acc2947-7325-4fd3-b6c5-26d158dcfc50,BITWA IV - DESTROY THE SUPPLIE,601986ce-7278-442c-9043-79eac4d16fef,FINISHED,e1604c2d-f808-403c-bc7f-f15157c2159d,26,2026-03-07T16:28:53.140Z,b9f145b9-d2dd-4e1e-9dd1-50c5c6941dac,4edd7b4a-f5e4-4136-9363-aa93d7e9b8e3,-999.0,0.0,0.0,True,bb9eb04a-f16e-4876-835e-344d27b9680a,970b04fa-4663-4c49-8a54-756a10c82c07,11.0,4.0,0.0,False,False,False,08219a4e-e2d0-4904-b18d-f0320cd8d48b
Indywidualne Mistrzostwa Polski Middle-Earth SBG 2026 (IMP 2026),4acc2947-7325-4fd3-b6c5-26d158dcfc50,BITWA IV - DESTROY THE SUPPLIE,601986ce-7278-442c-9043-79eac4d16fef,FINISHED,ebf5939e-3877-4c1c-b1c1-93b063dc66a9,27,2026-03-07T16:28:53.140Z,a876860c-cf57-4828-a698-025c6eb2658a,b746219c-415e-46e0-8143-e8cbc9ae71d0,11.0,7.0,0.0,,ca5ff68a-f81c-46b8-92e8-0a49ee1f0819,e11c9221-5fee-4a26-b4a8-23f3ee654de2,5.0,4.0,0.0,True,True,True,b746219c-415e-46e0-8143-e8cbc9ae71d0
Indywidualne Mistrzostwa Polski Middle-Earth SBG 2026 (IMP 2026),4acc2947-7325-4fd3-b6c5-26d158dcfc50,BITWA IV - DESTROY THE SUPPLIE,601986ce-7278-442c-9043-79eac4d16fef,FINISHED,8062550a-086d-4dd3-b2f5-e5a5fd7d13c1,28,2026-03-07T16:28:53.140Z,b2728f2c-b673-4b7a-90bd-aa323484bd08,ad4836af-7b5d-4389-a937-446249ae3deb,0.0,0.0,0.0,True,f6dad516-acf7-4d26-8eaa-ed1494b3a63d,0ad1e880-3db6-4577-84e8-1f7bb3702572,15.0,14.0,0.0,,False,True,0ad1e880-3db6-4577-84e8-1f7bb3702572
Indywidualne Mistrzostwa Polski Middle-Earth SBG 2026 (IMP 2026),4acc2947-7325-4fd3-b6c5-26d158dcfc50,BITWA IV - DESTROY THE SUPPLIE,601986ce-7278-442c-9043-79eac4d16fef,FINISHED,29aa5b90-70be-478c-81ca-7d21e609be78,29,2026-03-07T16:28:53.140Z,e4e34d5d-65f8-4f48-941f-9ff44de764cf,1857125d-c4f2-4a84-a26c-18ff4acbbcaf,0.0,0.0,0.0,True,610ab5db-487b-4c84-a6b3-cabb3da66290,cd36b01c-87a1-47c9-b877-a65940b24b12,15.0,7.0,0.0,True,False,True,cd36b01c-87a1-47c9-b877-a65940b24b12
Indywidualne Mistrzostwa Polski Middle-Earth SBG 2026 (IMP 2026),4acc2947-7325-4fd3-b6c5-26d158dcfc50,BITWA IV - DESTROY THE SUPPLIE,601986ce-7278-442c-9043-79eac4d16fef,FINISHED,544bd28b-c3ce-458b-8e0f-4df8538d99c1,30,2026-03-07T16:28:53.140Z,4e977b4b-df44-4cbc-938e-6cef93593a3e,224b8d3d-7e1f-4095-853a-088883879195,5.0,5.0,0.0,True,9ae4b7a6-1374-461f-b524-8b51b31556bf,76870d30-055b-4a89-a141-78ef032269f2,11.0,9.0,0.0,True,True,False,224b8d3d-7e1f-4095-853a-088883879195
Indywidualne Mistrzostwa Polski Middle-Earth SBG 2026 (IMP 2026),4acc2947-7325-4fd3-b6c5-26d158dcfc50,BITWA IV - DESTROY THE SUPPLIE,601986ce-7278-442c-9043-79eac4d16fef,FINISHED,f45688c6-364d-4c74-b3a8-200980441844,31,2026-03-07T16:28:53.140Z,9df19e5e-bf4c-49cf-8f4a-4b379fcdfaec,a6fc8598-2a54-4bb6-bbe1-4501ff1cee61,7.0,10.0,0.0,,8c31636a-262f-4a6c-b22a-08e99351cfc6,774afb8c-8f87-46dc-823e-a82621336e4f,7.0,10.0,0.0,False,True,False,a6fc8598-2a54-4bb6-bbe1-4501ff1cee61
Indywidualne Mistrzostwa Polski Middle-Earth SBG 2026 (IMP 2026),4acc2947-7325-4fd3-b6c5-26d158dcfc50,BITWA IV - DESTROY THE SUPPLIE,601986ce-7278-442c-9043-79eac4d16fef,FINISHED,599733e8-e560-4a7c-a2a7-684f856b5e13,32,2026-03-07T16:28:53.140Z,2638fb3b-79a9-43e7-a420-a85744766277,b8dd1de2-9dd2-40d6-8a9b-5b3403be9f37,0.0,0.0,0.0,True,36330d23-209b-4584-a38b-3fc233586d82,ef46c5bc-e9ab-450b-85f5-4b88323ef1b8,15.0,17.0,0.0,False,False,True,ef46c5bc-e9ab-450b-85f5-4b88323ef1b8
Indywidualne Mistrzostwa Polski Middle-Earth SBG 2026 (IMP 2026),4acc2947-7325-4fd3-b6c5-26d158dcfc50,BITWA IV - DESTROY THE SUPPLIE,601986ce-7278-442c-9043-79eac4d16fef,FINISHED,a86a564d-5dc6-4911-8d9d-9effe65584c1,33,2026-03-07T16:28:53.140Z,7fb53a9a-3d03-4875-9404-0ab849e050ba,6841eef6-931a-4375-ae1b-79843a97a82e,15.0,16.0,0.0,,dbbb193d-432e-4aef-9ff1-922f179211f5,02e912fd-a2c2-4725-a3a6-e9d4fea52a31,0.0,1.0,0.0,,True,False,6841eef6-931a-4375-ae1b-79843a97a82e
Indywidualne Mistrzostwa Polski Middle-Earth SBG 2026 (IMP 2026),4acc2947-7325-4fd3-b6c5-26d158dcfc50,BITWA IV - DESTROY THE SUPPLIE,601986ce-7278-442c-9043-79eac4d16fef,FINISHED,2e9da932-593c-42b5-8578-0bd03c289ea1,34,2026-03-07T16:28:53.140Z,b3e0fa84-d118-41b6-9677-4227d6e87248,d1928738-701d-4759-abe9-ff1123a28015,11.0,16.0,0.0,True,27f2132c-8bb7-4ef2-b96d-706d60fc21f1,bbbe191e-78cb-42d6-acc6-fd53718b1fd2,5.0,10.0,0.0,True,True,False,d1928738-701d-4759-abe9-ff1123a28015
Indywidualne Mistrzostwa Polski Middle-Earth SBG 2026 (IMP 2026),4acc2947-7325-4fd3-b6c5-26d158dcfc50,BITWA IV - DESTROY THE SUPPLIE,601986ce-7278-442c-9043-79eac4d16fef,FINISHED,991af5b7-4b41-42bb-b628-691a213ac907,35,2026-03-07T16:28:53.140Z,3d3d7841-e9fc-4869-91da-ff9923704fa1,de5cbcdc-3bbc-430b-a716-53b4792437f9,15.0,14.0,0.0,False,14d01480-6ffc-4ed3-935f-05e261860fd4,68bf04f5-3d30-4e15-9d0e-10ff004496e9,0.0,7.0,0.0,True,False,False,08219a4e-e2d0-4904-b18d-f0320cd8d48b
Indywidualne Mistrzostwa Polski Middle-Earth SBG 2026 (IMP 2026),4acc2947-7325-4fd3-b6c5-26d158dcfc50,BITWA IV - DESTROY THE SUPPLIE,601986ce-7278-442c-9043-79eac4d16fef,FINISHED,270d6a68-cbbf-428d-9208-f47de5409cdc,36,2026-03-07T16:28:53.140Z,405f9254-72a3-4420-8846-f6974cf413a2,56219f44-91ef-4e22-9ebf-1c5f1ae21933,0.0,1.0,0.0,True,a1f7d98c-1e52-404b-b9b8-b1fd7a6541c5,9f838a1a-8b9b-4c57-9faa-251f6768a5e9,15.0,9.0,0.0,False,True,False,56219f44-91ef-4e22-9ebf-1c5f1ae21933
Indywidualne Mistrzostwa Polski Middle-Earth SBG 2026 (IMP 2026),4acc2947-7325-4fd3-b6c5-26d158dcfc50,BITWA IV - DESTROY THE SUPPLIE,601986ce-7278-442c-9043-79eac4d16fef,FINISHED,ea22e39c-c070-4024-aedf-e886ad126ecc,37,2026-03-07T16:28:53.140Z,977e7c78-eae8-470f-b381-42bfcf35ebf8,0b9e69bb-46e8-4b18-949b-c788fd37fe1e,7.0,0.0,0.0,True,41cc39be-5bb0-419b-9b36-974fa9b92077,1723649c-e9e5-42eb-9e2a-d9de6492fd21,7.0,0.0,0.0,False,False,False,08219a4e-e2d0-4904-b18d-f0320cd8d48b
Indywidualne Mistrzostwa Polski Middle-Earth SBG 2026 (IMP 2026),4acc2947-7325-4fd3-b6c5-26d158dcfc50,BITWA IV - DESTROY THE SUPPLIE,601986ce-7278-442c-9043-79eac4d16fef,FINISHED,2d56783f-9824-430f-bfdf-05f927348f88,38,2026-03-07T16:28:53.140Z,0d6e3718-bd7e-4b71-96dc-0e21e20d615d,0117f017-2d2b-4322-910f-c7c1b3aae435,5.0,8.0,0.0,,07c3859f-8b6f-442f-bc29-26321616dd80,627d904e-046e-45b7-b7ec-d237aafc54c1,-999.0,14.0,0.0,True,False,False,08219a4e-e2d0-4904-b18d-f0320cd8d48b
Indywidualne Mistrzostwa Polski Middle-Earth SBG 2026 (IMP 2026),4acc2947-7325-4fd3-b6c5-26d158dcfc50,BITWA IV - DESTROY THE SUPPLIE,601986ce-7278-442c-9043-79eac4d16fef,FINISHED,4d775f86-7372-4e47-81a2-6dd065e23484,39,2026-03-07T16:28:53.140Z,7d77f750-7afd-4b23-b1d8-45e804b6199a,4d2a70a2-c8e1-4ab9-a886-3a945d216f71,0.0,6.0,0.0,False,919e371e-47e9-4c56-916a-5cc48dfb3d7b,aa674303-96e8-485b-b3f9-815be61d14dc,15.0,13.0,0.0,,False,True,aa674303-96e8-485b-b3f9-815be61d14dc
Indywidualne Mistrzostwa Polski Middle-Earth SBG 2026 (IMP 2026),4acc2947-7325-4fd3-b6c5-26d158dcfc50,BITWA IV - DESTROY THE SUPPLIE,601986ce-7278-442c-9043-79eac4d16fef,FINISHED,5cb5ca7e-7171-435f-9400-b63a095b0aae,40,2026-03-07T16:28:53.140Z,57951c35-6de8-4c79-bca2-98d8ed47b658,6f641816-8973-4f1f-b906-3b33d5710be9,15.0,11.0,0.0,True,4220539e-b312-4c79-a303-d56fa1f58e05,6bfe026e-18ff-45b8-bbfb-57f575b6f81b,0.0,4.0,0.0,False,True,False,6f641816-8973-4f1f-b906-3b33d5710be9
Indywidualne Mistrzostwa Polski Middle-Earth SBG 2026 (IMP 2026),4acc2947-7325-4fd3-b6c5-26d158dcfc50,BITWA IV - DESTROY THE SUPPLIE,601986ce-7278-442c-9043-79eac4d16fef,FINISHED,6e97cd8e-2bc8-4b83-be79-8decaac0efcb,41,2026-03-07T16:28:53.140Z,759039ae-bc72-4128-b93a-6b0556c52eed,6e8fd6ad-52e1-4877-84dc-2fce2d7ab7da,5.0,4.0,0.0,False,0e8b5ae2-1345-4d85-ad02-52cfec650de5,6dead819-2363-4244-ab43-933ee534235f,11.0,7.0,0.0,False,False,True,6dead819-2363-4244-ab43-933ee534235f
Indywidualne Mistrzostwa Polski Middle-Earth SBG 2026 (IMP 2026),4acc2947-7325-4fd3-b6c5-26d158dcfc50,BITWA IV - DESTROY THE SUPPLIE,601986ce-7278-442c-9043-79eac4d16fef,FINISHED,0c7c211c-d0ba-45d3-b985-339584613c9c,42,2026-03-07T16:28:53.140Z,760f992f-3ea5-469e-b0d5-bdc06acdb3c6,448193ff-e2b4-4650-898a-1dd8dc3fd5e1,15.0,16.0,0.0,,aa97e070-4ba5-4790-8f9e-12c36f65c754,bddd8ac9-5247-4f0a-9a17-4ac7bea1812a,0.0,4.0,0.0,,True,False,448193ff-e2b4-4650-898a-1dd8dc3fd5e1
Indywidualne Mistrzostwa Polski Middle-Earth SBG 2026 (IMP 2026),4acc2947-7325-4fd3-b6c5-26d158dcfc50,BITWA IV - DESTROY THE SUPPLIE,601986ce-7278-442c-9043-79eac4d16fef,FINISHED,66ffa199-b71c-4e08-8c9b-ef3379f77f45,43,2026-03-07T16:28:53.140Z,01df2d3e-a392-47d0-8675-8c243bbf41b6,f5bcca05-14a2-4c47-8a81-379d5c4ee992,15.0,14.0,0.0,False,8f05e2ad-b0ad-44bd-8c63-0c3b76c6c78f,27c4c004-c8f1-436b-b449-0dbd8a0f08fa,0.0,3.0,0.0,False,True,False,f5bcca05-14a2-4c47-8a81-379d5c4ee992
Indywidualne Mistrzostwa Polski Middle-Earth SBG 2026 (IMP 2026),4acc2947-7325-4fd3-b6c5-26d158dcfc50,BITWA IV - DESTROY THE SUPPLIE,601986ce-7278-442c-9043-79eac4d16fef,FINISHED,e8e876c2-7c34-4641-80c7-e00074703bb4,44,2026-03-07T16:28:53.140Z,89e1fa9b-31a4-4fc0-8df0-e425cd1bdbc9,4a511f44-0b5e-4f86-b9ea-6db298859c11,15.0,10.0,0.0,,56baddbe-660b-4284-a0da-48df678501b6,72214086-3cc8-4fa1-8520-7a6de92529de,0.0,2.0,0.0,,True,False,4a511f44-0b5e-4f86-b9ea-6db298859c11
Indywidualne Mistrzostwa Polski Middle-Earth SBG 2026 (IMP 2026),4acc2947-7325-4fd3-b6c5-26d158dcfc50,BITWA IV - DESTROY THE SUPPLIE,601986ce-7278-442c-9043-79eac4d16fef,FINISHED,03f7e1c1-d197-405f-9138-c55a1d88cbd5,45,2026-03-07T16:28:53.140Z,ae98c4ef-4904-43a3-a20d-66844c3c76ab,7d79e669-7010-4328-bbf5-3f7203dddd9a,5.0,5.0,0.0,False,adc14d96-8b8e-417b-8771-60e86e6bddd8,d0cc3137-fab5-4977-bfac-cf0a791bd9b0,11.0,9.0,0.0,,False,True,d0cc3137-fab5-4977-bfac-cf0a791bd9b0
Indywidualne Mistrzostwa Polski Middle-Earth SBG 2026 (IMP 2026),4acc2947-7325-4fd3-b6c5-26d158dcfc50,BITWA IV - DESTROY THE SUPPLIE,601986ce-7278-442c-9043-79eac4d16fef,FINISHED,a39dcc06-33fb-4b2b-b8e7-9d165109fe8a,46,2026-03-07T16:28:53.140Z,f92f6f2a-d426-472c-9d91-911f9e876547,5aa7d708-6938-4f9e-b4d9-ef2e49b6f5f5,11.0,10.0,0.0,False,9d6c7e95-fbba-4814-9627-53ef706b9446,a4179cf5-0caa-450b-8b1d-8331298d0ee1,5.0,6.0,0.0,False,True,False,5aa7d708-6938-4f9e-b4d9-ef2e49b6f5f5
Indywidualne Mistrzostwa Polski Middle-Earth SBG 2026 (IMP 2026),4acc2947-7325-4fd3-b6c5-26d158dcfc50,BITWA IV - DESTROY THE SUPPLIE,601986ce-7278-442c-9043-79eac4d16fef,FINISHED,346beb3e-9058-4c64-88be-952adf4f4a4f,47,2026-03-07T16:28:53.140Z,dda09832-ec48-4b7f-9d5a-a1db30409f61,77909618-f8dc-4991-922b-1e21528fbcde,15.0,10.0,0.0,True,4d5fe591-69c8-48af-81dc-948908c0c71a,7f22159a-00df-4a00-9aa9-2f36d60d2455,0.0,4.0,0.0,False,True,False,77909618-f8dc-4991-922b-1e21528fbcde
Indywidualne Mistrzostwa Polski Middle-Earth SBG 2026 (IMP 2026),4acc2947-7325-4fd3-b6c5-26d158dcfc50,BITWA IV - DESTROY THE SUPPLIE,601986ce-7278-442c-9043-79eac4d16fef,FINISHED,8e5f7fdc-eca4-49d9-a94e-0e4fbf50b367,48,2026-03-07T16:28:53.140Z,d600aba3-1531-4dfe-8fe2-242a2d69c9ef,d1219f2e-d585-4ce6-979c-9b1ba239894a,15.0,14.0,0.0,True,440195c9-ca3b-4f42-a380-500eaa2dee0a,13a4ddbb-8db9-4160-b1e8-372365ed4e8d,0.0,1.0,0.0,False,True,False,d1219f2e-d585-4ce6-979c-9b1ba239894a
Indywidualne Mistrzostwa Polski Middle-Earth SBG 2026 (IMP 2026),4acc2947-7325-4fd3-b6c5-26d158dcfc50,BITWA IV - DESTROY THE SUPPLIE,601986ce-7278-442c-9043-79eac4d16fef,FINISHED,72fb0db0-0ff0-4b3f-87fa-421f138c7aa4,49,2026-03-07T16:28:53.140Z,6f1a6fff-2adf-455d-80f8-252693dbb237,ea7e3e0d-3a78-4a90-8ca4-a55e6505cf5a,-999.0,14.0,0.0,,63f3a726-03e7-4e1f-acea-b963253bdc9c,22a23162-8fd8-4dcc-833c-430aafa67491,5.0,13.0,0.0,True,False,False,08219a4e-e2d0-4904-b18d-f0320cd8d48b
Indywidualne Mistrzostwa Polski Middle-Earth SBG 2026 (IMP 2026),4acc2947-7325-4fd3-b6c5-26d158dcfc50,BITWA IV - DESTROY THE SUPPLIE,601986ce-7278-442c-9043-79eac4d16fef,FINISHED,3027831e-1ae3-4dd5-9ec2-e610c7b7a602,50,2026-03-07T16:28:53.140Z,a207ad0d-e4da-45ca-9fd7-11be22af4499,69a11808-e3ca-44e5-9ac0-e4d735625b21,15.0,15.0,0.0,,9df3f012-cf9e-4a44-9aeb-5d0de25e9215,a66f5a56-1f3b-4944-9a2b-040faa0061e5,0.0,1.0,0.0,True,False,True,a66f5a56-1f3b-4944-9a2b-040faa0061e5
Indywidualne Mistrzostwa Polski Middle-Earth SBG 2026 (IMP 2026),4acc2947-7325-4fd3-b6c5-26d158dcfc50,BITWA IV - DESTROY THE SUPPLIE,601986ce-7278-442c-9043-79eac4d16fef,FINISHED,c1a6c4ad-58bf-49d5-b8d4-46b0713547dd,51,2026-03-07T16:28:53.140Z,7a983bac-26c7-4e83-8688-9482f1f948d8,758ae748-3888-4bdf-b4f9-7972a8ac9948,11.0,7.0,0.0,,882df199-ff23-4fde-8ee6-e73ef5c2238f,a6bf8ed5-530f-4135-a0ca-0a34b5f352c0,5.0,5.0,0.0,True,False,False,08219a4e-e2d0-4904-b18d-f0320cd8d48b
Indywidualne Mistrzostwa Polski Middle-Earth SBG 2026 (IMP 2026),4acc2947-7325-4fd3-b6c5-26d158dcfc50,BITWA IV - DESTROY THE SUPPLIE,601986ce-7278-442c-9043-79eac4d16fef,FINISHED,2a9b8916-a1b4-45e4-a0c9-fb2c208b473f,52,2026-03-07T16:28:53.140Z,cf4f664c-376d-4bba-9782-a954a1d843e7,e2970df6-81f0-48df-89ac-2c66a06f30e7,15.0,16.0,0.0,False,f07e3c78-e573-4c1b-93d0-11cedb6891bc,2a69f764-5cb1-4177-9200-d58b7117a089,0.0,4.0,0.0,,True,True,e2970df6-81f0-48df-89ac-2c66a06f30e7
Indywidualne Mistrzostwa Polski Middle-Earth SBG 2026 (IMP 2026),4acc2947-7325-4fd3-b6c5-26d158dcfc50,BITWA IV - DESTROY THE SUPPLIE,601986ce-7278-442c-9043-79eac4d16fef,FINISHED,f523e19a-e373-4903-b761-73caa1e24e04,53,2026-03-07T16:28:53.140Z,d87eab38-6a6b-4845-be90-d75fd078f11d,4eeae4b0-7922-4c5c-81d6-d8ed10484545,5.0,9.0,0.0,,0fbb1950-6388-4083-b852-824770759de5,40ebe707-6a6c-4a85-aff5-58b2d0493daa,-999.0,16.0,0.0,True,False,False,08219a4e-e2d0-4904-b18d-f0320cd8d48b
Indywidualne Mistrzostwa Polski Middle-Earth SBG 2026 (IMP 2026),4acc2947-7325-4fd3-b6c5-26d158dcfc50,BITWA IV - DESTROY THE SUPPLIE,601986ce-7278-442c-9043-79eac4d16fef,FINISHED,170558e6-5e57-4bae-b899-2317541eb0df,54,2026-03-07T16:28:53.140Z,46716b73-1e93-43fd-a9d1-1711e18cd3d3,dd081a04-8bbb-4409-aed7-f6ceedf4d7d0,15.0,18.0,0.0,True,90b5e53f-7e73-4105-a55e-84f37aea921e,f0b719fd-09d6-4d2a-a87c-bd6e7fcd6990,0.0,5.0,0.0,,True,False,dd081a04-8bbb-4409-aed7-f6ceedf4d7d0
Indywidualne Mistrzostwa Polski Middle-Earth SBG 2026 (IMP 2026),4acc2947-7325-4fd3-b6c5-26d158dcfc50,BITWA IV - DESTROY THE SUPPLIE,601986ce-7278-442c-9043-79eac4d16fef,FINISHED,64a831d6-bdf2-421a-ac53-129cccbc587b,55,2026-03-07T16:28:53.140Z,2b2b580e-e4f9-43de-a617-522b593b137c,27e5fd8e-fc73-48f9-802e-3546fde22d25,7.0,12.0,0.0,,fb779c2e-ebb4-4a42-866f-156fc70ade2f,bcef8b98-d13e-41a3-a8d0-86063d765955,7.0,12.0,0.0,True,True,False,27e5fd8e-fc73-48f9-802e-3546fde22d25
Indywidualne Mistrzostwa Polski Middle-Earth SBG 2026 (IMP 2026),4acc2947-7325-4fd3-b6c5-26d158dcfc50,BITWA IV - DESTROY THE SUPPLIE,601986ce-7278-442c-9043-79eac4d16fef,FINISHED,4757b3d5-2f37-44dd-ba13-a44368ecbbf8,56,2026-03-07T16:28:53.140Z,aaf0ac85-b970-4f45-8105-32925d4dc46d,8c340f26-1543-4335-8b37-d814614b81f9,15.0,5.0,0.0,True,5a2cc98d-db15-4e13-8fdd-b8c8dbd1b209,639fe636-9845-4b28-8d36-0a0ea855edeb,0.0,1.0,0.0,True,True,False,8c340f26-1543-4335-8b37-d814614b81f9
Indywidualne Mistrzostwa Polski Middle-Earth SBG 2026 (IMP 2026),4acc2947-7325-4fd3-b6c5-26d158dcfc50,BITWA IV - DESTROY THE SUPPLIE,601986ce-7278-442c-9043-79eac4d16fef,FINISHED,173962b6-908f-474d-93bc-fb82ba1eaaa4,57,2026-03-07T16:28:53.140Z,6da94d97-3a9b-4fbc-bad7-24655962e9af,ef720739-17ce-42ec-a9fb-2c6e361af86f,5.0,8.0,0.0,True,6a85fe5c-a491-4a4a-b87b-803b15a1f352,13e9bcf5-c291-4537-b0aa-29592b68612f,-999.0,14.0,0.0,False,False,False,08219a4e-e2d0-4904-b18d-f0320cd8d48b
Indywidualne Mistrzostwa Polski Middle-Earth SBG 2026 (IMP 2026),4acc2947-7325-4fd3-b6c5-26d158dcfc50,BITWA IV - DESTROY THE SUPPLIE,601986ce-7278-442c-9043-79eac4d16fef,FINISHED,336322ec-7ea9-4858-8728-8496bdfd4863,58,2026-03-07T16:28:53.140Z,5accdf51-649e-46c6-b99a-f1e1c606c3a9,1e2ff82c-8d15-489c-bbfd-dca8a2156d20,0.0,4.0,0.0,True,8d1719ca-4abc-4152-af7a-6e1c46e87a11,1f51b345-c749-4ebb-a4ae-cd40e4bd2b37,15.0,20.0,0.0,False,False,True,1f51b345-c749-4ebb-a4ae-cd40e4bd2b37
Indywidualne Mistrzostwa Polski Middle-Earth SBG 2026 (IMP 2026),4acc2947-7325-4fd3-b6c5-26d158dcfc50,BITWA IV - DESTROY THE SUPPLIE,601986ce-7278-442c-9043-79eac4d16fef,FINISHED,3ca0c4cb-5eff-402b-a908-fea2eea79a2e,59,2026-03-07T16:28:53.140Z,4af7b5d5-cf68-45c9-beb2-d7720205c7fe,eacb0c29-8302-462e-9e47-c61d95ce5ff3,15.0,9.0,0.0,False,284c0b3e-5ed6-4b00-856f-fea0a017051e,337cf4cf-c3db-40f2-bccb-d9d98d3928b9,0.0,1.0,0.0,,True,False,eacb0c29-8302-462e-9e47-c61d95ce5ff3
Indywidualne Mistrzostwa Polski Middle-Earth SBG 2026 (IMP 2026),4acc2947-7325-4fd3-b6c5-26d158dcfc50,BITWA IV - DESTROY THE SUPPLIE,601986ce-7278-442c-9043-79eac4d16fef,FINISHED,31145769-9fda-472f-8f89-e065ec48986d,60,2026-03-07T16:28:53.140Z,9dd51364-666d-4f46-9a76-075c4ed26dff,65805e1a-2bae-4663-a590-28d09e52152d,0.0,1.0,0.0,True,ff38352d-ced0-42bf-a76c-cc74ab90acc1,47a7936d-530e-4e10-8518-5a51bbe3ff41,15.0,5.0,0.0,,True,False,65805e1a-2bae-4663-a590-28d09e52152d
Indywidualne Mistrzostwa Polski Middle-Earth SBG 2026 (IMP 2026),4acc2947-7325-4fd3-b6c5-26d158dcfc50,BITWA IV - DESTROY THE SUPPLIE,601986ce-7278-442c-9043-79eac4d16fef,FINISHED,9458b297-0fb1-4571-a4c2-315c43c94acc,61,2026-03-07T16:28:53.140Z,44df480b-57f6-4eed-88ab-6c28ef171ec9,c7b8c4fa-78e2-4f83-994b-6828dd39ddd1,-999.0,5.0,0.0,True,dcd75333-d831-42c1-929e-861251b9a428,20a238b0-37e6-400b-a2a1-20935ab4cc00,11.0,7.0,0.0,,False,False,08219a4e-e2d0-4904-b18d-f0320cd8d48b
Indywidualne Mistrzostwa Polski Middle-Earth SBG 2026 (IMP 2026),4acc2947-7325-4fd3-b6c5-26d158dcfc50,BITWA IV - DESTROY THE SUPPLIE,601986ce-7278-442c-9043-79eac4d16fef,FINISHED,7cff9fb0-8810-4d3f-b885-5844f81c0c7e,62,2026-03-07T16:28:53.140Z,0b4fafa7-86c5-4687-9165-fcb64a2f6971,12fc8435-48b6-4a57-a152-4d7ee21ce225,0.0,4.0,0.0,,cb9084a3-54d1-4058-98d0-094d7b1ed280,cbfbcd40-cbf7-4546-885f-4d061496fe8c,15.0,8.0,0.0,,True,False,12fc8435-48b6-4a57-a152-4d7ee21ce225
Indywidualne Mistrzostwa Polski Middle-Earth SBG 2026 (IMP 2026),4acc2947-7325-4fd3-b6c5-26d158dcfc50,BITWA IV - DESTROY THE SUPPLIE,601986ce-7278-442c-9043-79eac4d16fef,FINISHED,c1f1c805-4fff-4291-af5b-179cd05ec9bf,63,2026-03-07T16:28:53.140Z,13fda18e-d0e6-45bd-a1e6-26e35c0b45eb,64a59e06-3985-4400-b26f-6528e57ac2d7,-999.0,,,,372b75e9-cdd5-4a6e-8b6e-0961e96f7f17,d7deccf7-cc03-46b4-a9a0-6e6e66317298,-999.0,0.0,,,False,False,08219a4e-e2d0-4904-b18d-f0320cd8d48b
Indywidualne Mistrzostwa Polski Middle-Earth SBG 2026 (IMP 2026),4acc2947-7325-4fd3-b6c5-26d158dcfc50,BITWA IV - DESTROY THE SUPPLIE,601986ce-7278-442c-9043-79eac4d16fef,FINISHED,52a34180-8db0-4acf-8797-042e30db8cb3,64,2026-03-07T16:28:53.140Z,d2acee1e-c647-4546-aa4c-d085154b2684,c70f135f-cff3-481e-b4de-25725df57a2c,-999.0,0.0,,,71d39a14-94d1-40d4-a0e9-d6a73c9c0539,85e858a0-eb30-4b0d-8622-f6bdbc8c12e8,-999.0,0.0,,,False,False,08219a4e-e2d0-4904-b18d-f0320cd8d48b
Indywidualne Mistrzostwa Polski Middle-Earth SBG 2026 (IMP 2026),4acc2947-7325-4fd3-b6c5-26d158dcfc50,BITWA IV - DESTROY THE SUPPLIE,601986ce-7278-442c-9043-79eac4d16fef,FINISHED,dcea5384-de08-42f1-8c50-1160f7f45a2f,65,2026-03-07T16:28:53.140Z,94a40dc2-95ae-43f0-b13d-ad6320a77c6e,7ca2b5ee-c648-4e98-bcba-50d159612ecc,15.0,5.0,,,,,,,,,False,False,08219a4e-e2d0-4904-b18d-f0320cd8d48b
Indywidualne Mistrzostwa Polski Middle-Earth SBG 2026 (IMP 2026),4acc2947-7325-4fd3-b6c5-26d158dcfc50,BITWA II - CONVERGENCE,9816ffbc-0ef6-4189-972e-5173ab75456c,FINISHED,df955f2d-4837-4109-9c06-69a4aa9a5227,0,2026-03-04T22:38:41.046Z,87377d6e-b16d-4a65-9966-ebf0d38a0db9,6df80142-0804-43f3-910e-3d51131586cf,15.0,20.0,,False,e8d974e3-b11f-4867-9d64-797fe2e8456f,56219f44-91ef-4e22-9ebf-1c5f1ae21933,0.0,0.0,,False,False,False,08219a4e-e2d0-4904-b18d-f0320cd8d48b
Indywidualne Mistrzostwa Polski Middle-Earth SBG 2026 (IMP 2026),4acc2947-7325-4fd3-b6c5-26d158dcfc50,BITWA II - CONVERGENCE,9816ffbc-0ef6-4189-972e-5173ab75456c,FINISHED,a8165c65-60df-402f-8544-a5bd08ea2d50,1,2026-03-04T22:38:41.046Z,2521db12-be14-4932-80fc-b1d02977acbf,081b732c-68ef-4404-bf2c-b56519b96acd,15.0,20.0,,True,208c91a9-8c98-40f9-8d7e-d33bb2a74f09,337cf4cf-c3db-40f2-bccb-d9d98d3928b9,0.0,0.0,,,False,False,08219a4e-e2d0-4904-b18d-f0320cd8d48b
Indywidualne Mistrzostwa Polski Middle-Earth SBG 2026 (IMP 2026),4acc2947-7325-4fd3-b6c5-26d158dcfc50,BITWA II - CONVERGENCE,9816ffbc-0ef6-4189-972e-5173ab75456c,FINISHED,83ebd5a0-08e4-4cef-99e6-dd03eccc8d82,2,2026-03-04T22:38:41.046Z,f2a44344-379a-43a3-bba4-cbd39af6867f,475ff286-fcbc-4c49-bac5-e3002c4bdf14,15.0,13.0,,True,5219208d-804f-4da8-86ed-9d85f3be7f6b,4d2a70a2-c8e1-4ab9-a886-3a945d216f71,0.0,0.0,,True,False,False,08219a4e-e2d0-4904-b18d-f0320cd8d48b
Indywidualne Mistrzostwa Polski Middle-Earth SBG 2026 (IMP 2026),4acc2947-7325-4fd3-b6c5-26d158dcfc50,BITWA II - CONVERGENCE,9816ffbc-0ef6-4189-972e-5173ab75456c,FINISHED,af0a8f02-edd6-4072-8459-f1a91055df16,3,2026-03-04T22:38:41.046Z,dcdd8e48-28f5-459c-a998-b032b3778af7,a6fc8598-2a54-4bb6-bbe1-4501ff1cee61,11.0,9.0,,,29b6c80f-6183-4a78-99c4-8aa8d997c878,a6bf8ed5-530f-4135-a0ca-0a34b5f352c0,5.0,8.0,,True,False,False,08219a4e-e2d0-4904-b18d-f0320cd8d48b
Indywidualne Mistrzostwa Polski Middle-Earth SBG 2026 (IMP 2026),4acc2947-7325-4fd3-b6c5-26d158dcfc50,BITWA II - CONVERGENCE,9816ffbc-0ef6-4189-972e-5173ab75456c,FINISHED,438b19bf-6a63-450d-a2e1-b06b37cb739d,4,2026-03-04T22:38:41.046Z,fd11465b-23f8-44df-8c5d-031472516c61,12fc8435-48b6-4a57-a152-4d7ee21ce225,0.0,1.0,,,5eda51b2-a5a4-4535-96a1-296508f67d5a,4a511f44-0b5e-4f86-b9ea-6db298859c11,15.0,10.0,,True,False,False,08219a4e-e2d0-4904-b18d-f0320cd8d48b
Indywidualne Mistrzostwa Polski Middle-Earth SBG 2026 (IMP 2026),4acc2947-7325-4fd3-b6c5-26d158dcfc50,BITWA II - CONVERGENCE,9816ffbc-0ef6-4189-972e-5173ab75456c,FINISHED,e089e2fe-e716-4894-9736-d41b8084cf02,5,2026-03-04T22:38:41.046Z,5fddcdb4-54e6-40be-986b-8a9a4e06b8be,7fa5ba4b-28df-44e8-a4f2-d87072e98a2b,0.0,1.0,,False,c810fb9b-3aed-4da0-b2bb-203ddc3ec9b2,804c4802-b3bc-41ec-9f1b-de92ffe4897e,15.0,18.0,,False,False,False,08219a4e-e2d0-4904-b18d-f0320cd8d48b
Indywidualne Mistrzostwa Polski Middle-Earth SBG 2026 (IMP 2026),4acc2947-7325-4fd3-b6c5-26d158dcfc50,BITWA II - CONVERGENCE,9816ffbc-0ef6-4189-972e-5173ab75456c,FINISHED,7ff2389e-f711-4ceb-a4e7-bd2098192a3b,6,2026-03-04T22:38:41.046Z,43d91abb-ca2d-4fe7-ba71-04461e5e9d70,d1219f2e-d585-4ce6-979c-9b1ba239894a,0.0,0.0,,False,89ec6800-efeb-42cb-97c6-0b92c8fe676d,bd51334f-700f-46ea-9801-7fa43e9c53d0,15.0,17.0,,True,False,False,08219a4e-e2d0-4904-b18d-f0320cd8d48b
Indywidualne Mistrzostwa Polski Middle-Earth SBG 2026 (IMP 2026),4acc2947-7325-4fd3-b6c5-26d158dcfc50,BITWA II - CONVERGENCE,9816ffbc-0ef6-4189-972e-5173ab75456c,FINISHED,d2eaadd0-3a3e-47a6-b543-7d8b0f34aeb4,7,2026-03-04T22:38:41.046Z,42515559-4467-4fd0-9138-a925d0667dff,8e40b208-0e62-4a37-8228-f003566dc4a7,15.0,5.0,,True,,,,,,,False,False,08219a4e-e2d0-4904-b18d-f0320cd8d48b
Indywidualne Mistrzostwa Polski Middle-Earth SBG 2026 (IMP 2026),4acc2947-7325-4fd3-b6c5-26d158dcfc50,BITWA II - CONVERGENCE,9816ffbc-0ef6-4189-972e-5173ab75456c,FINISHED,02e593aa-d19d-4429-ad89-3a0c7b55d723,8,2026-03-04T22:38:41.046Z,692bcbf9-03c6-4df4-bfc6-9009519f5a0e,2a69f764-5cb1-4177-9200-d58b7117a089,5.0,2.0,,True,cdba1272-c267-44ae-8174-f1cf0e3bb03d,b8dd1de2-9dd2-40d6-8a9b-5b3403be9f37,11.0,3.0,,True,False,False,08219a4e-e2d0-4904-b18d-f0320cd8d48b
Indywidualne Mistrzostwa Polski Middle-Earth SBG 2026 (IMP 2026),4acc2947-7325-4fd3-b6c5-26d158dcfc50,BITWA II - CONVERGENCE,9816ffbc-0ef6-4189-972e-5173ab75456c,FINISHED,33d5302a-1c6e-4947-a7e5-2d20a575a0f9,9,2026-03-04T22:38:41.046Z,cd7ddbea-23b1-49ab-9d63-c6bf8b3c0df6,6e8fd6ad-52e1-4877-84dc-2fce2d7ab7da,0.0,0.0,,True,70415e28-9340-454e-b1be-93f898f4cffb,5f6a7ffa-1a94-4176-a2f0-42f18d04a39e,15.0,15.0,,True,False,False,08219a4e-e2d0-4904-b18d-f0320cd8d48b
Indywidualne Mistrzostwa Polski Middle-Earth SBG 2026 (IMP 2026),4acc2947-7325-4fd3-b6c5-26d158dcfc50,BITWA II - CONVERGENCE,9816ffbc-0ef6-4189-972e-5173ab75456c,FINISHED,d0af7a01-4b67-4459-92a7-4f334ca419bd,10,2026-03-04T22:38:41.046Z,595bb7fb-ebe4-465d-9bdc-bcf2778eb4af,71f045ad-ce24-4e8b-865a-1dc0f634a42d,15.0,17.0,,False,accae7f8-36f1-4c05-87af-77f2beaba698,639fe636-9845-4b28-8d36-0a0ea855edeb,0.0,0.0,,True,False,False,08219a4e-e2d0-4904-b18d-f0320cd8d48b
Indywidualne Mistrzostwa Polski Middle-Earth SBG 2026 (IMP 2026),4acc2947-7325-4fd3-b6c5-26d158dcfc50,BITWA II - CONVERGENCE,9816ffbc-0ef6-4189-972e-5173ab75456c,FINISHED,aa3a39a9-48e7-4e47-8b58-ef972a276b4d,11,2026-03-04T22:38:41.046Z,59cc78b8-9ded-4d33-b599-97ff0811e04e,309de8ee-ad9e-4a87-911b-e3a5d480d491,15.0,20.0,,,6d84fb4a-fb10-4bc9-be24-1933b1719f03,77909618-f8dc-4991-922b-1e21528fbcde,0.0,0.0,,False,False,False,08219a4e-e2d0-4904-b18d-f0320cd8d48b
Indywidualne Mistrzostwa Polski Middle-Earth SBG 2026 (IMP 2026),4acc2947-7325-4fd3-b6c5-26d158dcfc50,BITWA II - CONVERGENCE,9816ffbc-0ef6-4189-972e-5173ab75456c,FINISHED,ea32cfa8-8510-49b2-9aec-cfa06042d083,12,2026-03-04T22:38:41.046Z,b0ff0823-d448-4c36-b110-d0efbbed5389,bff31d63-a3e1-44f4-a02b-c9649b590cc2,15.0,11.0,,True,1f70c4a0-ea5f-4878-87a2-ca1bf3c4f84a,dd081a04-8bbb-4409-aed7-f6ceedf4d7d0,0.0,0.0,,False,False,False,08219a4e-e2d0-4904-b18d-f0320cd8d48b
Indywidualne Mistrzostwa Polski Middle-Earth SBG 2026 (IMP 2026),4acc2947-7325-4fd3-b6c5-26d158dcfc50,BITWA II - CONVERGENCE,9816ffbc-0ef6-4189-972e-5173ab75456c,FINISHED,2551af51-960e-4fb5-afbf-234fc308e0fd,13,2026-03-04T22:38:41.046Z,691ed8a1-619d-4b42-b988-8fee9bc9c9d5,76870d30-055b-4a89-a141-78ef032269f2,15.0,14.0,,True,d18cca82-58e3-44df-91e3-d6341f406cdb,ac23a3ec-2b0f-4d94-8575-948ae2f7eb83,0.0,4.0,,True,False,False,08219a4e-e2d0-4904-b18d-f0320cd8d48b
Indywidualne Mistrzostwa Polski Middle-Earth SBG 2026 (IMP 2026),4acc2947-7325-4fd3-b6c5-26d158dcfc50,BITWA II - CONVERGENCE,9816ffbc-0ef6-4189-972e-5173ab75456c,FINISHED,c86ecf0e-4782-4f1c-98e5-79e7152c86bf,14,2026-03-04T22:38:41.046Z,dd8c7775-ac90-4b0e-853d-f286ad614655,e99aafd2-d310-49bd-b0d5-b12b6acd1600,0.0,3.0,,,42b025ac-98ef-4b63-b9e0-45e594d9578b,c451779b-6172-4e1a-acbd-1b387949849d,15.0,8.0,,False,False,False,08219a4e-e2d0-4904-b18d-f0320cd8d48b
Indywidualne Mistrzostwa Polski Middle-Earth SBG 2026 (IMP 2026),4acc2947-7325-4fd3-b6c5-26d158dcfc50,BITWA II - CONVERGENCE,9816ffbc-0ef6-4189-972e-5173ab75456c,FINISHED,dec43b2f-b10a-4aa6-8fc2-3a24565da364,15,2026-03-04T22:38:41.046Z,842246d9-60b6-4d53-a6b6-6773da8c7d01,0b9e69bb-46e8-4b18-949b-c788fd37fe1e,15.0,14.0,,True,36a4ecc8-21b8-43c2-b8dc-ad6e5741f06b,eacb0c29-8302-462e-9e47-c61d95ce5ff3,0.0,3.0,,False,False,False,08219a4e-e2d0-4904-b18d-f0320cd8d48b
Indywidualne Mistrzostwa Polski Middle-Earth SBG 2026 (IMP 2026),4acc2947-7325-4fd3-b6c5-26d158dcfc50,BITWA II - CONVERGENCE,9816ffbc-0ef6-4189-972e-5173ab75456c,FINISHED,9a705310-dd9b-42f8-99d1-9670f1c50ae7,16,2026-03-04T22:38:41.046Z,a88e2a95-45c0-44ae-ab04-627949bcb048,9f838a1a-8b9b-4c57-9faa-251f6768a5e9,0.0,0.0,,False,ba58128a-f19b-4f33-abda-b4cb5c941e15,970b04fa-4663-4c49-8a54-756a10c82c07,15.0,12.0,,False,False,False,08219a4e-e2d0-4904-b18d-f0320cd8d48b
Indywidualne Mistrzostwa Polski Middle-Earth SBG 2026 (IMP 2026),4acc2947-7325-4fd3-b6c5-26d158dcfc50,BITWA II - CONVERGENCE,9816ffbc-0ef6-4189-972e-5173ab75456c,FINISHED,02418a40-d003-4ff1-afaa-3b7702e7c3ea,17,2026-03-04T22:38:41.046Z,f76b0134-e04b-402b-b808-8d430ff02354,c7b8c4fa-78e2-4f83-994b-6828dd39ddd1,0.0,0.0,,False,923ebed5-c881-40b9-8a65-b4893c29b7b5,5f55d7f6-e77c-45a0-b083-60691560a665,15.0,14.0,,False,False,False,08219a4e-e2d0-4904-b18d-f0320cd8d48b
Indywidualne Mistrzostwa Polski Middle-Earth SBG 2026 (IMP 2026),4acc2947-7325-4fd3-b6c5-26d158dcfc50,BITWA II - CONVERGENCE,9816ffbc-0ef6-4189-972e-5173ab75456c,FINISHED,afcd6ace-7432-4c43-83e9-5d8713092bd1,18,2026-03-04T22:38:41.046Z,97d2c45a-dbbe-47b5-94ef-7fc826fd434e,1723649c-e9e5-42eb-9e2a-d9de6492fd21,15.0,12.0,,True,5be09ae1-607a-4731-9b44-d4660bc32565,0117f017-2d2b-4322-910f-c7c1b3aae435,0.0,1.0,,,False,False,08219a4e-e2d0-4904-b18d-f0320cd8d48b
Indywidualne Mistrzostwa Polski Middle-Earth SBG 2026 (IMP 2026),4acc2947-7325-4fd3-b6c5-26d158dcfc50,BITWA II - CONVERGENCE,9816ffbc-0ef6-4189-972e-5173ab75456c,FINISHED,14d0cf43-1264-4bf8-9bd4-d41d79c63034,19,2026-03-04T22:38:41.046Z,df6ac8d2-dea5-497c-a4aa-7efa701d26b6,62553300-be05-4e64-a57e-a9d7ea1b9e88,11.0,9.0,,False,75e42bae-acec-4ea9-89b8-7ef2fec66e66,bbbe191e-78cb-42d6-acc6-fd53718b1fd2,5.0,8.0,,True,False,False,08219a4e-e2d0-4904-b18d-f0320cd8d48b
Indywidualne Mistrzostwa Polski Middle-Earth SBG 2026 (IMP 2026),4acc2947-7325-4fd3-b6c5-26d158dcfc50,BITWA II - CONVERGENCE,9816ffbc-0ef6-4189-972e-5173ab75456c,FINISHED,e57391e7-0f35-428d-a442-eb654f30d873,20,2026-03-04T22:38:41.046Z,9a3673e4-6614-43f5-a03b-ee479f970281,c70f135f-cff3-481e-b4de-25725df57a2c,0.0,0.0,,False,7fac2354-d8e1-4363-9eab-abdc7c745a27,a4179cf5-0caa-450b-8b1d-8331298d0ee1,15.0,5.0,,True,False,False,08219a4e-e2d0-4904-b18d-f0320cd8d48b
Indywidualne Mistrzostwa Polski Middle-Earth SBG 2026 (IMP 2026),4acc2947-7325-4fd3-b6c5-26d158dcfc50,BITWA II - CONVERGENCE,9816ffbc-0ef6-4189-972e-5173ab75456c,FINISHED,862f4d1f-c008-4bf5-9984-0856a36835fd,21,2026-03-04T22:38:41.046Z,44f2f3c4-c56c-4285-8fd8-14cc8a0601e6,1403a8fb-39a4-4e2f-b6cd-5d7e334df789,15.0,12.0,,False,f361df60-9dce-4e35-ad63-3ec3124b681c,7508e7c6-6d9d-46a3-a29f-dc70f0917a46,0.0,3.0,,False,False,False,08219a4e-e2d0-4904-b18d-f0320cd8d48b
Indywidualne Mistrzostwa Polski Middle-Earth SBG 2026 (IMP 2026),4acc2947-7325-4fd3-b6c5-26d158dcfc50,BITWA II - CONVERGENCE,9816ffbc-0ef6-4189-972e-5173ab75456c,FINISHED,46917551-7549-4d09-8ce7-4c0dad130378,22,2026-03-04T22:38:41.046Z,ab39c038-9365-4f16-ac2b-a1f742687b4b,2f1215b6-dd3c-44cc-9604-ee8e4b42553c,5.0,5.0,,False,6648454d-5a2f-4791-b437-d8fe317b5642,21c12fb0-4289-4df3-8bad-f18c2a49fd0d,11.0,9.0,,True,False,False,08219a4e-e2d0-4904-b18d-f0320cd8d48b
Indywidualne Mistrzostwa Polski Middle-Earth SBG 2026 (IMP 2026),4acc2947-7325-4fd3-b6c5-26d158dcfc50,BITWA II - CONVERGENCE,9816ffbc-0ef6-4189-972e-5173ab75456c,FINISHED,591be647-ee07-48a9-9a15-4d97a7e8279d,23,2026-03-04T22:38:41.046Z,494eebaf-ce6f-4d33-9510-8949f0c53725,13e9bcf5-c291-4537-b0aa-29592b68612f,0.0,3.0,,False,32f53741-6343-4529-82de-5b0ddab4cf6e,72214086-3cc8-4fa1-8520-7a6de92529de,15.0,11.0,,,False,False,08219a4e-e2d0-4904-b18d-f0320cd8d48b
Indywidualne Mistrzostwa Polski Middle-Earth SBG 2026 (IMP 2026),4acc2947-7325-4fd3-b6c5-26d158dcfc50,BITWA II - CONVERGENCE,9816ffbc-0ef6-4189-972e-5173ab75456c,FINISHED,9dae9e0a-491f-46a4-85d1-9c5f77e030b1,24,2026-03-04T22:38:41.046Z,3e65b50d-7b70-46f6-93e7-49f366f600e7,774afb8c-8f87-46dc-823e-a82621336e4f,15.0,8.0,,True,bbb5d18c-345f-487d-8ccb-10bafeb40b4d,7ca2b5ee-c648-4e98-bcba-50d159612ecc,0.0,2.0,,,False,False,08219a4e-e2d0-4904-b18d-f0320cd8d48b
Indywidualne Mistrzostwa Polski Middle-Earth SBG 2026 (IMP 2026),4acc2947-7325-4fd3-b6c5-26d158dcfc50,BITWA II - CONVERGENCE,9816ffbc-0ef6-4189-972e-5173ab75456c,FINISHED,592d746d-1c28-40f9-8fe2-92c955862c7f,25,2026-03-04T22:38:41.046Z,2567db9c-56c6-42f2-ba37-2d6ed8c8be2b,88eff5e1-e5fa-40df-ac60-dd5cb0c71bad,11.0,8.0,,True,21a1ebc7-3b45-4a57-990f-7cfcab1a5167,ef46c5bc-e9ab-450b-85f5-4b88323ef1b8,5.0,6.0,,True,False,False,08219a4e-e2d0-4904-b18d-f0320cd8d48b
Indywidualne Mistrzostwa Polski Middle-Earth SBG 2026 (IMP 2026),4acc2947-7325-4fd3-b6c5-26d158dcfc50,BITWA II - CONVERGENCE,9816ffbc-0ef6-4189-972e-5173ab75456c,FINISHED,ae6accc3-8e3c-4883-9e34-e56f80642970,26,2026-03-04T22:38:41.046Z,6d16114d-283e-4b74-aa23-b7141a7a367c,a15d42d2-401a-42d5-a0e7-e8f88c780302,5.0,7.0,,,cb4076f9-15e0-4fdf-85cb-fdda82f3812f,48655433-fa77-4b22-b13e-a33b593f1a57,11.0,9.0,,False,False,False,08219a4e-e2d0-4904-b18d-f0320cd8d48b
Indywidualne Mistrzostwa Polski Middle-Earth SBG 2026 (IMP 2026),4acc2947-7325-4fd3-b6c5-26d158dcfc50,BITWA II - CONVERGENCE,9816ffbc-0ef6-4189-972e-5173ab75456c,FINISHED,c7118808-7ace-4d35-9400-3a028ec9a064,27,2026-03-04T22:38:41.046Z,5912e03d-d5de-46fd-b380-7f43f9e8ea45,ea7e3e0d-3a78-4a90-8ca4-a55e6505cf5a,11.0,7.0,,False,91351f5e-664a-4e88-883d-775ad6f6014a,a66f5a56-1f3b-4944-9a2b-040faa0061e5,5.0,6.0,,True,False,False,08219a4e-e2d0-4904-b18d-f0320cd8d48b
Indywidualne Mistrzostwa Polski Middle-Earth SBG 2026 (IMP 2026),4acc2947-7325-4fd3-b6c5-26d158dcfc50,BITWA II - CONVERGENCE,9816ffbc-0ef6-4189-972e-5173ab75456c,FINISHED,11290367-0622-4cf1-b8fb-9e7b3e58f540,28,2026-03-04T22:38:41.046Z,86dd95b4-3070-4be6-b702-0b6a0f505139,85e858a0-eb30-4b0d-8622-f6bdbc8c12e8,0.0,0.0,,True,cb7f0aaa-db1d-4568-a07e-35949e2a3e10,457f9c1a-0e9a-4c0e-ae41-7f00e3646fba,15.0,5.0,,False,False,False,08219a4e-e2d0-4904-b18d-f0320cd8d48b
Indywidualne Mistrzostwa Polski Middle-Earth SBG 2026 (IMP 2026),4acc2947-7325-4fd3-b6c5-26d158dcfc50,BITWA II - CONVERGENCE,9816ffbc-0ef6-4189-972e-5173ab75456c,FINISHED,9deb99af-d67f-42b5-8da4-11762076c9d6,29,2026-03-04T22:38:41.046Z,6de54259-81e5-4cb0-a3b2-38a6bdbaca97,3723b773-cadb-46d3-8758-e1260476e981,15.0,18.0,,True,4dff63ca-7c4f-460f-b6b7-b49fa2ae496d,7f22159a-00df-4a00-9aa9-2f36d60d2455,0.0,0.0,,True,False,False,08219a4e-e2d0-4904-b18d-f0320cd8d48b
Indywidualne Mistrzostwa Polski Middle-Earth SBG 2026 (IMP 2026),4acc2947-7325-4fd3-b6c5-26d158dcfc50,BITWA II - CONVERGENCE,9816ffbc-0ef6-4189-972e-5173ab75456c,FINISHED,7c17033a-3c09-4043-ba1d-fdcc47f886e3,30,2026-03-04T22:38:41.046Z,8d82bd02-dfbe-4ca4-8354-9048a8aa7fe8,bddd8ac9-5247-4f0a-9a17-4ac7bea1812a,0.0,3.0,,False,0ad5a877-7be9-4680-a17a-a83ed614ce1b,7825ed24-d5e7-4e12-b627-23c81c278c00,15.0,14.0,,,False,False,08219a4e-e2d0-4904-b18d-f0320cd8d48b
Indywidualne Mistrzostwa Polski Middle-Earth SBG 2026 (IMP 2026),4acc2947-7325-4fd3-b6c5-26d158dcfc50,BITWA II - CONVERGENCE,9816ffbc-0ef6-4189-972e-5173ab75456c,FINISHED,284df657-e966-4be0-95af-dad18df7936a,31,2026-03-04T22:38:41.046Z,244ed942-8626-4d02-87c7-3dd79e8057e3,1f51b345-c749-4ebb-a4ae-cd40e4bd2b37,0.0,4.0,,True,b79e8cb7-cbbd-4736-b225-5948d0350edb,d70e3320-c102-4867-b84f-be1398cfbf01,15.0,17.0,,True,False,False,08219a4e-e2d0-4904-b18d-f0320cd8d48b
Indywidualne Mistrzostwa Polski Middle-Earth SBG 2026 (IMP 2026),4acc2947-7325-4fd3-b6c5-26d158dcfc50,BITWA II - CONVERGENCE,9816ffbc-0ef6-4189-972e-5173ab75456c,FINISHED,25e9c42a-10ec-4e65-8887-0c767ccb64e5,32,2026-03-04T22:38:41.046Z,39d704b4-4065-4b3a-8d86-db0d8214a041,6f641816-8973-4f1f-b906-3b33d5710be9,0.0,4.0,,True,a508cf8b-c3ab-4d65-923a-513e1aa5c909,93d647e6-e5b4-4797-8941-dcfb38fd8b6e,15.0,15.0,,True,False,False,08219a4e-e2d0-4904-b18d-f0320cd8d48b
Indywidualne Mistrzostwa Polski Middle-Earth SBG 2026 (IMP 2026),4acc2947-7325-4fd3-b6c5-26d158dcfc50,BITWA II - CONVERGENCE,9816ffbc-0ef6-4189-972e-5173ab75456c,FINISHED,ea35bcc8-5dab-4f5b-9f14-3923875853c4,33,2026-03-04T22:38:41.046Z,7ee8e930-38d9-4486-bb64-ba288fbb2295,27e5fd8e-fc73-48f9-802e-3546fde22d25,0.0,6.0,,True,707644b3-088e-472d-a116-329c1779108f,8076af08-a8fe-455c-8c1a-2e5d7f2ad3eb,15.0,14.0,,True,False,False,08219a4e-e2d0-4904-b18d-f0320cd8d48b
Indywidualne Mistrzostwa Polski Middle-Earth SBG 2026 (IMP 2026),4acc2947-7325-4fd3-b6c5-26d158dcfc50,BITWA II - CONVERGENCE,9816ffbc-0ef6-4189-972e-5173ab75456c,FINISHED,829ad318-6657-43b5-9cb4-607b9be40ad7,34,2026-03-04T22:38:41.046Z,4665081a-ffe0-4623-8046-11b2ccf20fc3,222c2b52-47fd-4345-a6ec-a83ee05ccb12,15.0,20.0,,True,bdc78ecd-0c6a-4334-b01c-9579a2cdecbd,1857125d-c4f2-4a84-a26c-18ff4acbbcaf,0.0,0.0,,True,False,False,08219a4e-e2d0-4904-b18d-f0320cd8d48b
Indywidualne Mistrzostwa Polski Middle-Earth SBG 2026 (IMP 2026),4acc2947-7325-4fd3-b6c5-26d158dcfc50,BITWA II - CONVERGENCE,9816ffbc-0ef6-4189-972e-5173ab75456c,FINISHED,0c51fe6f-e934-49ea-aa34-44c6f2da280d,35,2026-03-04T22:38:41.046Z,e98354e2-b102-4c6f-9a24-f25cd2877668,b0eedad6-3e96-47d3-a85d-4d3f56d1acb3,15.0,11.0,,,5cc4d425-271a-4595-9155-f5b91bf03139,f0b719fd-09d6-4d2a-a87c-bd6e7fcd6990,0.0,5.0,,,False,False,08219a4e-e2d0-4904-b18d-f0320cd8d48b
Indywidualne Mistrzostwa Polski Middle-Earth SBG 2026 (IMP 2026),4acc2947-7325-4fd3-b6c5-26d158dcfc50,BITWA II - CONVERGENCE,9816ffbc-0ef6-4189-972e-5173ab75456c,FINISHED,9926e8e9-d46f-47dc-be30-6d29b8dff772,36,2026-03-04T22:38:41.046Z,ee9732fe-c74c-47aa-99c5-9a538b74ddff,4eeae4b0-7922-4c5c-81d6-d8ed10484545,5.0,4.0,,,89e6a671-d5e2-4081-bf57-b38e6ac07a5f,22a23162-8fd8-4dcc-833c-430aafa67491,11.0,5.0,,False,False,False,08219a4e-e2d0-4904-b18d-f0320cd8d48b
Indywidualne Mistrzostwa Polski Middle-Earth SBG 2026 (IMP 2026),4acc2947-7325-4fd3-b6c5-26d158dcfc50,BITWA II - CONVERGENCE,9816ffbc-0ef6-4189-972e-5173ab75456c,FINISHED,43d152e8-18ab-4176-8713-492647b2065d,37,2026-03-04T22:38:41.046Z,c5a1cb35-1917-4635-a3b0-1c9e15795ec9,4e8fbce8-9600-4b61-af86-6731e366fce3,15.0,14.0,,True,714386a8-23df-4343-90c8-da2480116299,b746219c-415e-46e0-8143-e8cbc9ae71d0,0.0,6.0,,,False,False,08219a4e-e2d0-4904-b18d-f0320cd8d48b
Indywidualne Mistrzostwa Polski Middle-Earth SBG 2026 (IMP 2026),4acc2947-7325-4fd3-b6c5-26d158dcfc50,BITWA II - CONVERGENCE,9816ffbc-0ef6-4189-972e-5173ab75456c,FINISHED,97b55e95-d427-42f8-8657-713e37317647,38,2026-03-04T22:38:41.046Z,75a9bf9c-8444-4b02-8121-db9d7cc90a24,20a238b0-37e6-400b-a2a1-20935ab4cc00,0.0,1.0,,,917343de-d340-4553-afaa-94aed1d9374a,9e5a191c-e93a-436d-b7b0-95d223dd6e2e,15.0,15.0,,True,False,False,08219a4e-e2d0-4904-b18d-f0320cd8d48b
Indywidualne Mistrzostwa Polski Middle-Earth SBG 2026 (IMP 2026),4acc2947-7325-4fd3-b6c5-26d158dcfc50,BITWA II - CONVERGENCE,9816ffbc-0ef6-4189-972e-5173ab75456c,FINISHED,2f6015e2-73be-4176-b220-d14951da387a,39,2026-03-04T22:38:41.046Z,b185f19a-8c46-476a-94bc-31a82809103c,d7deccf7-cc03-46b4-a9a0-6e6e66317298,5.0,7.0,,,292fbeb6-d514-4ecf-8865-172e680e66a4,0ad1e880-3db6-4577-84e8-1f7bb3702572,11.0,12.0,,True,False,False,08219a4e-e2d0-4904-b18d-f0320cd8d48b
Indywidualne Mistrzostwa Polski Middle-Earth SBG 2026 (IMP 2026),4acc2947-7325-4fd3-b6c5-26d158dcfc50,BITWA II - CONVERGENCE,9816ffbc-0ef6-4189-972e-5173ab75456c,FINISHED,238f2d90-26c8-4458-b866-7eb285037d90,40,2026-03-04T22:38:41.046Z,56e7d827-341e-4d3a-87dc-d5470194be1c,1e4b9bdf-6062-4736-aef3-52bc568f8803,15.0,18.0,,True,82741c51-cfc5-45f9-ab2b-ea14ece8d708,ef720739-17ce-42ec-a9fb-2c6e361af86f,0.0,1.0,,False,False,False,08219a4e-e2d0-4904-b18d-f0320cd8d48b
Indywidualne Mistrzostwa Polski Middle-Earth SBG 2026 (IMP 2026),4acc2947-7325-4fd3-b6c5-26d158dcfc50,BITWA II - CONVERGENCE,9816ffbc-0ef6-4189-972e-5173ab75456c,FINISHED,82d1dcaf-43eb-4535-959e-324dee963e59,41,2026-03-04T22:38:41.046Z,f5d93f54-46e5-4c4e-83e6-3a1f614a35fe,a8c5dace-3769-45a7-9812-c134eda0fcae,15.0,12.0,,True,6ec1abde-3b81-487c-a220-27cda25496c8,d1928738-701d-4759-abe9-ff1123a28015,0.0,6.0,,False,False,False,08219a4e-e2d0-4904-b18d-f0320cd8d48b
Indywidualne Mistrzostwa Polski Middle-Earth SBG 2026 (IMP 2026),4acc2947-7325-4fd3-b6c5-26d158dcfc50,BITWA II - CONVERGENCE,9816ffbc-0ef6-4189-972e-5173ab75456c,FINISHED,4f269073-4240-46d6-b8f1-c21b78494efb,42,2026-03-04T22:38:41.046Z,003a863d-8cef-4b29-a73e-40fd084158cb,15e5a444-91c2-43fe-8b7b-c927354ca51a,11.0,9.0,,False,b6daf6c2-54ea-4558-97eb-ed02d899ebb3,813e33d8-2b98-45ed-8c3c-00af33dd4697,5.0,8.0,,False,False,False,08219a4e-e2d0-4904-b18d-f0320cd8d48b
Indywidualne Mistrzostwa Polski Middle-Earth SBG 2026 (IMP 2026),4acc2947-7325-4fd3-b6c5-26d158dcfc50,BITWA II - CONVERGENCE,9816ffbc-0ef6-4189-972e-5173ab75456c,FINISHED,c8df2ad8-59ef-4dc3-a4f7-ad28453e8b47,43,2026-03-04T22:38:41.046Z,b0468211-221c-4265-bb74-1c1130a154a6,758ae748-3888-4bdf-b4f9-7972a8ac9948,0.0,5.0,,,239da195-07fb-41c4-b710-ba8a5ecea1ac,aa674303-96e8-485b-b3f9-815be61d14dc,15.0,15.0,,,False,False,08219a4e-e2d0-4904-b18d-f0320cd8d48b
Indywidualne Mistrzostwa Polski Middle-Earth SBG 2026 (IMP 2026),4acc2947-7325-4fd3-b6c5-26d158dcfc50,BITWA II - CONVERGENCE,9816ffbc-0ef6-4189-972e-5173ab75456c,FINISHED,6c470126-1fc0-47b0-abe8-2737671ce3a2,44,2026-03-04T22:38:41.046Z,c09d061d-e915-4b3a-bd00-dff3cee43d08,65805e1a-2bae-4663-a590-28d09e52152d,0.0,3.0,,False,164eceb1-8961-4a42-bf0a-a45ee32d7ee2,6bbae723-3f56-4f46-b886-e4f179c50e93,15.0,11.0,,True,False,False,08219a4e-e2d0-4904-b18d-f0320cd8d48b
Indywidualne Mistrzostwa Polski Middle-Earth SBG 2026 (IMP 2026),4acc2947-7325-4fd3-b6c5-26d158dcfc50,BITWA II - CONVERGENCE,9816ffbc-0ef6-4189-972e-5173ab75456c,FINISHED,d4ff5d8b-9590-492b-80d1-b1dbf1ae168d,45,2026-03-04T22:38:41.046Z,798ed920-f130-4ee9-af7a-7f8f3d771f77,448193ff-e2b4-4650-898a-1dd8dc3fd5e1,0.0,1.0,,,989095c8-ee39-43b2-89bd-99e8a86bda5f,a5f615bb-a42a-4084-98e7-426a4b15d6ac,15.0,9.0,,True,False,False,08219a4e-e2d0-4904-b18d-f0320cd8d48b
Indywidualne Mistrzostwa Polski Middle-Earth SBG 2026 (IMP 2026),4acc2947-7325-4fd3-b6c5-26d158dcfc50,BITWA II - CONVERGENCE,9816ffbc-0ef6-4189-972e-5173ab75456c,FINISHED,27eaab32-7ca4-4b3d-b989-7bf754c5be28,46,2026-03-04T22:38:41.046Z,947796d4-ff80-4eb8-b737-51511ed64b0f,a10c88af-658f-4dbe-bb23-533f04cdfa24,15.0,18.0,,True,43d58ab1-e112-45c4-a79d-e80bbad9a911,7d79e669-7010-4328-bbf5-3f7203dddd9a,0.0,1.0,,False,False,False,08219a4e-e2d0-4904-b18d-f0320cd8d48b
Indywidualne Mistrzostwa Polski Middle-Earth SBG 2026 (IMP 2026),4acc2947-7325-4fd3-b6c5-26d158dcfc50,BITWA II - CONVERGENCE,9816ffbc-0ef6-4189-972e-5173ab75456c,FINISHED,ee199628-9897-476b-8fe6-98e26f1c8ff7,47,2026-03-04T22:38:41.046Z,cc8783c8-d21b-4134-958d-9a0204960d97,47a7936d-530e-4e10-8518-5a51bbe3ff41,0.0,0.0,,,eae52f40-54aa-414c-801f-6b19e869675a,3d714876-1192-47cf-a91e-7158e7e6c608,15.0,20.0,,True,False,False,08219a4e-e2d0-4904-b18d-f0320cd8d48b
Indywidualne Mistrzostwa Polski Middle-Earth SBG 2026 (IMP 2026),4acc2947-7325-4fd3-b6c5-26d158dcfc50,BITWA II - CONVERGENCE,9816ffbc-0ef6-4189-972e-5173ab75456c,FINISHED,c2d787a0-6766-410a-8aae-9c31ef20ef18,48,2026-03-04T22:38:41.046Z,31a76eb2-9357-4e77-87d5-93e67b96fd0c,de5cbcdc-3bbc-430b-a716-53b4792437f9,5.0,6.0,,False,fee77118-7892-43b8-9ac0-7567b50a530b,bbe7d7b9-232d-4b4d-a17a-5f4c72ea758b,11.0,8.0,,True,False,False,08219a4e-e2d0-4904-b18d-f0320cd8d48b
Indywidualne Mistrzostwa Polski Middle-Earth SBG 2026 (IMP 2026),4acc2947-7325-4fd3-b6c5-26d158dcfc50,BITWA II - CONVERGENCE,9816ffbc-0ef6-4189-972e-5173ab75456c,FINISHED,73715029-f128-4b16-ac2a-b10f5f66b324,49,2026-03-04T22:38:41.046Z,6f38f228-c678-4dba-b85e-ee93a0f07212,40ebe707-6a6c-4a85-aff5-58b2d0493daa,0.0,0.0,,False,0e852e4c-420d-486d-8c45-4445baf5861e,4edd7b4a-f5e4-4136-9363-aa93d7e9b8e3,15.0,10.0,,False,False,False,08219a4e-e2d0-4904-b18d-f0320cd8d48b
Indywidualne Mistrzostwa Polski Middle-Earth SBG 2026 (IMP 2026),4acc2947-7325-4fd3-b6c5-26d158dcfc50,BITWA II - CONVERGENCE,9816ffbc-0ef6-4189-972e-5173ab75456c,FINISHED,e0731fea-ec8d-4ee2-8a16-8a765c62746a,50,2026-03-04T22:38:41.046Z,07b9563f-0916-4759-a9a4-e65e7a8e8ec4,9fa82917-385d-469e-84c0-8db3e5214cd5,15.0,20.0,,False,b3354cbc-3350-4410-99cd-2e562f211e0c,bcef8b98-d13e-41a3-a8d0-86063d765955,0.0,0.0,,False,False,False,08219a4e-e2d0-4904-b18d-f0320cd8d48b
Indywidualne Mistrzostwa Polski Middle-Earth SBG 2026 (IMP 2026),4acc2947-7325-4fd3-b6c5-26d158dcfc50,BITWA II - CONVERGENCE,9816ffbc-0ef6-4189-972e-5173ab75456c,FINISHED,5ddd381b-bc15-4738-b476-141bd4b2d995,51,2026-03-04T22:38:41.046Z,0aabdb20-08e5-4c5f-8ef6-b176c663b6c3,f5bcca05-14a2-4c47-8a81-379d5c4ee992,0.0,0.0,,True,82e71ee7-44eb-462f-b7a0-9353c12cfeca,6fbfdbec-7d0c-4900-a4a5-7bdf560ca7a2,15.0,20.0,,False,False,False,08219a4e-e2d0-4904-b18d-f0320cd8d48b
Indywidualne Mistrzostwa Polski Middle-Earth SBG 2026 (IMP 2026),4acc2947-7325-4fd3-b6c5-26d158dcfc50,BITWA II - CONVERGENCE,9816ffbc-0ef6-4189-972e-5173ab75456c,FINISHED,87ca1fce-e2ef-4ffb-af09-fd78548902bc,52,2026-03-04T22:38:41.046Z,126322bb-2a85-471d-b601-61828012c0d9,69a11808-e3ca-44e5-9ac0-e4d735625b21,0.0,1.0,,,94676715-a24e-4cc8-8fb7-0d475c2bc94f,e11c9221-5fee-4a26-b4a8-23f3ee654de2,15.0,12.0,,False,False,False,08219a4e-e2d0-4904-b18d-f0320cd8d48b
Indywidualne Mistrzostwa Polski Middle-Earth SBG 2026 (IMP 2026),4acc2947-7325-4fd3-b6c5-26d158dcfc50,BITWA II - CONVERGENCE,9816ffbc-0ef6-4189-972e-5173ab75456c,FINISHED,6114664c-0fc6-49e3-876d-6bafd7bb615a,53,2026-03-04T22:38:41.046Z,4a54c56b-2fe0-4527-934e-799300ddc3db,5dd629bc-7618-4bd4-9b02-0c13fc7b7a34,15.0,20.0,,True,4521ec7f-c273-40dd-8c50-5f4ab79b15ed,e2970df6-81f0-48df-89ac-2c66a06f30e7,0.0,0.0,,True,False,False,08219a4e-e2d0-4904-b18d-f0320cd8d48b
Indywidualne Mistrzostwa Polski Middle-Earth SBG 2026 (IMP 2026),4acc2947-7325-4fd3-b6c5-26d158dcfc50,BITWA II - CONVERGENCE,9816ffbc-0ef6-4189-972e-5173ab75456c,FINISHED,504f281f-6d55-415e-85aa-5d3cde765013,54,2026-03-04T22:38:41.046Z,3a8d44cd-36b7-43ba-85e4-2a5e6c611f56,02e912fd-a2c2-4725-a3a6-e9d4fea52a31,7.0,8.0,,False,dfbed4ac-b61d-4c66-9b01-643768ae3dd6,1279e92f-2cd2-4ab8-855a-9630a43d2c60,7.0,8.0,,True,False,False,08219a4e-e2d0-4904-b18d-f0320cd8d48b
Indywidualne Mistrzostwa Polski Middle-Earth SBG 2026 (IMP 2026),4acc2947-7325-4fd3-b6c5-26d158dcfc50,BITWA II - CONVERGENCE,9816ffbc-0ef6-4189-972e-5173ab75456c,FINISHED,a41ecf57-d01f-4c67-8dfb-5544223e51de,55,2026-03-04T22:38:41.046Z,ff649aeb-455c-4a46-a72a-325ba40012d5,13a4ddbb-8db9-4160-b1e8-372365ed4e8d,5.0,6.0,,True,ba03a48e-352a-47a1-90f5-6294bc932e3a,627d904e-046e-45b7-b7ec-d237aafc54c1,11.0,11.0,,True,False,False,08219a4e-e2d0-4904-b18d-f0320cd8d48b
Indywidualne Mistrzostwa Polski Middle-Earth SBG 2026 (IMP 2026),4acc2947-7325-4fd3-b6c5-26d158dcfc50,BITWA II - CONVERGENCE,9816ffbc-0ef6-4189-972e-5173ab75456c,FINISHED,ec4cda2d-cd0d-449d-b106-cd7617ec8bc9,56,2026-03-04T22:38:41.046Z,90c63d14-346c-4d07-a466-c5a7cf4bd8a7,93cda88b-c976-4e61-8f65-9a5a5f1ecf7b,15.0,12.0,,True,9d218253-a1f1-49b7-af6f-0eb84fa281f4,8c340f26-1543-4335-8b37-d814614b81f9,0.0,2.0,,False,False,False,08219a4e-e2d0-4904-b18d-f0320cd8d48b
Indywidualne Mistrzostwa Polski Middle-Earth SBG 2026 (IMP 2026),4acc2947-7325-4fd3-b6c5-26d158dcfc50,BITWA II - CONVERGENCE,9816ffbc-0ef6-4189-972e-5173ab75456c,FINISHED,5d891d97-cc1f-4f57-9e54-e8c245e17364,57,2026-03-04T22:38:41.046Z,8f8d604c-4c64-4021-8e38-7c358c8d5b75,9d5bc521-d1ac-416e-952c-926b6aef9e60,15.0,15.0,,True,59d93066-254e-4595-82af-8e0b9e47f1b9,6dead819-2363-4244-ab43-933ee534235f,0.0,3.0,,False,False,False,08219a4e-e2d0-4904-b18d-f0320cd8d48b
Indywidualne Mistrzostwa Polski Middle-Earth SBG 2026 (IMP 2026),4acc2947-7325-4fd3-b6c5-26d158dcfc50,BITWA II - CONVERGENCE,9816ffbc-0ef6-4189-972e-5173ab75456c,FINISHED,1fe488be-9721-42c4-96f4-9acb37f76644,58,2026-03-04T22:38:41.046Z,881135f7-04f7-47ac-a1fc-c231c89372e1,224b8d3d-7e1f-4095-853a-088883879195,0.0,0.0,,True,1a331ad2-4714-4de2-9bd2-8155c9bc4a46,ad4836af-7b5d-4389-a937-446249ae3deb,15.0,20.0,,False,False,False,08219a4e-e2d0-4904-b18d-f0320cd8d48b
Indywidualne Mistrzostwa Polski Middle-Earth SBG 2026 (IMP 2026),4acc2947-7325-4fd3-b6c5-26d158dcfc50,BITWA II - CONVERGENCE,9816ffbc-0ef6-4189-972e-5173ab75456c,FINISHED,28b866a7-f7e6-4908-bdcd-71a9890130ad,59,2026-03-04T22:38:41.046Z,a2179689-e919-44c3-abbb-108d081120e4,6841eef6-931a-4375-ae1b-79843a97a82e,15.0,18.0,,False,88f6e5d6-8300-4c2d-83b2-ffc1712206a5,5aa7d708-6938-4f9e-b4d9-ef2e49b6f5f5,0.0,0.0,,True,False,False,08219a4e-e2d0-4904-b18d-f0320cd8d48b
Indywidualne Mistrzostwa Polski Middle-Earth SBG 2026 (IMP 2026),4acc2947-7325-4fd3-b6c5-26d158dcfc50,BITWA II - CONVERGENCE,9816ffbc-0ef6-4189-972e-5173ab75456c,FINISHED,c194599f-14fa-4ba3-af25-7b119a79de5b,60,2026-03-04T22:38:41.046Z,6867facd-41b8-4e33-a7b3-30fc614ddd67,cbfbcd40-cbf7-4546-885f-4d061496fe8c,0.0,0.0,,,be227627-2cae-4ad9-9f22-5dba9bbdc79d,64a59e06-3985-4400-b26f-6528e57ac2d7,15.0,15.0,,True,False,False,08219a4e-e2d0-4904-b18d-f0320cd8d48b
Indywidualne Mistrzostwa Polski Middle-Earth SBG 2026 (IMP 2026),4acc2947-7325-4fd3-b6c5-26d158dcfc50,BITWA II - CONVERGENCE,9816ffbc-0ef6-4189-972e-5173ab75456c,FINISHED,c8854ccc-9571-4b8e-9f97-ace375263688,61,2026-03-04T22:38:41.046Z,e8757a6f-211d-4dff-813f-6f953ef6e44c,4c85220b-667f-4d0b-b719-9c9ae145792d,15.0,14.0,,False,d1a70b90-15d4-4ab6-ab10-917f33aa8564,cb67ea1b-6562-48e3-99e2-c7d66c880c28,0.0,2.0,,False,False,False,08219a4e-e2d0-4904-b18d-f0320cd8d48b
Indywidualne Mistrzostwa Polski Middle-Earth SBG 2026 (IMP 2026),4acc2947-7325-4fd3-b6c5-26d158dcfc50,BITWA II - CONVERGENCE,9816ffbc-0ef6-4189-972e-5173ab75456c,FINISHED,4da3ba1a-649c-4ed8-b03c-a64f364ac698,62,2026-03-04T22:38:41.046Z,7187d12d-0b4a-4ad8-bd23-0cf0a5d7c84c,68bf04f5-3d30-4e15-9d0e-10ff004496e9,5.0,6.0,,True,abd65354-0918-4138-9dc5-c22036029d55,cd36b01c-87a1-47c9-b877-a65940b24b12,11.0,9.0,,False,False,False,08219a4e-e2d0-4904-b18d-f0320cd8d48b
Indywidualne Mistrzostwa Polski Middle-Earth SBG 2026 (IMP 2026),4acc2947-7325-4fd3-b6c5-26d158dcfc50,BITWA II - CONVERGENCE,9816ffbc-0ef6-4189-972e-5173ab75456c,FINISHED,b853ee25-f795-4e40-8388-fc2ea2ee3981,63,2026-03-04T22:38:41.046Z,1f57ead4-2160-4f36-9b8e-1ca0951eb81a,1e2ff82c-8d15-489c-bbfd-dca8a2156d20,0.0,5.0,,False,22dcdd8c-4d91-4cf4-9cdc-9572fd913588,9357ea2e-af38-453d-9c2f-b828d5ccdfb6,15.0,12.0,,True,False,False,08219a4e-e2d0-4904-b18d-f0320cd8d48b
Indywidualne Mistrzostwa Polski Middle-Earth SBG 2026 (IMP 2026),4acc2947-7325-4fd3-b6c5-26d158dcfc50,BITWA II - CONVERGENCE,9816ffbc-0ef6-4189-972e-5173ab75456c,FINISHED,a19a378c-a705-48d2-85c9-4d17cc21f888,64,2026-03-04T22:38:41.046Z,aa20789f-aa93-4aec-a9d1-f1904f8122ed,d0cc3137-fab5-4977-bfac-cf0a791bd9b0,15.0,9.0,,True,0554a8c3-cfb8-4400-88a6-0078a4b6d72a,27c4c004-c8f1-436b-b449-0dbd8a0f08fa,0.0,3.0,,True,False,False,08219a4e-e2d0-4904-b18d-f0320cd8d48b
Indywidualne Mistrzostwa Polski Middle-Earth SBG 2026 (IMP 2026),4acc2947-7325-4fd3-b6c5-26d158dcfc50,BITWA II - CONVERGENCE,9816ffbc-0ef6-4189-972e-5173ab75456c,FINISHED,8fff8a1e-e3f0-4f9d-bbbe-7b0ded9a20c7,65,2026-03-04T22:38:41.046Z,60d7e1b8-e55a-452c-9880-6b33ab0bd8ab,6bfe026e-18ff-45b8-bbfb-57f575b6f81b,0.0,0.0,,False,854dabb6-5eef-403c-830f-f1dde9498adc,b6f0e023-257d-472b-af43-78e56d559cae,15.0,9.0,,True,False,False,08219a4e-e2d0-4904-b18d-f0320cd8d48b
Indywidualne Mistrzostwa Polski Middle-Earth SBG 2026 (IMP 2026),4acc2947-7325-4fd3-b6c5-26d158dcfc50,BITWA I - STAKE A CLAIM,44422e82-9e8d-4e79-b870-549a1c544a4d,FINISHED,df39ddbe-86f8-4641-82b9-e3d1eb66021c,0,2026-03-04T22:16:45.532Z,f6ab8c35-0f16-436a-8ddd-f53820fdf167,475ff286-fcbc-4c49-bac5-e3002c4bdf14,15.0,17.0,,False,b5552883-d663-4702-9677-f5d43907fade,a6bf8ed5-530f-4135-a0ca-0a34b5f352c0,0.0,0.0,,False,False,False,08219a4e-e2d0-4904-b18d-f0320cd8d48b
Indywidualne Mistrzostwa Polski Middle-Earth SBG 2026 (IMP 2026),4acc2947-7325-4fd3-b6c5-26d158dcfc50,BITWA I - STAKE A CLAIM,44422e82-9e8d-4e79-b870-549a1c544a4d,FINISHED,2e8a92d0-853f-4214-93a7-8c5de1b8062e,1,2026-03-04T22:16:45.532Z,e74930a1-7707-41b3-9b2e-7e019a6b88b4,a6fc8598-2a54-4bb6-bbe1-4501ff1cee61,15.0,6.0,,,f0ee2398-d1b6-4b69-bcc2-6d5f0eff3385,4d2a70a2-c8e1-4ab9-a886-3a945d216f71,0.0,3.0,,True,False,False,08219a4e-e2d0-4904-b18d-f0320cd8d48b
Indywidualne Mistrzostwa Polski Middle-Earth SBG 2026 (IMP 2026),4acc2947-7325-4fd3-b6c5-26d158dcfc50,BITWA I - STAKE A CLAIM,44422e82-9e8d-4e79-b870-549a1c544a4d,FINISHED,9bce2a5a-8178-4fbd-b658-97d7488e274e,2,2026-03-04T22:16:45.532Z,d080ed44-3171-4798-9c78-792d1a822c14,12fc8435-48b6-4a57-a152-4d7ee21ce225,0.0,0.0,,,7cf97d8e-1e03-4efe-9a8a-0159ef8a6454,804c4802-b3bc-41ec-9f1b-de92ffe4897e,15.0,20.0,,False,False,False,08219a4e-e2d0-4904-b18d-f0320cd8d48b
Indywidualne Mistrzostwa Polski Middle-Earth SBG 2026 (IMP 2026),4acc2947-7325-4fd3-b6c5-26d158dcfc50,BITWA I - STAKE A CLAIM,44422e82-9e8d-4e79-b870-549a1c544a4d,FINISHED,76dd585d-e724-4785-9b49-3295e6925f4c,3,2026-03-04T22:16:45.532Z,ca2d930d-eead-45f5-b0b2-0ed882d25d36,7fa5ba4b-28df-44e8-a4f2-d87072e98a2b,15.0,18.0,,True,925f7d66-9311-43b7-be55-4bb7b8ea3bc8,4a511f44-0b5e-4f86-b9ea-6db298859c11,0.0,0.0,,True,False,False,08219a4e-e2d0-4904-b18d-f0320cd8d48b
Indywidualne Mistrzostwa Polski Middle-Earth SBG 2026 (IMP 2026),4acc2947-7325-4fd3-b6c5-26d158dcfc50,BITWA I - STAKE A CLAIM,44422e82-9e8d-4e79-b870-549a1c544a4d,FINISHED,2bcad6ee-56ce-4016-a28f-bdbdc5480c39,4,2026-03-04T22:16:45.532Z,40031adc-a403-4ed1-b3c1-77df3fc1e383,d1219f2e-d585-4ce6-979c-9b1ba239894a,0.0,0.0,,False,a80580cc-5762-41dc-ac60-ca0dd5924c51,8e40b208-0e62-4a37-8228-f003566dc4a7,15.0,14.0,,True,False,False,08219a4e-e2d0-4904-b18d-f0320cd8d48b
Indywidualne Mistrzostwa Polski Middle-Earth SBG 2026 (IMP 2026),4acc2947-7325-4fd3-b6c5-26d158dcfc50,BITWA I - STAKE A CLAIM,44422e82-9e8d-4e79-b870-549a1c544a4d,FINISHED,7c9bf61e-2a77-424e-95b1-4cdb97a0dad7,5,2026-03-04T22:16:45.532Z,125d1ef7-b58c-4c21-81a4-b15c29a06db7,bd51334f-700f-46ea-9801-7fa43e9c53d0,15.0,5.0,,False,,,,,,,False,False,08219a4e-e2d0-4904-b18d-f0320cd8d48b
Indywidualne Mistrzostwa Polski Middle-Earth SBG 2026 (IMP 2026),4acc2947-7325-4fd3-b6c5-26d158dcfc50,BITWA I - STAKE A CLAIM,44422e82-9e8d-4e79-b870-549a1c544a4d,FINISHED,8f767e48-8dad-4968-b531-d4f48aecab46,6,2026-03-04T22:16:45.532Z,a1f34f3f-2003-40aa-a4ca-db1d05cb8887,2a69f764-5cb1-4177-9200-d58b7117a089,0.0,0.0,,False,f14a0c75-ccee-45a6-899b-e13221a77972,5f6a7ffa-1a94-4176-a2f0-42f18d04a39e,15.0,20.0,,False,False,False,08219a4e-e2d0-4904-b18d-f0320cd8d48b
Indywidualne Mistrzostwa Polski Middle-Earth SBG 2026 (IMP 2026),4acc2947-7325-4fd3-b6c5-26d158dcfc50,BITWA I - STAKE A CLAIM,44422e82-9e8d-4e79-b870-549a1c544a4d,FINISHED,8dfdab20-b297-47a3-b176-458ef9faf879,7,2026-03-04T22:16:45.532Z,62fcb42c-04a2-4c21-8f57-25807602c525,6e8fd6ad-52e1-4877-84dc-2fce2d7ab7da,0.0,0.0,,True,ee57aed5-b2c0-4e5a-98d3-067c8c39482e,b8dd1de2-9dd2-40d6-8a9b-5b3403be9f37,15.0,9.0,,False,False,False,08219a4e-e2d0-4904-b18d-f0320cd8d48b
Indywidualne Mistrzostwa Polski Middle-Earth SBG 2026 (IMP 2026),4acc2947-7325-4fd3-b6c5-26d158dcfc50,BITWA I - STAKE A CLAIM,44422e82-9e8d-4e79-b870-549a1c544a4d,FINISHED,95f79299-3f2b-4800-b561-dae273bda05b,8,2026-03-04T22:16:45.532Z,374188a1-fee7-46c4-a55e-3cbfbea9d18a,71f045ad-ce24-4e8b-865a-1dc0f634a42d,15.0,14.0,,True,2243b5de-d2ca-4e67-8583-9e4390383bef,77909618-f8dc-4991-922b-1e21528fbcde,0.0,0.0,,True,False,False,08219a4e-e2d0-4904-b18d-f0320cd8d48b
Indywidualne Mistrzostwa Polski Middle-Earth SBG 2026 (IMP 2026),4acc2947-7325-4fd3-b6c5-26d158dcfc50,BITWA I - STAKE A CLAIM,44422e82-9e8d-4e79-b870-549a1c544a4d,FINISHED,8d22d4f7-f10d-4381-ab5c-f6531c953c68,9,2026-03-04T22:16:45.532Z,981a7498-9836-451a-8560-12a635575b0e,309de8ee-ad9e-4a87-911b-e3a5d480d491,15.0,8.0,,,6236bb5c-f2a4-458c-819a-3a77fc8f74a4,639fe636-9845-4b28-8d36-0a0ea855edeb,0.0,4.0,,False,False,False,08219a4e-e2d0-4904-b18d-f0320cd8d48b
Indywidualne Mistrzostwa Polski Middle-Earth SBG 2026 (IMP 2026),4acc2947-7325-4fd3-b6c5-26d158dcfc50,BITWA I - STAKE A CLAIM,44422e82-9e8d-4e79-b870-549a1c544a4d,FINISHED,8c12f8d0-3120-4229-90c6-29ea9bfe7e9b,10,2026-03-04T22:16:45.532Z,6f96738d-ffec-4d89-b224-d07cdd62ecfb,bff31d63-a3e1-44f4-a02b-c9649b590cc2,0.0,2.0,,False,5b4bd455-3d5c-4eaa-87dd-ce89b9d0f223,ac23a3ec-2b0f-4d94-8575-948ae2f7eb83,15.0,5.0,,True,False,False,08219a4e-e2d0-4904-b18d-f0320cd8d48b
Indywidualne Mistrzostwa Polski Middle-Earth SBG 2026 (IMP 2026),4acc2947-7325-4fd3-b6c5-26d158dcfc50,BITWA I - STAKE A CLAIM,44422e82-9e8d-4e79-b870-549a1c544a4d,FINISHED,fcd8b746-843f-4c7e-b2c6-ed0bb3d3a18c,11,2026-03-04T22:16:45.532Z,dd78b62d-5396-4db5-b136-7750782dc708,76870d30-055b-4a89-a141-78ef032269f2,11.0,3.0,,True,c3433e14-5a49-4eee-8366-e264ff5e40e7,dd081a04-8bbb-4409-aed7-f6ceedf4d7d0,5.0,1.0,,False,False,False,08219a4e-e2d0-4904-b18d-f0320cd8d48b
Indywidualne Mistrzostwa Polski Middle-Earth SBG 2026 (IMP 2026),4acc2947-7325-4fd3-b6c5-26d158dcfc50,BITWA I - STAKE A CLAIM,44422e82-9e8d-4e79-b870-549a1c544a4d,FINISHED,78c6f897-7614-4b32-80e4-cefd6376bd5e,12,2026-03-04T22:16:45.532Z,6ba0e7d6-d2cd-4743-b515-0fb748268f34,e99aafd2-d310-49bd-b0d5-b12b6acd1600,15.0,17.0,,,10659caf-645a-4483-9ad0-034ccc141018,eacb0c29-8302-462e-9e47-c61d95ce5ff3,0.0,0.0,,False,False,False,08219a4e-e2d0-4904-b18d-f0320cd8d48b
Indywidualne Mistrzostwa Polski Middle-Earth SBG 2026 (IMP 2026),4acc2947-7325-4fd3-b6c5-26d158dcfc50,BITWA I - STAKE A CLAIM,44422e82-9e8d-4e79-b870-549a1c544a4d,FINISHED,cb846ec4-e9f3-4f1f-a970-5e0a828ca090,13,2026-03-04T22:16:45.532Z,c13102d3-ca4a-4675-ac07-238e871e7458,0b9e69bb-46e8-4b18-949b-c788fd37fe1e,5.0,4.0,,True,567c3933-1c8e-4a5b-aad0-fe3b721a5027,c451779b-6172-4e1a-acbd-1b387949849d,11.0,5.0,,True,False,False,08219a4e-e2d0-4904-b18d-f0320cd8d48b
Indywidualne Mistrzostwa Polski Middle-Earth SBG 2026 (IMP 2026),4acc2947-7325-4fd3-b6c5-26d158dcfc50,BITWA I - STAKE A CLAIM,44422e82-9e8d-4e79-b870-549a1c544a4d,FINISHED,b729a966-6039-400f-b76c-c81b12c72ab0,14,2026-03-04T22:16:45.532Z,940bef24-b109-490c-a7e1-289e70e31b05,9f838a1a-8b9b-4c57-9faa-251f6768a5e9,5.0,2.0,,False,2a8b6f72-cce0-4354-92c9-b591a35f35ee,5f55d7f6-e77c-45a0-b083-60691560a665,11.0,4.0,,True,False,False,08219a4e-e2d0-4904-b18d-f0320cd8d48b
Indywidualne Mistrzostwa Polski Middle-Earth SBG 2026 (IMP 2026),4acc2947-7325-4fd3-b6c5-26d158dcfc50,BITWA I - STAKE A CLAIM,44422e82-9e8d-4e79-b870-549a1c544a4d,FINISHED,fb102717-d06c-4a32-8007-dc85e917a9e3,15,2026-03-04T22:16:45.532Z,650afed9-3055-4b1e-a19d-c10830675201,c7b8c4fa-78e2-4f83-994b-6828dd39ddd1,0.0,0.0,,False,85ae3fa4-11d3-4bbf-a05f-6d56c79f54b2,970b04fa-4663-4c49-8a54-756a10c82c07,15.0,6.0,,False,False,False,08219a4e-e2d0-4904-b18d-f0320cd8d48b
Indywidualne Mistrzostwa Polski Middle-Earth SBG 2026 (IMP 2026),4acc2947-7325-4fd3-b6c5-26d158dcfc50,BITWA I - STAKE A CLAIM,44422e82-9e8d-4e79-b870-549a1c544a4d,FINISHED,9717a172-846e-4965-9f75-4c56c1c8079d,16,2026-03-04T22:16:45.532Z,3b2177f2-309d-4dfa-80cd-7d6796f506ad,1723649c-e9e5-42eb-9e2a-d9de6492fd21,5.0,3.0,,False,60001493-3947-4d09-843c-42f02a3c27a3,bbbe191e-78cb-42d6-acc6-fd53718b1fd2,11.0,5.0,,False,False,False,08219a4e-e2d0-4904-b18d-f0320cd8d48b
Indywidualne Mistrzostwa Polski Middle-Earth SBG 2026 (IMP 2026),4acc2947-7325-4fd3-b6c5-26d158dcfc50,BITWA I - STAKE A CLAIM,44422e82-9e8d-4e79-b870-549a1c544a4d,FINISHED,d50d5127-73ba-4c15-ac30-86d3006630f3,17,2026-03-04T22:16:45.532Z,c75e3a2b-efdd-41b2-8e63-d1ea22728127,62553300-be05-4e64-a57e-a9d7ea1b9e88,7.0,6.0,,True,6e3646d0-5a6a-48f6-bf5c-9f2a094aa9e9,0117f017-2d2b-4322-910f-c7c1b3aae435,7.0,6.0,,,False,False,08219a4e-e2d0-4904-b18d-f0320cd8d48b
Indywidualne Mistrzostwa Polski Middle-Earth SBG 2026 (IMP 2026),4acc2947-7325-4fd3-b6c5-26d158dcfc50,BITWA I - STAKE A CLAIM,44422e82-9e8d-4e79-b870-549a1c544a4d,FINISHED,3c14edfc-9e29-472f-8a17-b590f6112c5b,18,2026-03-04T22:16:45.532Z,21489c44-64c6-4831-b39d-726ef915e326,c70f135f-cff3-481e-b4de-25725df57a2c,0.0,0.0,,False,120d6e6a-b43e-4c44-a669-b2569ff0da86,7508e7c6-6d9d-46a3-a29f-dc70f0917a46,15.0,5.0,,False,False,False,08219a4e-e2d0-4904-b18d-f0320cd8d48b
Indywidualne Mistrzostwa Polski Middle-Earth SBG 2026 (IMP 2026),4acc2947-7325-4fd3-b6c5-26d158dcfc50,BITWA I - STAKE A CLAIM,44422e82-9e8d-4e79-b870-549a1c544a4d,FINISHED,bd8f6e38-d4d2-4ee5-81bb-212d26064627,19,2026-03-04T22:16:45.532Z,67007432-e50b-4ed7-a467-c81e4eeadd34,1403a8fb-39a4-4e2f-b6cd-5d7e334df789,15.0,9.0,,False,c5839789-8d0e-4381-ad1f-4985015d1607,a4179cf5-0caa-450b-8b1d-8331298d0ee1,0.0,0.0,,True,False,False,08219a4e-e2d0-4904-b18d-f0320cd8d48b
Indywidualne Mistrzostwa Polski Middle-Earth SBG 2026 (IMP 2026),4acc2947-7325-4fd3-b6c5-26d158dcfc50,BITWA I - STAKE A CLAIM,44422e82-9e8d-4e79-b870-549a1c544a4d,FINISHED,7b274de2-c6d6-4821-b9f2-2fef0a375e23,20,2026-03-04T22:16:45.532Z,fa68ab0f-6997-4ca7-bb38-dbe0880cb93a,2f1215b6-dd3c-44cc-9604-ee8e4b42553c,15.0,16.0,,True,0ff6da92-51e7-4ea7-bbb3-297cca2243b2,72214086-3cc8-4fa1-8520-7a6de92529de,0.0,3.0,,,False,False,08219a4e-e2d0-4904-b18d-f0320cd8d48b
Indywidualne Mistrzostwa Polski Middle-Earth SBG 2026 (IMP 2026),4acc2947-7325-4fd3-b6c5-26d158dcfc50,BITWA I - STAKE A CLAIM,44422e82-9e8d-4e79-b870-549a1c544a4d,FINISHED,34898b69-a4e9-495a-a2da-6ed24505b0d8,21,2026-03-04T22:16:45.532Z,89ab40dc-77f0-471d-bd1f-f2bf3d2bdb06,13e9bcf5-c291-4537-b0aa-29592b68612f,0.0,0.0,,False,405f5f6b-998b-43e1-bb05-6fdd39e28bd8,21c12fb0-4289-4df3-8bad-f18c2a49fd0d,15.0,6.0,,False,False,False,08219a4e-e2d0-4904-b18d-f0320cd8d48b
Indywidualne Mistrzostwa Polski Middle-Earth SBG 2026 (IMP 2026),4acc2947-7325-4fd3-b6c5-26d158dcfc50,BITWA I - STAKE A CLAIM,44422e82-9e8d-4e79-b870-549a1c544a4d,FINISHED,82b480c9-11fe-41fe-9c18-cd1c365d93c5,22,2026-03-04T22:16:45.532Z,c4c6bd4f-a6ae-479b-9a5c-a45f9cddaec4,774afb8c-8f87-46dc-823e-a82621336e4f,11.0,5.0,,False,7c873f07-a161-4649-bb5d-36d90f8f026f,ef46c5bc-e9ab-450b-85f5-4b88323ef1b8,5.0,4.0,,True,False,False,08219a4e-e2d0-4904-b18d-f0320cd8d48b
Indywidualne Mistrzostwa Polski Middle-Earth SBG 2026 (IMP 2026),4acc2947-7325-4fd3-b6c5-26d158dcfc50,BITWA I - STAKE A CLAIM,44422e82-9e8d-4e79-b870-549a1c544a4d,FINISHED,2f09bb1b-f02b-4219-9273-ffd8958dbdae,23,2026-03-04T22:16:45.532Z,7b94419b-daa6-463b-a04d-ea1f22a670d9,88eff5e1-e5fa-40df-ac60-dd5cb0c71bad,15.0,9.0,,True,ff722bfa-b9b8-4b0d-a870-4a3a27ef74f8,7ca2b5ee-c648-4e98-bcba-50d159612ecc,0.0,0.0,,,False,False,08219a4e-e2d0-4904-b18d-f0320cd8d48b
Indywidualne Mistrzostwa Polski Middle-Earth SBG 2026 (IMP 2026),4acc2947-7325-4fd3-b6c5-26d158dcfc50,BITWA I - STAKE A CLAIM,44422e82-9e8d-4e79-b870-549a1c544a4d,FINISHED,1f5d50d3-9e47-41a0-9147-b48ce40f787b,24,2026-03-04T22:16:45.532Z,99aa932c-f0d8-41a5-9216-38d3279f35a8,a15d42d2-401a-42d5-a0e7-e8f88c780302,15.0,12.0,,,f5265823-3472-43ff-8789-5c1c4a7c863e,a66f5a56-1f3b-4944-9a2b-040faa0061e5,0.0,3.0,,True,False,False,08219a4e-e2d0-4904-b18d-f0320cd8d48b
Indywidualne Mistrzostwa Polski Middle-Earth SBG 2026 (IMP 2026),4acc2947-7325-4fd3-b6c5-26d158dcfc50,BITWA I - STAKE A CLAIM,44422e82-9e8d-4e79-b870-549a1c544a4d,FINISHED,aab7f7d9-0380-4778-bfd0-1c80d00473a9,25,2026-03-04T22:16:45.532Z,9087350e-cd19-439f-ad97-3a20549323e0,ea7e3e0d-3a78-4a90-8ca4-a55e6505cf5a,0.0,6.0,,True,4b364841-3bfd-4e9b-86f5-c590392344c5,48655433-fa77-4b22-b13e-a33b593f1a57,15.0,15.0,,False,False,False,08219a4e-e2d0-4904-b18d-f0320cd8d48b
Indywidualne Mistrzostwa Polski Middle-Earth SBG 2026 (IMP 2026),4acc2947-7325-4fd3-b6c5-26d158dcfc50,BITWA I - STAKE A CLAIM,44422e82-9e8d-4e79-b870-549a1c544a4d,FINISHED,f3e55694-7e22-45f0-b115-94860c97ba0c,26,2026-03-04T22:16:45.532Z,3f7fc242-5bd6-46f5-aaf4-7ac43c2936b3,85e858a0-eb30-4b0d-8622-f6bdbc8c12e8,0.0,0.0,,True,9fc01482-9c78-488a-af48-dc26f94b8d0f,7f22159a-00df-4a00-9aa9-2f36d60d2455,15.0,5.0,,True,False,False,08219a4e-e2d0-4904-b18d-f0320cd8d48b
Indywidualne Mistrzostwa Polski Middle-Earth SBG 2026 (IMP 2026),4acc2947-7325-4fd3-b6c5-26d158dcfc50,BITWA I - STAKE A CLAIM,44422e82-9e8d-4e79-b870-549a1c544a4d,FINISHED,53343f55-1c8e-4f1e-9585-3689d05d37a9,27,2026-03-04T22:16:45.532Z,ae0efde0-1c20-4c1f-8f3e-a642390afe75,3723b773-cadb-46d3-8758-e1260476e981,0.0,0.0,,True,4a2094d8-da5d-4e6b-967f-18af773642e1,457f9c1a-0e9a-4c0e-ae41-7f00e3646fba,15.0,6.0,,False,False,False,08219a4e-e2d0-4904-b18d-f0320cd8d48b
Indywidualne Mistrzostwa Polski Middle-Earth SBG 2026 (IMP 2026),4acc2947-7325-4fd3-b6c5-26d158dcfc50,BITWA I - STAKE A CLAIM,44422e82-9e8d-4e79-b870-549a1c544a4d,FINISHED,8e13e3b0-cfc7-4871-9274-4d1adfc838bb,28,2026-03-04T22:16:45.532Z,5f7b3b38-eee6-41f4-b01f-042b9dab6eb2,bddd8ac9-5247-4f0a-9a17-4ac7bea1812a,0.0,1.0,,False,956627a2-7132-45b5-8ac8-f9746a554e7f,d70e3320-c102-4867-b84f-be1398cfbf01,15.0,16.0,,True,False,False,08219a4e-e2d0-4904-b18d-f0320cd8d48b
Indywidualne Mistrzostwa Polski Middle-Earth SBG 2026 (IMP 2026),4acc2947-7325-4fd3-b6c5-26d158dcfc50,BITWA I - STAKE A CLAIM,44422e82-9e8d-4e79-b870-549a1c544a4d,FINISHED,ac19d92f-2746-4492-a2f3-5fb2a627fe49,29,2026-03-04T22:16:45.532Z,a72bfabb-36fb-45a6-a2e5-bac360f9f32f,1f51b345-c749-4ebb-a4ae-cd40e4bd2b37,0.0,0.0,,False,b074940e-133b-4617-a5dc-446df339e2f3,7825ed24-d5e7-4e12-b627-23c81c278c00,15.0,13.0,,,False,False,08219a4e-e2d0-4904-b18d-f0320cd8d48b
Indywidualne Mistrzostwa Polski Middle-Earth SBG 2026 (IMP 2026),4acc2947-7325-4fd3-b6c5-26d158dcfc50,BITWA I - STAKE A CLAIM,44422e82-9e8d-4e79-b870-549a1c544a4d,FINISHED,a861fdb0-7c74-48e3-aa56-6d24539184b7,30,2026-03-04T22:16:45.532Z,4239bda8-4a05-4564-ba72-a4cb4e55de77,6f641816-8973-4f1f-b906-3b33d5710be9,0.0,3.0,,True,6286039e-a439-453e-ab9f-882245903146,8076af08-a8fe-455c-8c1a-2e5d7f2ad3eb,15.0,7.0,,False,False,False,08219a4e-e2d0-4904-b18d-f0320cd8d48b
Indywidualne Mistrzostwa Polski Middle-Earth SBG 2026 (IMP 2026),4acc2947-7325-4fd3-b6c5-26d158dcfc50,BITWA I - STAKE A CLAIM,44422e82-9e8d-4e79-b870-549a1c544a4d,FINISHED,82157b82-3a02-4c34-9dac-dbf604150d6a,31,2026-03-04T22:16:45.532Z,486c2b5a-ebbb-4ef8-b953-07fc6e1e1027,27e5fd8e-fc73-48f9-802e-3546fde22d25,0.0,1.0,,True,90a27dcd-d23d-46db-88b0-642f490e27a5,93d647e6-e5b4-4797-8941-dcfb38fd8b6e,15.0,20.0,,True,False,False,08219a4e-e2d0-4904-b18d-f0320cd8d48b
Indywidualne Mistrzostwa Polski Middle-Earth SBG 2026 (IMP 2026),4acc2947-7325-4fd3-b6c5-26d158dcfc50,BITWA I - STAKE A CLAIM,44422e82-9e8d-4e79-b870-549a1c544a4d,FINISHED,f22a7ddf-865f-434d-8c63-0e20e8e8f670,32,2026-03-04T22:16:45.532Z,ab00deac-1013-44c8-b185-78163d8063f5,222c2b52-47fd-4345-a6ec-a83ee05ccb12,15.0,5.0,,True,04268b7c-77a2-4524-a6a3-f1308c189087,f0b719fd-09d6-4d2a-a87c-bd6e7fcd6990,0.0,0.0,,,False,False,08219a4e-e2d0-4904-b18d-f0320cd8d48b
Indywidualne Mistrzostwa Polski Middle-Earth SBG 2026 (IMP 2026),4acc2947-7325-4fd3-b6c5-26d158dcfc50,BITWA I - STAKE A CLAIM,44422e82-9e8d-4e79-b870-549a1c544a4d,FINISHED,cc22a40b-a62c-4eec-b37e-0d4216ea6cf7,33,2026-03-04T22:16:45.532Z,426bd671-1e6c-42d1-961d-25f081c3b5f3,b0eedad6-3e96-47d3-a85d-4d3f56d1acb3,5.0,3.0,,,e6e227f8-367d-499e-9d87-01bb91b65ba2,1857125d-c4f2-4a84-a26c-18ff4acbbcaf,11.0,5.0,,False,False,False,08219a4e-e2d0-4904-b18d-f0320cd8d48b
Indywidualne Mistrzostwa Polski Middle-Earth SBG 2026 (IMP 2026),4acc2947-7325-4fd3-b6c5-26d158dcfc50,BITWA I - STAKE A CLAIM,44422e82-9e8d-4e79-b870-549a1c544a4d,FINISHED,27a4e32e-2134-4e38-97d2-e02ce4bf23de,34,2026-03-04T22:16:45.532Z,22e6ad00-8dcc-4679-ab40-2b550b5b743a,4eeae4b0-7922-4c5c-81d6-d8ed10484545,0.0,0.0,,,b1cb652c-bd6e-4d02-b9d0-f821ddeb08b1,b746219c-415e-46e0-8143-e8cbc9ae71d0,15.0,7.0,,,False,False,08219a4e-e2d0-4904-b18d-f0320cd8d48b
Indywidualne Mistrzostwa Polski Middle-Earth SBG 2026 (IMP 2026),4acc2947-7325-4fd3-b6c5-26d158dcfc50,BITWA I - STAKE A CLAIM,44422e82-9e8d-4e79-b870-549a1c544a4d,FINISHED,629578b8-df1d-41a0-b9d3-bf17802f0a35,35,2026-03-04T22:16:45.532Z,6473e160-c767-4f75-8d5f-d5d16749dbf0,4e8fbce8-9600-4b61-af86-6731e366fce3,15.0,9.0,,False,d90990f9-a01d-4e16-80b8-90aeca22c61e,22a23162-8fd8-4dcc-833c-430aafa67491,0.0,0.0,,False,False,False,08219a4e-e2d0-4904-b18d-f0320cd8d48b
Indywidualne Mistrzostwa Polski Middle-Earth SBG 2026 (IMP 2026),4acc2947-7325-4fd3-b6c5-26d158dcfc50,BITWA I - STAKE A CLAIM,44422e82-9e8d-4e79-b870-549a1c544a4d,FINISHED,e7ebc075-1833-46ae-8681-720304871fdc,36,2026-03-04T22:16:45.532Z,16a36880-a40a-4842-a1b7-213cc4e82095,20a238b0-37e6-400b-a2a1-20935ab4cc00,0.0,0.0,,,aeac7082-00e5-4163-b8ec-1ad8b491e9e9,0ad1e880-3db6-4577-84e8-1f7bb3702572,15.0,6.0,,True,False,False,08219a4e-e2d0-4904-b18d-f0320cd8d48b
Indywidualne Mistrzostwa Polski Middle-Earth SBG 2026 (IMP 2026),4acc2947-7325-4fd3-b6c5-26d158dcfc50,BITWA I - STAKE A CLAIM,44422e82-9e8d-4e79-b870-549a1c544a4d,FINISHED,92ad71cd-adaa-4a5f-a609-e4dcc44bdf90,37,2026-03-04T22:16:45.532Z,9934c35d-a851-4de9-ae8d-1adee704ae43,d7deccf7-cc03-46b4-a9a0-6e6e66317298,,1.0,,,8477bb45-3a83-4d32-b261-5e7cad0f3778,9e5a191c-e93a-436d-b7b0-95d223dd6e2e,15.0,14.0,,True,False,False,08219a4e-e2d0-4904-b18d-f0320cd8d48b
Indywidualne Mistrzostwa Polski Middle-Earth SBG 2026 (IMP 2026),4acc2947-7325-4fd3-b6c5-26d158dcfc50,BITWA I - STAKE A CLAIM,44422e82-9e8d-4e79-b870-549a1c544a4d,FINISHED,a3ea2cf1-47e5-414a-973f-95e2bb08f725,38,2026-03-04T22:16:45.532Z,c8cc5ece-83f1-4ed7-b5a8-88b5ec3ae879,1e4b9bdf-6062-4736-aef3-52bc568f8803,7.0,4.0,,True,82a02023-bcef-4c37-8346-3db63ca574af,d1928738-701d-4759-abe9-ff1123a28015,7.0,4.0,,False,False,False,08219a4e-e2d0-4904-b18d-f0320cd8d48b
Indywidualne Mistrzostwa Polski Middle-Earth SBG 2026 (IMP 2026),4acc2947-7325-4fd3-b6c5-26d158dcfc50,BITWA I - STAKE A CLAIM,44422e82-9e8d-4e79-b870-549a1c544a4d,FINISHED,4315b840-e55d-4e21-9324-9b78205b7264,39,2026-03-04T22:16:45.532Z,ad88bde3-8a1b-4ddf-b366-d53a535c3b4b,a8c5dace-3769-45a7-9812-c134eda0fcae,15.0,10.0,,False,98c23ea6-28a3-48ba-83d5-b85fe4f9a68b,ef720739-17ce-42ec-a9fb-2c6e361af86f,0.0,0.0,,False,False,False,08219a4e-e2d0-4904-b18d-f0320cd8d48b
Indywidualne Mistrzostwa Polski Middle-Earth SBG 2026 (IMP 2026),4acc2947-7325-4fd3-b6c5-26d158dcfc50,BITWA I - STAKE A CLAIM,44422e82-9e8d-4e79-b870-549a1c544a4d,FINISHED,4a672bc3-d06c-40bb-a5e4-fee39739e2d0,40,2026-03-04T22:16:45.532Z,83283127-d682-4ffb-97f6-29bb340dead0,15e5a444-91c2-43fe-8b7b-c927354ca51a,15.0,11.0,,False,5652469c-8d58-4016-bfb2-807bbdce75bb,aa674303-96e8-485b-b3f9-815be61d14dc,0.0,4.0,,,False,False,08219a4e-e2d0-4904-b18d-f0320cd8d48b
Indywidualne Mistrzostwa Polski Middle-Earth SBG 2026 (IMP 2026),4acc2947-7325-4fd3-b6c5-26d158dcfc50,BITWA I - STAKE A CLAIM,44422e82-9e8d-4e79-b870-549a1c544a4d,FINISHED,1bc11e2f-3b91-419e-a8ae-f3037bfe16b5,41,2026-03-04T22:16:45.532Z,3e13dd0a-59ea-4648-80c0-f650323e8f03,758ae748-3888-4bdf-b4f9-7972a8ac9948,0.0,1.0,,,2f993153-68b1-4612-bc3e-0461d06ad2f4,813e33d8-2b98-45ed-8c3c-00af33dd4697,15.0,7.0,,False,False,False,08219a4e-e2d0-4904-b18d-f0320cd8d48b
Indywidualne Mistrzostwa Polski Middle-Earth SBG 2026 (IMP 2026),4acc2947-7325-4fd3-b6c5-26d158dcfc50,BITWA I - STAKE A CLAIM,44422e82-9e8d-4e79-b870-549a1c544a4d,FINISHED,aad709c9-dc4f-4e6f-be6c-a75972a15173,42,2026-03-04T22:16:45.532Z,3f054fc7-509e-4690-bd98-5c4c4e54e124,65805e1a-2bae-4663-a590-28d09e52152d,0.0,0.0,,False,03b51c3b-4bc6-47d6-aab3-77bebc1d8a95,a5f615bb-a42a-4084-98e7-426a4b15d6ac,15.0,9.0,,False,False,False,08219a4e-e2d0-4904-b18d-f0320cd8d48b
Indywidualne Mistrzostwa Polski Middle-Earth SBG 2026 (IMP 2026),4acc2947-7325-4fd3-b6c5-26d158dcfc50,BITWA I - STAKE A CLAIM,44422e82-9e8d-4e79-b870-549a1c544a4d,FINISHED,9281c6b0-5303-4da1-ab47-116554f9b4f7,43,2026-03-04T22:16:45.532Z,dad078e9-f627-4c62-aa83-3ffb9ad045fa,448193ff-e2b4-4650-898a-1dd8dc3fd5e1,0.0,0.0,,,cf69b3b8-2028-4578-b04e-7a5895e98a66,6bbae723-3f56-4f46-b886-e4f179c50e93,15.0,12.0,,True,False,False,08219a4e-e2d0-4904-b18d-f0320cd8d48b
Indywidualne Mistrzostwa Polski Middle-Earth SBG 2026 (IMP 2026),4acc2947-7325-4fd3-b6c5-26d158dcfc50,BITWA I - STAKE A CLAIM,44422e82-9e8d-4e79-b870-549a1c544a4d,FINISHED,bee94100-5cf2-4241-ab85-f633797789a5,44,2026-03-04T22:16:45.532Z,ba5a3c59-1e13-4a41-a7c7-359ace5c1bb2,a10c88af-658f-4dbe-bb23-533f04cdfa24,11.0,5.0,,False,dc4d67e2-afd2-4878-b778-73eb427cb51e,3d714876-1192-47cf-a91e-7158e7e6c608,5.0,3.0,,False,False,False,08219a4e-e2d0-4904-b18d-f0320cd8d48b
Indywidualne Mistrzostwa Polski Middle-Earth SBG 2026 (IMP 2026),4acc2947-7325-4fd3-b6c5-26d158dcfc50,BITWA I - STAKE A CLAIM,44422e82-9e8d-4e79-b870-549a1c544a4d,FINISHED,e6d5df04-8112-4dbb-ba0a-d6a5d7340a1d,45,2026-03-04T22:16:45.532Z,af11e032-3e0f-4f79-a4da-7820a011804e,47a7936d-530e-4e10-8518-5a51bbe3ff41,0.0,0.0,,,75c00a92-f002-40d5-87cd-c46fd5c7d0ca,7d79e669-7010-4328-bbf5-3f7203dddd9a,15.0,9.0,,True,False,False,08219a4e-e2d0-4904-b18d-f0320cd8d48b
Indywidualne Mistrzostwa Polski Middle-Earth SBG 2026 (IMP 2026),4acc2947-7325-4fd3-b6c5-26d158dcfc50,BITWA I - STAKE A CLAIM,44422e82-9e8d-4e79-b870-549a1c544a4d,FINISHED,aa04fcad-c734-428f-ba13-4fc5694245d4,46,2026-03-04T22:16:45.532Z,2c8a7e5b-9d0b-407c-8195-8d1c74999f7d,de5cbcdc-3bbc-430b-a716-53b4792437f9,0.0,0.0,,False,16b4ca9f-9538-4cf3-8595-ccd77f302539,4edd7b4a-f5e4-4136-9363-aa93d7e9b8e3,15.0,9.0,,False,False,False,08219a4e-e2d0-4904-b18d-f0320cd8d48b
Indywidualne Mistrzostwa Polski Middle-Earth SBG 2026 (IMP 2026),4acc2947-7325-4fd3-b6c5-26d158dcfc50,BITWA I - STAKE A CLAIM,44422e82-9e8d-4e79-b870-549a1c544a4d,FINISHED,1ff18d15-d436-44a5-8282-7a90afba67a7,47,2026-03-04T22:16:45.532Z,2d4206a4-be3a-4f00-b2b3-8ac4ef608979,40ebe707-6a6c-4a85-aff5-58b2d0493daa,5.0,2.0,,False,be0e03e6-e501-4422-8f28-27787eefd9fb,bbe7d7b9-232d-4b4d-a17a-5f4c72ea758b,11.0,4.0,,True,False,False,08219a4e-e2d0-4904-b18d-f0320cd8d48b
Indywidualne Mistrzostwa Polski Middle-Earth SBG 2026 (IMP 2026),4acc2947-7325-4fd3-b6c5-26d158dcfc50,BITWA I - STAKE A CLAIM,44422e82-9e8d-4e79-b870-549a1c544a4d,FINISHED,0773fe57-3256-47d5-8750-c04f0317b64a,48,2026-03-04T22:16:45.532Z,da050646-29ed-4ae8-abe6-60005f0ff002,9fa82917-385d-469e-84c0-8db3e5214cd5,5.0,4.0,,False,d027a9b0-eaaf-42a5-a2fd-573e9b014280,6fbfdbec-7d0c-4900-a4a5-7bdf560ca7a2,11.0,6.0,,True,False,False,08219a4e-e2d0-4904-b18d-f0320cd8d48b
Indywidualne Mistrzostwa Polski Middle-Earth SBG 2026 (IMP 2026),4acc2947-7325-4fd3-b6c5-26d158dcfc50,BITWA I - STAKE A CLAIM,44422e82-9e8d-4e79-b870-549a1c544a4d,FINISHED,67914d7e-4d59-41b9-8bbd-80c009c5a23e,49,2026-03-04T22:16:45.532Z,1ecbb80e-0fb4-43a9-9f72-45d049dc2fbf,f5bcca05-14a2-4c47-8a81-379d5c4ee992,15.0,17.0,,False,a3cab945-ba17-4210-9661-d4ea0d19cf28,bcef8b98-d13e-41a3-a8d0-86063d765955,0.0,3.0,,False,False,False,08219a4e-e2d0-4904-b18d-f0320cd8d48b
Indywidualne Mistrzostwa Polski Middle-Earth SBG 2026 (IMP 2026),4acc2947-7325-4fd3-b6c5-26d158dcfc50,BITWA I - STAKE A CLAIM,44422e82-9e8d-4e79-b870-549a1c544a4d,FINISHED,98b22fe1-253a-44cd-bf13-8373c3493446,50,2026-03-04T22:16:45.532Z,c1be4db1-7fbe-4fc9-a32b-1be31d667f1d,69a11808-e3ca-44e5-9ac0-e4d735625b21,11.0,5.0,,,bc8ba8b2-4b34-47ea-9a55-36fa20cd1ec3,e2970df6-81f0-48df-89ac-2c66a06f30e7,5.0,4.0,,False,False,False,08219a4e-e2d0-4904-b18d-f0320cd8d48b
Indywidualne Mistrzostwa Polski Middle-Earth SBG 2026 (IMP 2026),4acc2947-7325-4fd3-b6c5-26d158dcfc50,BITWA I - STAKE A CLAIM,44422e82-9e8d-4e79-b870-549a1c544a4d,FINISHED,a3ebdcfb-9fc0-4d19-b2cd-0227cf7eb682,51,2026-03-04T22:16:45.532Z,edf2a962-df35-47e3-bbb1-3315f72a925b,5dd629bc-7618-4bd4-9b02-0c13fc7b7a34,15.0,12.0,,True,f5b55fa9-e59a-47d5-a904-ae91d6f6f451,e11c9221-5fee-4a26-b4a8-23f3ee654de2,0.0,0.0,,False,False,False,08219a4e-e2d0-4904-b18d-f0320cd8d48b
Indywidualne Mistrzostwa Polski Middle-Earth SBG 2026 (IMP 2026),4acc2947-7325-4fd3-b6c5-26d158dcfc50,BITWA I - STAKE A CLAIM,44422e82-9e8d-4e79-b870-549a1c544a4d,FINISHED,1ea0e9ac-33a3-4e45-97d4-0500e0e00a1a,52,2026-03-04T22:16:45.532Z,0cb9ab12-1084-4380-aaff-03d607487bc1,02e912fd-a2c2-4725-a3a6-e9d4fea52a31,11.0,6.0,,True,9ea38086-aa3e-4e72-b151-7d5dda7de9d3,627d904e-046e-45b7-b7ec-d237aafc54c1,5.0,4.0,,False,False,False,08219a4e-e2d0-4904-b18d-f0320cd8d48b
Indywidualne Mistrzostwa Polski Middle-Earth SBG 2026 (IMP 2026),4acc2947-7325-4fd3-b6c5-26d158dcfc50,BITWA I - STAKE A CLAIM,44422e82-9e8d-4e79-b870-549a1c544a4d,FINISHED,10bfae7d-8bad-4044-b735-e40b08bd99ed,53,2026-03-04T22:16:45.532Z,2b888f6e-61b4-4a49-97e0-95c45d4efba8,13a4ddbb-8db9-4160-b1e8-372365ed4e8d,0.0,0.0,,False,7237f1fe-da00-45f4-b67c-0fcabef427cf,1279e92f-2cd2-4ab8-855a-9630a43d2c60,15.0,20.0,,False,False,False,08219a4e-e2d0-4904-b18d-f0320cd8d48b
Indywidualne Mistrzostwa Polski Middle-Earth SBG 2026 (IMP 2026),4acc2947-7325-4fd3-b6c5-26d158dcfc50,BITWA I - STAKE A CLAIM,44422e82-9e8d-4e79-b870-549a1c544a4d,FINISHED,61992a52-947d-45a3-867e-b6337c5fca9c,54,2026-03-04T22:16:45.532Z,be455a42-5bcc-4575-afff-8b07270561d1,93cda88b-c976-4e61-8f65-9a5a5f1ecf7b,15.0,6.0,,True,eb54269b-1f88-4678-8b5a-39a8cf3a81b5,6dead819-2363-4244-ab43-933ee534235f,0.0,0.0,,False,False,False,08219a4e-e2d0-4904-b18d-f0320cd8d48b
Indywidualne Mistrzostwa Polski Middle-Earth SBG 2026 (IMP 2026),4acc2947-7325-4fd3-b6c5-26d158dcfc50,BITWA I - STAKE A CLAIM,44422e82-9e8d-4e79-b870-549a1c544a4d,FINISHED,a0f35f69-863d-437f-8523-2073e2246771,55,2026-03-04T22:16:45.532Z,72520732-20da-430b-8c5f-8ab85c0541d2,9d5bc521-d1ac-416e-952c-926b6aef9e60,15.0,6.0,,True,4b8bf1ff-12ae-4837-b15f-4fa52f369b63,8c340f26-1543-4335-8b37-d814614b81f9,0.0,0.0,,True,False,False,08219a4e-e2d0-4904-b18d-f0320cd8d48b
Indywidualne Mistrzostwa Polski Middle-Earth SBG 2026 (IMP 2026),4acc2947-7325-4fd3-b6c5-26d158dcfc50,BITWA I - STAKE A CLAIM,44422e82-9e8d-4e79-b870-549a1c544a4d,FINISHED,f4a103a1-cb16-4f42-a664-3034d59a80d6,56,2026-03-04T22:16:45.532Z,c747c250-a037-4210-88b6-ebae6f5f286c,224b8d3d-7e1f-4095-853a-088883879195,15.0,13.0,,True,f2a2d5a6-70f7-4b8d-bf38-a6137f272cba,5aa7d708-6938-4f9e-b4d9-ef2e49b6f5f5,0.0,0.0,,False,False,False,08219a4e-e2d0-4904-b18d-f0320cd8d48b
Indywidualne Mistrzostwa Polski Middle-Earth SBG 2026 (IMP 2026),4acc2947-7325-4fd3-b6c5-26d158dcfc50,BITWA I - STAKE A CLAIM,44422e82-9e8d-4e79-b870-549a1c544a4d,FINISHED,2634a96b-e7b3-4214-ae81-672b0afb9ee9,57,2026-03-04T22:16:45.532Z,2fbe71b7-666e-4bf7-a8c8-ca93f75ae84d,6841eef6-931a-4375-ae1b-79843a97a82e,5.0,3.0,,True,3e5d8955-a85a-42db-9f38-ed797c96444b,ad4836af-7b5d-4389-a937-446249ae3deb,11.0,4.0,,True,False,False,08219a4e-e2d0-4904-b18d-f0320cd8d48b
Indywidualne Mistrzostwa Polski Middle-Earth SBG 2026 (IMP 2026),4acc2947-7325-4fd3-b6c5-26d158dcfc50,BITWA I - STAKE A CLAIM,44422e82-9e8d-4e79-b870-549a1c544a4d,FINISHED,bdafe697-1299-4090-b27e-5f081abce120,58,2026-03-04T22:16:45.532Z,40eb23fd-78f9-4ca2-a1f8-b44ee062709f,cbfbcd40-cbf7-4546-885f-4d061496fe8c,0.0,0.0,,,9bbe2763-e5d8-4060-b7d1-b752e4aec625,cb67ea1b-6562-48e3-99e2-c7d66c880c28,15.0,12.0,,True,False,False,08219a4e-e2d0-4904-b18d-f0320cd8d48b
Indywidualne Mistrzostwa Polski Middle-Earth SBG 2026 (IMP 2026),4acc2947-7325-4fd3-b6c5-26d158dcfc50,BITWA I - STAKE A CLAIM,44422e82-9e8d-4e79-b870-549a1c544a4d,FINISHED,dc4fc1dd-aab0-4948-9d47-6aee14a0e628,59,2026-03-04T22:16:45.532Z,6171d89e-99bd-4e7a-8a57-8d9a8af2b80e,4c85220b-667f-4d0b-b719-9c9ae145792d,15.0,16.0,,False,35d99064-c0b1-4d78-bbeb-0776fb9c9d28,64a59e06-3985-4400-b26f-6528e57ac2d7,0.0,0.0,,False,False,False,08219a4e-e2d0-4904-b18d-f0320cd8d48b
Indywidualne Mistrzostwa Polski Middle-Earth SBG 2026 (IMP 2026),4acc2947-7325-4fd3-b6c5-26d158dcfc50,BITWA I - STAKE A CLAIM,44422e82-9e8d-4e79-b870-549a1c544a4d,FINISHED,76a944f3-76b4-4b95-90c0-c2ae57c87854,60,2026-03-04T22:16:45.532Z,78648a96-c0a6-4601-b781-77d2769210c8,68bf04f5-3d30-4e15-9d0e-10ff004496e9,0.0,1.0,,True,b2b8a0df-cd47-4c5c-b00e-aad5541e4ad1,9357ea2e-af38-453d-9c2f-b828d5ccdfb6,15.0,5.0,,False,False,False,08219a4e-e2d0-4904-b18d-f0320cd8d48b
Indywidualne Mistrzostwa Polski Middle-Earth SBG 2026 (IMP 2026),4acc2947-7325-4fd3-b6c5-26d158dcfc50,BITWA I - STAKE A CLAIM,44422e82-9e8d-4e79-b870-549a1c544a4d,FINISHED,d4527635-af8a-4481-b924-b7a8afc2ebd0,61,2026-03-04T22:16:45.532Z,b16a144b-fcee-48f1-876a-e407af68d94c,1e2ff82c-8d15-489c-bbfd-dca8a2156d20,0.0,0.0,,False,9df0512e-3f94-4365-ad1f-d89fa0cdd4ce,cd36b01c-87a1-47c9-b877-a65940b24b12,15.0,9.0,,False,False,False,08219a4e-e2d0-4904-b18d-f0320cd8d48b
Indywidualne Mistrzostwa Polski Middle-Earth SBG 2026 (IMP 2026),4acc2947-7325-4fd3-b6c5-26d158dcfc50,BITWA I - STAKE A CLAIM,44422e82-9e8d-4e79-b870-549a1c544a4d,FINISHED,33b21430-dabe-43f1-b4b5-35c197e0842b,62,2026-03-04T22:16:45.532Z,905e55db-919d-42ee-b735-7d4960cfbf21,d0cc3137-fab5-4977-bfac-cf0a791bd9b0,0.0,1.0,,True,03dc006e-2dfe-4061-9f63-9157dbad7768,b6f0e023-257d-472b-af43-78e56d559cae,15.0,9.0,,True,False,False,08219a4e-e2d0-4904-b18d-f0320cd8d48b
Indywidualne Mistrzostwa Polski Middle-Earth SBG 2026 (IMP 2026),4acc2947-7325-4fd3-b6c5-26d158dcfc50,BITWA I - STAKE A CLAIM,44422e82-9e8d-4e79-b870-549a1c544a4d,FINISHED,44770246-e0d5-455f-a1ee-f8142464ee82,63,2026-03-04T22:16:45.532Z,88f9dd16-21de-4253-8dbe-e7ccc4aa4e51,6bfe026e-18ff-45b8-bbfb-57f575b6f81b,0.0,0.0,,False,71adb397-55b7-45d7-b3ea-bd02334340fe,27c4c004-c8f1-436b-b449-0dbd8a0f08fa,15.0,12.0,,True,False,False,08219a4e-e2d0-4904-b18d-f0320cd8d48b
Indywidualne Mistrzostwa Polski Middle-Earth SBG 2026 (IMP 2026),4acc2947-7325-4fd3-b6c5-26d158dcfc50,BITWA I - STAKE A CLAIM,44422e82-9e8d-4e79-b870-549a1c544a4d,FINISHED,42c098eb-1e27-4b48-91ea-ad9554a6c26d,64,2026-03-04T22:16:45.532Z,48968f8b-f4c2-4309-8ebe-5dcbc52152b4,6df80142-0804-43f3-910e-3d51131586cf,15.0,10.0,,False,dec0b2b5-92b9-45b2-9eb9-3562ed0c7553,337cf4cf-c3db-40f2-bccb-d9d98d3928b9,0.0,0.0,,,False,False,08219a4e-e2d0-4904-b18d-f0320cd8d48b
Indywidualne Mistrzostwa Polski Middle-Earth SBG 2026 (IMP 2026),4acc2947-7325-4fd3-b6c5-26d158dcfc50,BITWA I - STAKE A CLAIM,44422e82-9e8d-4e79-b870-549a1c544a4d,FINISHED,6bd02887-75c9-455b-8c72-e11dc1012e3d,65,2026-03-04T22:16:45.532Z,dc2c72f6-cfa2-4e62-8a08-692e50d2dc42,081b732c-68ef-4404-bf2c-b56519b96acd,11.0,5.0,,False,25075679-f9f4-41dc-b4c7-895abb34137b,56219f44-91ef-4e22-9ebf-1c5f1ae21933,5.0,3.0,,False,False,False,08219a4e-e2d0-4904-b18d-f0320cd8d48b
