Tournament Name,Tournament ID,Round Title,Round ID,Round Status,Table ID,Table Number (Order),Created At,P1 ID,P1 User ID,P1 Primary Points (TP),P1 Secondary Points (VP),P1 Tertiary Points,P1 Use Secondary List,P2 ID,P2 User ID,P2 Primary Points (TP),P2 Secondary Points (VP),P2 Tertiary Points,P2 Use Secondary List,Approved by P1,Approved by P2,Added by User ID
Middle-Earth SBG Turniej Master 'Zadyma na Południu' Parowy 2x500 pkt [STREFA],4ff143c6-50f2-4e4d-905e-355cf001dd7b,Clash of Champions,e51d9f6c-684f-4d53-9444-2a5f7b2ce407,FINISHED,56e9eaf9-7109-49b0-991e-b58a04359f0e,0.0,2026-09-03T12:25:18.713Z,7890800d-0b55-4dc0-97ca-8657450578e4,bddd8ac9-5247-4f0a-9a17-4ac7bea1812a,0,0,0.0,,37d4a660-a96e-4947-afaf-ef1d73e8a7da,cd36b01c-87a1-47c9-b877-a65940b24b12,10.0,18.0,0.0,,False,True,cd36b01c-87a1-47c9-b877-a65940b24b12
Middle-Earth SBG Turniej Master 'Zadyma na Południu' Parowy 2x500 pkt [STREFA],4ff143c6-50f2-4e4d-905e-355cf001dd7b,Clash of Champions,e51d9f6c-684f-4d53-9444-2a5f7b2ce407,FINISHED,4858f9b3-274c-49ed-b640-a075c23c5a18,1.0,2026-09-03T12:25:18.713Z,84ff875d-a25c-4348-8440-f5c05f6df879,bcef8b98-d13e-41a3-a8d0-86063d765955,0,0,0.0,,534d238b-d4a7-4f6f-a1f5-ab0b776aed65,987fa345-8622-4702-a59f-71f0c10c6e0a,10.0,18.0,0.0,,False,True,cd36b01c-87a1-47c9-b877-a65940b24b12
Middle-Earth SBG Turniej Master 'Zadyma na Południu' Parowy 2x500 pkt [STREFA],4ff143c6-50f2-4e4d-905e-355cf001dd7b,Clash of Champions,e51d9f6c-684f-4d53-9444-2a5f7b2ce407,FINISHED,a213deed-5a6a-4916-b619-34e294deab38,2.0,2026-09-03T12:25:18.713Z,e121872f-e19f-4761-922f-add60731b65a,bb2a8efe-f745-4f44-94ee-831d41404935,0,5,0.0,,a8d11b66-42b7-48f7-a8a1-c5620a181844,97c5e5bc-7502-4f16-9c1b-53ead4fab5b2,10.0,12.0,0.0,,True,False,bb2a8efe-f745-4f44-94ee-831d41404935
Middle-Earth SBG Turniej Master 'Zadyma na Południu' Parowy 2x500 pkt [STREFA],4ff143c6-50f2-4e4d-905e-355cf001dd7b,Clash of Champions,e51d9f6c-684f-4d53-9444-2a5f7b2ce407,FINISHED,3ad8fbf6-626d-432e-9b30-43754182364b,3.0,2026-09-03T12:25:18.713Z,b30a5320-b0c2-464c-9fb5-acbe9dc0895a,e3be0c1a-33fa-4825-993f-8d84b55c47c0,0,5,0.0,,a0374187-8c73-4ba8-bfaa-5c6a0f68a509,c451779b-6172-4e1a-acbd-1b387949849d,10.0,12.0,0.0,,True,False,bb2a8efe-f745-4f44-94ee-831d41404935
Middle-Earth SBG Turniej Master 'Zadyma na Południu' Parowy 2x500 pkt [STREFA],4ff143c6-50f2-4e4d-905e-355cf001dd7b,Clash of Champions,e51d9f6c-684f-4d53-9444-2a5f7b2ce407,FINISHED,0ce4159e-d9a4-4580-a76a-76d8c75c9d3b,4.0,2026-09-03T12:25:18.713Z,25a6b571-f2de-419b-9ba3-33d5bf156416,13a4ddbb-8db9-4160-b1e8-372365ed4e8d,2,4,0.0,,70c2f11c-08e7-4932-8b43-0569e07266ae,396741ce-3694-4877-9603-fe19efd6284f,8.0,5.0,0.0,,True,False,13a4ddbb-8db9-4160-b1e8-372365ed4e8d
Middle-Earth SBG Turniej Master 'Zadyma na Południu' Parowy 2x500 pkt [STREFA],4ff143c6-50f2-4e4d-905e-355cf001dd7b,Clash of Champions,e51d9f6c-684f-4d53-9444-2a5f7b2ce407,FINISHED,7d1022ac-9bbc-409c-bb0f-7f73d2e6cdc8,5.0,2026-09-03T12:25:18.713Z,6cb14876-6a0f-491b-9b08-6ee202d42c3c,4d2a70a2-c8e1-4ab9-a886-3a945d216f71,2,4,0.0,,e6f82b1b-383c-4e32-bca7-bbd51e2a8b8c,97ef4386-ccac-4659-b7e7-c37ecff7f03c,8.0,5.0,0.0,,True,False,13a4ddbb-8db9-4160-b1e8-372365ed4e8d
Middle-Earth SBG Turniej Master 'Zadyma na Południu' Parowy 2x500 pkt [STREFA],4ff143c6-50f2-4e4d-905e-355cf001dd7b,Clash of Champions,e51d9f6c-684f-4d53-9444-2a5f7b2ce407,FINISHED,cc4db8b6-3d97-46f2-92cb-57c7fdd14d66,6.0,2026-09-03T12:25:18.713Z,9207d6d0-e373-4384-923c-c67e5be72430,7129c934-aacc-4988-9527-976c04e381ac,0,0,0.0,,3588df58-a218-48ea-a9ee-e1df5c4f0c75,57cefe9a-fa1b-45a6-a166-3e94e0d12d49,10.0,18.0,0.0,,False,True,9357ea2e-af38-453d-9c2f-b828d5ccdfb6
Middle-Earth SBG Turniej Master 'Zadyma na Południu' Parowy 2x500 pkt [STREFA],4ff143c6-50f2-4e4d-905e-355cf001dd7b,Clash of Champions,e51d9f6c-684f-4d53-9444-2a5f7b2ce407,FINISHED,0e7280fa-55cd-48b4-8e99-1fba3e6a5a3e,7.0,2026-09-03T12:25:18.713Z,cbca64cf-0eae-42e7-b871-deb7af0052fd,869300c0-1611-4a41-84e8-bb7e3afa22f9,0,0,0.0,,4a1e4c88-38ed-4b1d-92e8-6bc4150866eb,9357ea2e-af38-453d-9c2f-b828d5ccdfb6,10.0,18.0,0.0,,False,True,9357ea2e-af38-453d-9c2f-b828d5ccdfb6
Middle-Earth SBG Turniej Master 'Zadyma na Południu' Parowy 2x500 pkt [STREFA],4ff143c6-50f2-4e4d-905e-355cf001dd7b,Clash of Champions,e51d9f6c-684f-4d53-9444-2a5f7b2ce407,FINISHED,4d2d71e6-ad4b-4b32-8864-c4760c6ca669,8.0,2026-09-03T12:25:18.713Z,d787f3e3-8af4-40b2-94a5-2507fdf33c53,6841eef6-931a-4375-ae1b-79843a97a82e,10,12,0.0,,40c897bb-3fb0-4f78-8190-edcd9c9b66cd,55b3019a-a7e5-4c3c-9c51-0643513d2296,0.0,5.0,0.0,,True,False,6841eef6-931a-4375-ae1b-79843a97a82e
Middle-Earth SBG Turniej Master 'Zadyma na Południu' Parowy 2x500 pkt [STREFA],4ff143c6-50f2-4e4d-905e-355cf001dd7b,Clash of Champions,e51d9f6c-684f-4d53-9444-2a5f7b2ce407,FINISHED,2d5d79e3-9f16-4205-a75a-3ea9bf2e2095,9.0,2026-09-03T12:25:18.713Z,003635e6-0a06-4f4d-a37b-216d04378afe,9eaf0945-81fd-494b-be1f-3b6f349ce991,10,12,0.0,,20c8fb7e-a357-4307-9640-7c6fdb57856a,13e9bcf5-c291-4537-b0aa-29592b68612f,0.0,5.0,0.0,,True,False,6841eef6-931a-4375-ae1b-79843a97a82e
Middle-Earth SBG Turniej Master 'Zadyma na Południu' Parowy 2x500 pkt [STREFA],4ff143c6-50f2-4e4d-905e-355cf001dd7b,Clash of Champions,e51d9f6c-684f-4d53-9444-2a5f7b2ce407,FINISHED,89c4c765-df31-4a40-a695-10510d554095,10.0,2026-09-03T12:25:18.713Z,5db4e9ba-0541-4412-82dc-e3304cd8e1b1,d9d49e1f-dcbf-436c-b0b4-7fa2397c509f,0,2,0.0,,8d9be986-6d1b-44dc-9445-009f779560f4,cd905d3f-c042-479b-81f6-61d3ffcc713f,10.0,15.0,0.0,,False,True,cd905d3f-c042-479b-81f6-61d3ffcc713f
Middle-Earth SBG Turniej Master 'Zadyma na Południu' Parowy 2x500 pkt [STREFA],4ff143c6-50f2-4e4d-905e-355cf001dd7b,Clash of Champions,e51d9f6c-684f-4d53-9444-2a5f7b2ce407,FINISHED,51d425f3-ea0e-4563-bf15-2b2068771145,11.0,2026-09-03T12:25:18.713Z,15e1062c-3de4-4b7a-ba9b-99a09c670f65,0231b3c3-fb2b-4033-8dd3-bf98d9e29410,0,2,0.0,,11d5d10b-efd1-4989-9657-5dea598ff42b,780e8297-2cf1-4ac2-89bd-e9dd5ece6347,10.0,15.0,0.0,,False,True,cd905d3f-c042-479b-81f6-61d3ffcc713f
Middle-Earth SBG Turniej Master 'Zadyma na Południu' Parowy 2x500 pkt [STREFA],4ff143c6-50f2-4e4d-905e-355cf001dd7b,Clash of Champions,e51d9f6c-684f-4d53-9444-2a5f7b2ce407,FINISHED,9ddb4d50-eb34-4707-9a7f-4a0edebd8f75,12.0,2026-09-03T12:25:18.713Z,7ff371e1-489c-4002-b27a-afd994fccae8,ef46c5bc-e9ab-450b-85f5-4b88323ef1b8,10,13,0.0,,13eff76c-3c27-4bb4-ab64-7f29b9e15c45,12fc8435-48b6-4a57-a152-4d7ee21ce225,0.0,1.0,0.0,,True,False,ef46c5bc-e9ab-450b-85f5-4b88323ef1b8
Middle-Earth SBG Turniej Master 'Zadyma na Południu' Parowy 2x500 pkt [STREFA],4ff143c6-50f2-4e4d-905e-355cf001dd7b,Clash of Champions,e51d9f6c-684f-4d53-9444-2a5f7b2ce407,FINISHED,d80efdb5-1d3c-41f5-8c6b-419b5ad1ece6,13.0,2026-09-03T12:25:18.713Z,54f99cdb-5cde-48ac-97cb-e0f4e27590ba,15e5a444-91c2-43fe-8b7b-c927354ca51a,10,13,0.0,,b1843922-ec16-43f0-81ca-5efab13f185b,fd047df3-d1f4-4839-9e70-ac327abff337,0.0,1.0,0.0,,True,False,ef46c5bc-e9ab-450b-85f5-4b88323ef1b8
Middle-Earth SBG Turniej Master 'Zadyma na Południu' Parowy 2x500 pkt [STREFA],4ff143c6-50f2-4e4d-905e-355cf001dd7b,Clash of Champions,e51d9f6c-684f-4d53-9444-2a5f7b2ce407,FINISHED,ac0596dc-1eac-4fcd-bad8-de7e229fcad0,14.0,2026-09-03T12:25:18.713Z,40f692af-f666-486e-8f1f-44b0e915b351,9aa518b2-55c0-4256-81fb-8a37c9451c39,10,14,0.0,,6cbb683b-025c-4603-b571-3b7c4d0e3b3d,40eca01a-ba05-4c54-afa1-205dbb9e86dc,0.0,0.0,0.0,,True,False,26e6a6e5-8ef2-4c08-8e4f-b89566241f24
Middle-Earth SBG Turniej Master 'Zadyma na Południu' Parowy 2x500 pkt [STREFA],4ff143c6-50f2-4e4d-905e-355cf001dd7b,Clash of Champions,e51d9f6c-684f-4d53-9444-2a5f7b2ce407,FINISHED,5416ba2c-574f-4bc6-b14c-203683ea1b78,15.0,2026-09-03T12:25:18.713Z,b59e937b-d418-4068-b4c9-870aaa6baa57,26e6a6e5-8ef2-4c08-8e4f-b89566241f24,10,14,0.0,,9345d474-1c9f-4118-a351-434601205941,7783babb-c470-4763-80c7-8e6bd277ded8,0.0,0.0,0.0,,True,False,26e6a6e5-8ef2-4c08-8e4f-b89566241f24
Middle-Earth SBG Turniej Master 'Zadyma na Południu' Parowy 2x500 pkt [STREFA],4ff143c6-50f2-4e4d-905e-355cf001dd7b,Clash of Champions,e51d9f6c-684f-4d53-9444-2a5f7b2ce407,FINISHED,beae3e75-ee73-4b32-8557-1eab7749c03c,16.0,2026-09-03T12:25:18.713Z,32e131c5-5a30-4e1d-881f-429c7af391e4,222c2b52-47fd-4345-a6ec-a83ee05ccb12,10,7,0.0,,046df0b1-2c97-43df-812d-6e3384d21818,081b732c-68ef-4404-bf2c-b56519b96acd,0.0,0.0,0.0,,True,False,76870d30-055b-4a89-a141-78ef032269f2
Middle-Earth SBG Turniej Master 'Zadyma na Południu' Parowy 2x500 pkt [STREFA],4ff143c6-50f2-4e4d-905e-355cf001dd7b,Clash of Champions,e51d9f6c-684f-4d53-9444-2a5f7b2ce407,FINISHED,a13b3ad6-f240-4877-8338-84b8bea22f11,17.0,2026-09-03T12:25:18.713Z,fc5d1bc1-3fea-45ce-a194-913c163b348e,76870d30-055b-4a89-a141-78ef032269f2,10,7,0.0,,81d6dc55-4a81-42b2-a749-f3851ca772d0,4c85220b-667f-4d0b-b719-9c9ae145792d,0.0,0.0,0.0,,True,False,76870d30-055b-4a89-a141-78ef032269f2
Middle-Earth SBG Turniej Master 'Zadyma na Południu' Parowy 2x500 pkt [STREFA],4ff143c6-50f2-4e4d-905e-355cf001dd7b,Clash of Champions,e51d9f6c-684f-4d53-9444-2a5f7b2ce407,FINISHED,4b604bec-1cf4-44f6-bc08-6260a4afbd0b,18.0,2026-09-03T12:25:18.713Z,f8ae114c-5529-46f9-9e69-05c2fdc9b66c,6a2a00f2-2511-49bb-abf4-034ba4382126,8,6,0.0,,1c12007d-04df-47e5-b998-273b65191ac9,d0cc3137-fab5-4977-bfac-cf0a791bd9b0,2.0,4.0,0.0,,True,False,d96af431-77bb-4909-bb15-61df62e81b15
Middle-Earth SBG Turniej Master 'Zadyma na Południu' Parowy 2x500 pkt [STREFA],4ff143c6-50f2-4e4d-905e-355cf001dd7b,Clash of Champions,e51d9f6c-684f-4d53-9444-2a5f7b2ce407,FINISHED,bb7169bd-1963-455a-841f-f3b8ff3e740e,19.0,2026-09-03T12:25:18.713Z,dd17d444-eb5e-44e5-8a0b-d861a50087c0,d96af431-77bb-4909-bb15-61df62e81b15,8,6,0.0,,29ac22ec-8cb2-46bc-bed9-bba075d7048f,d7deccf7-cc03-46b4-a9a0-6e6e66317298,2.0,4.0,0.0,,True,False,d96af431-77bb-4909-bb15-61df62e81b15
Middle-Earth SBG Turniej Master 'Zadyma na Południu' Parowy 2x500 pkt [STREFA],4ff143c6-50f2-4e4d-905e-355cf001dd7b,Clash of Champions,e51d9f6c-684f-4d53-9444-2a5f7b2ce407,FINISHED,d740912f-ef8f-4cfa-80f3-2f977642b350,20.0,2026-09-03T12:25:18.713Z,ce50fd06-e1d0-44ce-a667-00c74c300fe7,414fda48-9033-4287-8354-97a00a0f05f7,0,4,0.0,,c148e93d-3458-4af3-9c16-932b245606de,51c53f0a-7c74-4860-96d3-8323febbe75b,10.0,16.0,0.0,,False,True,2fa7f179-c8a2-4ee8-913e-2bcfb9ea1f59
Middle-Earth SBG Turniej Master 'Zadyma na Południu' Parowy 2x500 pkt [STREFA],4ff143c6-50f2-4e4d-905e-355cf001dd7b,Clash of Champions,e51d9f6c-684f-4d53-9444-2a5f7b2ce407,FINISHED,0d48c180-1740-4ded-a6ea-4dff5fd278cb,21.0,2026-09-03T12:25:18.713Z,f4693b14-0165-4c23-b3e6-b8de8cf5606a,83253c68-f02c-46cf-86c7-4e574c79154b,0,4,0.0,,4240395e-2463-4902-92cf-8119b8c69e34,2fa7f179-c8a2-4ee8-913e-2bcfb9ea1f59,10.0,16.0,0.0,,False,True,2fa7f179-c8a2-4ee8-913e-2bcfb9ea1f59
Middle-Earth SBG Turniej Master 'Zadyma na Południu' Parowy 2x500 pkt [STREFA],4ff143c6-50f2-4e4d-905e-355cf001dd7b,Clash of Champions,e51d9f6c-684f-4d53-9444-2a5f7b2ce407,FINISHED,ff9c5ec6-fd0b-44af-9f27-81d1d21cae06,22.0,2026-09-03T12:25:18.713Z,6ef30aaa-6314-4d36-b310-a310c47d7e83,7d79e669-7010-4328-bbf5-3f7203dddd9a,0,1,0.0,,16e1e6f9-53e2-48e9-993d-b0933031291a,475ff286-fcbc-4c49-bac5-e3002c4bdf14,10.0,15.0,0.0,,False,True,813e33d8-2b98-45ed-8c3c-00af33dd4697
Middle-Earth SBG Turniej Master 'Zadyma na Południu' Parowy 2x500 pkt [STREFA],4ff143c6-50f2-4e4d-905e-355cf001dd7b,Clash of Champions,e51d9f6c-684f-4d53-9444-2a5f7b2ce407,FINISHED,a0d3d7a2-5984-4560-91b4-4528a6cba4d0,23.0,2026-09-03T12:25:18.713Z,8f4c7ecd-84bf-47d0-bc30-a1c1b0ee970c,4e8fbce8-9600-4b61-af86-6731e366fce3,0,1,0.0,,05f3b177-67eb-41e0-81d3-7ddde647987f,813e33d8-2b98-45ed-8c3c-00af33dd4697,10.0,15.0,0.0,,False,True,813e33d8-2b98-45ed-8c3c-00af33dd4697
Middle-Earth SBG Turniej Master 'Zadyma na Południu' Parowy 2x500 pkt [STREFA],4ff143c6-50f2-4e4d-905e-355cf001dd7b,Clash of Champions,e51d9f6c-684f-4d53-9444-2a5f7b2ce407,FINISHED,ecc91646-7aae-42d8-9fa3-96a7282f4513,24.0,2026-09-03T12:25:18.713Z,e16edf56-f0b8-4b57-b6b8-6981ea70c9dc,0d4776d9-63a3-4ffe-989f-ca6e8925fa18,0,5,0.0,,0aa8e153-6287-41e5-9711-c73bb0860b3e,22a23162-8fd8-4dcc-833c-430aafa67491,10.0,16.0,0.0,,False,True,22a23162-8fd8-4dcc-833c-430aafa67491
Middle-Earth SBG Turniej Master 'Zadyma na Południu' Parowy 2x500 pkt [STREFA],4ff143c6-50f2-4e4d-905e-355cf001dd7b,Clash of Champions,e51d9f6c-684f-4d53-9444-2a5f7b2ce407,FINISHED,7499bb72-8007-4da8-a569-a5a90d599d16,25.0,2026-09-03T12:25:18.713Z,22f44728-82e2-4458-9b05-547033de27d6,7918000f-f66c-4750-b2c6-3277bc3bfcd3,0,5,0.0,,fb13d543-5977-49e3-89df-6299185d68d7,6e8fd6ad-52e1-4877-84dc-2fce2d7ab7da,10.0,16.0,0.0,,False,True,22a23162-8fd8-4dcc-833c-430aafa67491
Middle-Earth SBG Turniej Master 'Zadyma na Południu' Parowy 2x500 pkt [STREFA],4ff143c6-50f2-4e4d-905e-355cf001dd7b,Clash of Champions,e51d9f6c-684f-4d53-9444-2a5f7b2ce407,FINISHED,157cf6e1-5403-408e-9bfe-0e2980015efd,26.0,2026-09-03T12:25:18.713Z,82553cb0-fa40-41e9-8120-1d4748e5a557,627d904e-046e-45b7-b7ec-d237aafc54c1,10,8,0.0,,ac86e54f-1ba1-4b3c-95a3-51e7f7561787,f99a3381-e709-4e72-a4f6-e9f96240c428,0.0,3.0,0.0,,True,False,627d904e-046e-45b7-b7ec-d237aafc54c1
Middle-Earth SBG Turniej Master 'Zadyma na Południu' Parowy 2x500 pkt [STREFA],4ff143c6-50f2-4e4d-905e-355cf001dd7b,Clash of Champions,e51d9f6c-684f-4d53-9444-2a5f7b2ce407,FINISHED,36a716d1-a407-463d-ad0c-23039c387c55,27.0,2026-09-03T12:25:18.713Z,7d126f6d-2404-4b3a-8a39-6ed0c596e6d3,ea7e3e0d-3a78-4a90-8ca4-a55e6505cf5a,10,8,0.0,,b0a349eb-7081-421d-a68d-7d2e2c8e5099,ab63d4ea-e622-4b2d-8ad2-38b15679c94f,0.0,3.0,0.0,,True,False,627d904e-046e-45b7-b7ec-d237aafc54c1
Middle-Earth SBG Turniej Master 'Zadyma na Południu' Parowy 2x500 pkt [STREFA],4ff143c6-50f2-4e4d-905e-355cf001dd7b,Clash of Champions,e51d9f6c-684f-4d53-9444-2a5f7b2ce407,FINISHED,05bf8df5-11e6-4de6-bd51-4b3ef7184eea,28.0,2026-09-03T12:25:18.713Z,0055aa0b-0d4d-4099-b6f2-bf52942f6e50,1279e92f-2cd2-4ab8-855a-9630a43d2c60,10,10,0.0,,27d7ed53-2760-47ff-8822-253f167b44fc,9c29cb2b-a332-4f36-bdf5-25547137af04,0.0,1.0,0.0,,True,False,804c4802-b3bc-41ec-9f1b-de92ffe4897e
Middle-Earth SBG Turniej Master 'Zadyma na Południu' Parowy 2x500 pkt [STREFA],4ff143c6-50f2-4e4d-905e-355cf001dd7b,Clash of Champions,e51d9f6c-684f-4d53-9444-2a5f7b2ce407,FINISHED,188ff332-ffe2-44fc-9a59-ed2c0e9b4c8a,29.0,2026-09-03T12:25:18.713Z,cdcd59b0-a075-4b2a-908a-792a0ae622d8,804c4802-b3bc-41ec-9f1b-de92ffe4897e,10,10,0.0,,5414070f-8b88-4c3e-b5cd-e0d38888a17a,ab24072d-40f0-4652-ac6b-78f65a335d34,0.0,1.0,0.0,,True,False,804c4802-b3bc-41ec-9f1b-de92ffe4897e
Middle-Earth SBG Turniej Master 'Zadyma na Południu' Parowy 2x500 pkt [STREFA],4ff143c6-50f2-4e4d-905e-355cf001dd7b,Clash of Champions,e51d9f6c-684f-4d53-9444-2a5f7b2ce407,FINISHED,b5f8584d-d728-46ae-8a70-ca9f009edf60,30.0,2026-09-03T12:25:18.713Z,76ecb644-2b4f-44f0-84e2-f5ceeb45c0b4,dd081a04-8bbb-4409-aed7-f6ceedf4d7d0,10,10,0.0,,8634512b-7929-4a24-ac43-97300af88d2b,7ca2b5ee-c648-4e98-bcba-50d159612ecc,0.0,0.0,0.0,,True,False,dd081a04-8bbb-4409-aed7-f6ceedf4d7d0
Middle-Earth SBG Turniej Master 'Zadyma na Południu' Parowy 2x500 pkt [STREFA],4ff143c6-50f2-4e4d-905e-355cf001dd7b,Clash of Champions,e51d9f6c-684f-4d53-9444-2a5f7b2ce407,FINISHED,b5db10db-d9cf-4330-be3d-02206a99b33d,31.0,2026-09-03T12:25:18.713Z,b73c2b45-1c8c-4746-811d-87dd8fff5f56,d46af0a2-c60d-45ef-9286-540bdc4ee510,10,10,0.0,,8286179f-c660-484f-a05b-63f57503fa46,1b3a7062-b9d5-4a5a-b5b4-47543d96425e,0.0,0.0,0.0,,True,False,dd081a04-8bbb-4409-aed7-f6ceedf4d7d0
Middle-Earth SBG Turniej Master 'Zadyma na Południu' Parowy 2x500 pkt [STREFA],4ff143c6-50f2-4e4d-905e-355cf001dd7b,Clash of Champions,e51d9f6c-684f-4d53-9444-2a5f7b2ce407,FINISHED,c0ba49a7-b7b1-4b7b-8d38-bd219db160b6,32.0,2026-09-03T12:25:18.713Z,5769e344-68f7-4164-bdd3-0ad15e194791,8ff29fce-8c75-4248-858e-93b2df913982,0,0,0.0,,d9263cbe-6ca4-4746-82c2-0d1f9719b5a8,8e40b208-0e62-4a37-8228-f003566dc4a7,10.0,18.0,0.0,,False,True,7fa5ba4b-28df-44e8-a4f2-d87072e98a2b
Middle-Earth SBG Turniej Master 'Zadyma na Południu' Parowy 2x500 pkt [STREFA],4ff143c6-50f2-4e4d-905e-355cf001dd7b,Clash of Champions,e51d9f6c-684f-4d53-9444-2a5f7b2ce407,FINISHED,3d7d88ed-f114-467c-b7c9-47e3ff4c666d,33.0,2026-09-03T12:25:18.713Z,32655729-7471-417c-9ddc-1dca8a5d380c,b443bdaf-6c91-40ca-a80f-57f61aefd0ac,0,0,0.0,,199ef158-9760-41c3-b357-d39e7a2fdfd7,7fa5ba4b-28df-44e8-a4f2-d87072e98a2b,10.0,18.0,0.0,,False,True,7fa5ba4b-28df-44e8-a4f2-d87072e98a2b
Middle-Earth SBG Turniej Master 'Zadyma na Południu' Parowy 2x500 pkt [STREFA],4ff143c6-50f2-4e4d-905e-355cf001dd7b,Clash of Champions,e51d9f6c-684f-4d53-9444-2a5f7b2ce407,FINISHED,f2af23ae-93a7-47c8-b2d8-3d78d21dc1f2,34.0,2026-09-03T12:25:18.713Z,b0dd1c68-d20b-4296-948d-5c74669b60dd,224b8d3d-7e1f-4095-853a-088883879195,10,11,0.0,,9451905d-8a48-43a6-bc4e-3b93c1a45531,9d5bc521-d1ac-416e-952c-926b6aef9e60,0.0,3.0,0.0,,True,False,e0392558-e263-4874-b380-e33152fcecbe
Middle-Earth SBG Turniej Master 'Zadyma na Południu' Parowy 2x500 pkt [STREFA],4ff143c6-50f2-4e4d-905e-355cf001dd7b,Clash of Champions,e51d9f6c-684f-4d53-9444-2a5f7b2ce407,FINISHED,5eafc7d0-745f-4d38-9646-d8d74bd90c00,35.0,2026-09-03T12:25:18.713Z,cd1ea77d-b5de-4540-9e3e-b10e08c92356,e0392558-e263-4874-b380-e33152fcecbe,10,11,0.0,,78469954-013f-4a99-937e-4c8fdf91bb44,b6f0e023-257d-472b-af43-78e56d559cae,0.0,3.0,0.0,,True,False,e0392558-e263-4874-b380-e33152fcecbe
Middle-Earth SBG Turniej Master 'Zadyma na Południu' Parowy 2x500 pkt [STREFA],4ff143c6-50f2-4e4d-905e-355cf001dd7b,Clash of Champions,e51d9f6c-684f-4d53-9444-2a5f7b2ce407,FINISHED,9a219e87-1819-4f27-9cea-44a7ad0f266e,36.0,2026-09-03T12:25:18.713Z,d5c522a8-8c3f-48cb-b824-fa160be57522,7825ed24-d5e7-4e12-b627-23c81c278c00,10,8,0.0,,84919574-fda8-4cc9-9aa1-0070b3036d9e,5587f9c3-e27b-41f9-99ce-eaccfd5412b7,0.0,1.0,0.0,,True,False,1403a8fb-39a4-4e2f-b6cd-5d7e334df789
Middle-Earth SBG Turniej Master 'Zadyma na Południu' Parowy 2x500 pkt [STREFA],4ff143c6-50f2-4e4d-905e-355cf001dd7b,Clash of Champions,e51d9f6c-684f-4d53-9444-2a5f7b2ce407,FINISHED,0df5fc34-f406-4d49-a4f3-46d9bf9b7bf3,37.0,2026-09-03T12:25:18.713Z,db354139-6818-400b-a941-4ec0288a49f5,1403a8fb-39a4-4e2f-b6cd-5d7e334df789,10,8,0.0,,bc0adb14-8373-431e-bb42-7950364b53ca,df869225-dad8-4de4-95f0-490294e03a8e,0.0,1.0,0.0,,True,False,1403a8fb-39a4-4e2f-b6cd-5d7e334df789
Middle-Earth SBG Turniej Master 'Zadyma na Południu' Parowy 2x500 pkt [STREFA],4ff143c6-50f2-4e4d-905e-355cf001dd7b,Clash of Champions,e51d9f6c-684f-4d53-9444-2a5f7b2ce407,FINISHED,ae7fc2f3-32c0-40b0-9b9f-3e64a1d7931d,38.0,2026-09-03T12:25:18.713Z,dd1b3355-a864-469a-8f30-cdf8a9249d49,7f22159a-00df-4a00-9aa9-2f36d60d2455,0,0,0.0,,cb380a5c-5101-4a0e-b9e9-a8150b19dacc,beec30f8-4a47-431b-b7ed-e7f37e95bbbc,10.0,14.0,0.0,,False,True,beec30f8-4a47-431b-b7ed-e7f37e95bbbc
Middle-Earth SBG Turniej Master 'Zadyma na Południu' Parowy 2x500 pkt [STREFA],4ff143c6-50f2-4e4d-905e-355cf001dd7b,Clash of Champions,e51d9f6c-684f-4d53-9444-2a5f7b2ce407,FINISHED,a46387e9-9bd5-4043-b89c-c7c83877fb47,39.0,2026-09-03T12:25:18.713Z,f531f58a-ed77-4606-9215-008bac84f746,1e4b9bdf-6062-4736-aef3-52bc568f8803,0,0,0.0,,c11d00c0-a75a-46aa-a140-c7de22eb8819,5f6a7ffa-1a94-4176-a2f0-42f18d04a39e,10.0,14.0,0.0,,False,True,beec30f8-4a47-431b-b7ed-e7f37e95bbbc
Middle-Earth SBG Turniej Master 'Zadyma na Południu' Parowy 2x500 pkt [STREFA],4ff143c6-50f2-4e4d-905e-355cf001dd7b,Clash of Champions,e51d9f6c-684f-4d53-9444-2a5f7b2ce407,FINISHED,4a5c5aab-997a-488e-9868-0b5f8ad3b516,40.0,2026-09-03T12:25:18.713Z,11c5aff5-c1e3-4474-939a-4121f87af117,ef720739-17ce-42ec-a9fb-2c6e361af86f,0,1,0.0,,aece2790-a5d2-460e-bdc3-657cfcf08332,ff683689-6a31-40d7-8068-f1801f077caf,10.0,5.0,0.0,,False,True,1857125d-c4f2-4a84-a26c-18ff4acbbcaf
Middle-Earth SBG Turniej Master 'Zadyma na Południu' Parowy 2x500 pkt [STREFA],4ff143c6-50f2-4e4d-905e-355cf001dd7b,Clash of Champions,e51d9f6c-684f-4d53-9444-2a5f7b2ce407,FINISHED,67aade3c-8d99-4948-a3df-efa7eea0796e,41.0,2026-09-03T12:25:18.713Z,3770366c-716f-4e29-8718-b0621095ca07,a66f5a56-1f3b-4944-9a2b-040faa0061e5,0,1,0.0,,758812a3-e08a-4adc-8551-65566f271207,1857125d-c4f2-4a84-a26c-18ff4acbbcaf,10.0,5.0,0.0,,False,True,1857125d-c4f2-4a84-a26c-18ff4acbbcaf
Middle-Earth SBG Turniej Master 'Zadyma na Południu' Parowy 2x500 pkt [STREFA],4ff143c6-50f2-4e4d-905e-355cf001dd7b,Clash of Champions,e51d9f6c-684f-4d53-9444-2a5f7b2ce407,FINISHED,4297d4f4-cb88-4116-a0c0-8726bae7905b,42.0,2026-09-03T12:25:18.713Z,c6de3f98-3b27-42a8-bc0f-a462fca090f7,f6f2e7ef-8125-4bd0-90cb-7e6220d6af31,2,4,0.0,,cf092f53-7b73-452e-9b7c-0c29d283a958,5f55d7f6-e77c-45a0-b083-60691560a665,8.0,5.0,0.0,,False,True,5f55d7f6-e77c-45a0-b083-60691560a665
Middle-Earth SBG Turniej Master 'Zadyma na Południu' Parowy 2x500 pkt [STREFA],4ff143c6-50f2-4e4d-905e-355cf001dd7b,Clash of Champions,e51d9f6c-684f-4d53-9444-2a5f7b2ce407,FINISHED,0196e080-6409-4e9d-adba-079301c72499,43.0,2026-09-03T12:25:18.713Z,e35506ef-2e58-476a-a70a-f28ed928d2e0,289932ee-6bb1-405e-b6d8-4ff67f3a7cbe,2,4,0.0,,a4c42612-51aa-47ed-8fe1-d6a47daf90bc,4312b892-eb2e-491a-b14a-6f7cff1ab128,8.0,5.0,0.0,,False,True,5f55d7f6-e77c-45a0-b083-60691560a665
Middle-Earth SBG Turniej Master 'Zadyma na Południu' Parowy 2x500 pkt [STREFA],4ff143c6-50f2-4e4d-905e-355cf001dd7b,Clash of Champions,e51d9f6c-684f-4d53-9444-2a5f7b2ce407,FINISHED,21820373-cb75-4191-9283-602db45e1ece,,2026-09-03T12:25:18.713Z,650a04ac-768c-4283-9dd2-2f2989db53cc,4edd7b4a-f5e4-4136-9363-aa93d7e9b8e3,10,20,,,,,,,,,False,False,3723b773-cadb-46d3-8758-e1260476e981
Middle-Earth SBG Turniej Master 'Zadyma na Południu' Parowy 2x500 pkt [STREFA],4ff143c6-50f2-4e4d-905e-355cf001dd7b,Clash of Champions,e51d9f6c-684f-4d53-9444-2a5f7b2ce407,FINISHED,60e483e8-c87b-46ed-961e-7aa1cff816ce,,2026-09-03T12:25:18.713Z,afac5b62-0b24-4307-a851-5af768a6a923,8cf73c83-a3a1-4dd6-8882-e8dd30912ab1,10,20,,,,,,,,,False,False,3723b773-cadb-46d3-8758-e1260476e981
Middle-Earth SBG Turniej Master 'Zadyma na Południu' Parowy 2x500 pkt [STREFA],4ff143c6-50f2-4e4d-905e-355cf001dd7b,Total Conquest,7a7ded0e-c1dd-40a4-9bf8-4fba0ea8e086,FINISHED,cde05aa2-2b06-40f5-8dcb-8a7140aaba45,0.0,2026-09-05T10:10:47.411Z,ca595e7b-f20b-4254-8286-b590ed359c1e,4edd7b4a-f5e4-4136-9363-aa93d7e9b8e3,0,3,0.0,,15e2fd6a-e4b5-44eb-961e-f0fc2d98245c,57cefe9a-fa1b-45a6-a166-3e94e0d12d49,10.0,9.0,0.0,,False,True,9357ea2e-af38-453d-9c2f-b828d5ccdfb6
Middle-Earth SBG Turniej Master 'Zadyma na Południu' Parowy 2x500 pkt [STREFA],4ff143c6-50f2-4e4d-905e-355cf001dd7b,Total Conquest,7a7ded0e-c1dd-40a4-9bf8-4fba0ea8e086,FINISHED,c3c77dad-f23e-427d-bfa0-4bf1001e0118,1.0,2026-09-05T10:10:47.411Z,4d39d81c-d6bf-46e6-899b-67ba7552bfc0,8cf73c83-a3a1-4dd6-8882-e8dd30912ab1,0,3,0.0,,281b1ab3-c6fb-48ea-b326-195c3c44fbd2,9357ea2e-af38-453d-9c2f-b828d5ccdfb6,10.0,9.0,0.0,,False,True,9357ea2e-af38-453d-9c2f-b828d5ccdfb6
Middle-Earth SBG Turniej Master 'Zadyma na Południu' Parowy 2x500 pkt [STREFA],4ff143c6-50f2-4e4d-905e-355cf001dd7b,Total Conquest,7a7ded0e-c1dd-40a4-9bf8-4fba0ea8e086,FINISHED,de224c16-5e5c-43d4-aa14-710b396b4825,2.0,2026-09-05T10:10:47.411Z,9ba83c6b-42d6-4d2c-8e2b-02d3e35cfd62,8e40b208-0e62-4a37-8228-f003566dc4a7,10,10,0.0,,611d80f8-4bc5-4cda-b21f-d2d3e81693c7,cd36b01c-87a1-47c9-b877-a65940b24b12,0.0,3.0,0.0,,True,False,7fa5ba4b-28df-44e8-a4f2-d87072e98a2b
Middle-Earth SBG Turniej Master 'Zadyma na Południu' Parowy 2x500 pkt [STREFA],4ff143c6-50f2-4e4d-905e-355cf001dd7b,Total Conquest,7a7ded0e-c1dd-40a4-9bf8-4fba0ea8e086,FINISHED,31edd75c-c92b-40f1-a40c-f5ca6d19d8fc,3.0,2026-09-05T10:10:47.411Z,4329f4b5-0e7b-47d5-8dd6-a954bb7c6271,7fa5ba4b-28df-44e8-a4f2-d87072e98a2b,10,10,0.0,,10e27dfe-3176-4991-83e3-cd0d5363afac,987fa345-8622-4702-a59f-71f0c10c6e0a,0.0,3.0,0.0,,True,False,7fa5ba4b-28df-44e8-a4f2-d87072e98a2b
Middle-Earth SBG Turniej Master 'Zadyma na Południu' Parowy 2x500 pkt [STREFA],4ff143c6-50f2-4e4d-905e-355cf001dd7b,Total Conquest,7a7ded0e-c1dd-40a4-9bf8-4fba0ea8e086,FINISHED,5c92b61d-0bb8-4de4-ba20-5fe1c5e2cca1,4.0,2026-09-05T10:10:47.411Z,0970ac70-42d0-4855-8dd5-f37c97d68d4b,51c53f0a-7c74-4860-96d3-8323febbe75b,10,16,0.0,,25c56647-97d6-4474-a44b-98dcae126a4c,22a23162-8fd8-4dcc-833c-430aafa67491,0.0,3.0,0.0,,True,False,2fa7f179-c8a2-4ee8-913e-2bcfb9ea1f59
Middle-Earth SBG Turniej Master 'Zadyma na Południu' Parowy 2x500 pkt [STREFA],4ff143c6-50f2-4e4d-905e-355cf001dd7b,Total Conquest,7a7ded0e-c1dd-40a4-9bf8-4fba0ea8e086,FINISHED,86c6d27b-d08e-41c4-bfca-ff8d4a238e47,5.0,2026-09-05T10:10:47.411Z,7e1aa003-0523-4b08-bbf5-e9f7076b2f71,2fa7f179-c8a2-4ee8-913e-2bcfb9ea1f59,10,16,0.0,,75510c68-dd47-41d2-b69b-74cfcbbeaf0a,6e8fd6ad-52e1-4877-84dc-2fce2d7ab7da,0.0,3.0,0.0,,True,False,2fa7f179-c8a2-4ee8-913e-2bcfb9ea1f59
Middle-Earth SBG Turniej Master 'Zadyma na Południu' Parowy 2x500 pkt [STREFA],4ff143c6-50f2-4e4d-905e-355cf001dd7b,Total Conquest,7a7ded0e-c1dd-40a4-9bf8-4fba0ea8e086,FINISHED,2c86bb41-1417-4c64-8e76-1a46162ee2a4,6.0,2026-09-05T10:10:47.411Z,08b319ff-a0c1-4e6f-811a-df5ae67b61a7,475ff286-fcbc-4c49-bac5-e3002c4bdf14,10,17,0.0,,430fdeed-059e-4456-b57b-09cba77dd271,cd905d3f-c042-479b-81f6-61d3ffcc713f,0.0,2.0,0.0,,True,False,475ff286-fcbc-4c49-bac5-e3002c4bdf14
Middle-Earth SBG Turniej Master 'Zadyma na Południu' Parowy 2x500 pkt [STREFA],4ff143c6-50f2-4e4d-905e-355cf001dd7b,Total Conquest,7a7ded0e-c1dd-40a4-9bf8-4fba0ea8e086,FINISHED,6a62be6e-6f94-4707-ab4f-e516788b0b7f,7.0,2026-09-05T10:10:47.411Z,904f4ac3-1ec6-4a83-85a2-ba4375f666bd,813e33d8-2b98-45ed-8c3c-00af33dd4697,10,17,0.0,,a5edd381-5ad3-45ab-b3e2-6be41ab2db79,780e8297-2cf1-4ac2-89bd-e9dd5ece6347,0.0,2.0,0.0,,True,False,475ff286-fcbc-4c49-bac5-e3002c4bdf14
Middle-Earth SBG Turniej Master 'Zadyma na Południu' Parowy 2x500 pkt [STREFA],4ff143c6-50f2-4e4d-905e-355cf001dd7b,Total Conquest,7a7ded0e-c1dd-40a4-9bf8-4fba0ea8e086,FINISHED,f1fe45fb-3ba5-4e95-99cf-a632bb826b91,8.0,2026-09-05T10:10:47.411Z,4e19b6a9-eb90-48f7-8f49-fb773062fb99,beec30f8-4a47-431b-b7ed-e7f37e95bbbc,10,20,0.0,,55bd1d12-db38-45a0-bd96-ef6b562e1b29,9aa518b2-55c0-4256-81fb-8a37c9451c39,0.0,0.0,0.0,,True,False,beec30f8-4a47-431b-b7ed-e7f37e95bbbc
Middle-Earth SBG Turniej Master 'Zadyma na Południu' Parowy 2x500 pkt [STREFA],4ff143c6-50f2-4e4d-905e-355cf001dd7b,Total Conquest,7a7ded0e-c1dd-40a4-9bf8-4fba0ea8e086,FINISHED,55bc5648-9c4d-44d6-90b1-151c585f6503,9.0,2026-09-05T10:10:47.411Z,dbc18dae-b1e2-4bd0-8cbb-8c3934a0d497,5f6a7ffa-1a94-4176-a2f0-42f18d04a39e,10,20,0.0,,abd30fa7-4b11-4486-a91e-9cbacfd3627b,26e6a6e5-8ef2-4c08-8e4f-b89566241f24,0.0,0.0,0.0,,True,False,beec30f8-4a47-431b-b7ed-e7f37e95bbbc
Middle-Earth SBG Turniej Master 'Zadyma na Południu' Parowy 2x500 pkt [STREFA],4ff143c6-50f2-4e4d-905e-355cf001dd7b,Total Conquest,7a7ded0e-c1dd-40a4-9bf8-4fba0ea8e086,FINISHED,b20400f9-7af6-4626-987b-7a9c2e1d0952,10.0,2026-09-05T10:10:47.411Z,9acd16a6-9ba8-485c-a646-14929ce1abea,ef46c5bc-e9ab-450b-85f5-4b88323ef1b8,0,3,0.0,,c9842356-b77f-4827-9f6d-372eb2bdef1a,97c5e5bc-7502-4f16-9c1b-53ead4fab5b2,10.0,9.0,0.0,,False,True,c451779b-6172-4e1a-acbd-1b387949849d
Middle-Earth SBG Turniej Master 'Zadyma na Południu' Parowy 2x500 pkt [STREFA],4ff143c6-50f2-4e4d-905e-355cf001dd7b,Total Conquest,7a7ded0e-c1dd-40a4-9bf8-4fba0ea8e086,FINISHED,c442ab92-719f-421a-bff5-ec6f838ec591,11.0,2026-09-05T10:10:47.411Z,6b288287-a05a-439f-a948-2576db2d6f0b,15e5a444-91c2-43fe-8b7b-c927354ca51a,0,3,0.0,,9e40e7a6-e362-4426-91d0-e3585f6a36e2,c451779b-6172-4e1a-acbd-1b387949849d,10.0,9.0,0.0,,False,True,c451779b-6172-4e1a-acbd-1b387949849d
Middle-Earth SBG Turniej Master 'Zadyma na Południu' Parowy 2x500 pkt [STREFA],4ff143c6-50f2-4e4d-905e-355cf001dd7b,Total Conquest,7a7ded0e-c1dd-40a4-9bf8-4fba0ea8e086,FINISHED,15534b1b-cfe0-4bf1-a901-ae913a6612f8,12.0,2026-09-05T10:10:47.411Z,97c33d4f-c848-4401-88f9-3a1c35fb1761,6841eef6-931a-4375-ae1b-79843a97a82e,0,6,0.0,,18ba2626-27d2-4502-86c5-fab623b2dfcb,224b8d3d-7e1f-4095-853a-088883879195,10.0,12.0,0.0,,False,True,e0392558-e263-4874-b380-e33152fcecbe
Middle-Earth SBG Turniej Master 'Zadyma na Południu' Parowy 2x500 pkt [STREFA],4ff143c6-50f2-4e4d-905e-355cf001dd7b,Total Conquest,7a7ded0e-c1dd-40a4-9bf8-4fba0ea8e086,FINISHED,59ad2df0-ff30-4246-95d3-3be8ffc3a4d0,13.0,2026-09-05T10:10:47.411Z,38fe2d9e-8ee4-404c-97a6-99e738813e80,9eaf0945-81fd-494b-be1f-3b6f349ce991,0,6,0.0,,57ca78c9-1ec5-4235-9d2d-05878bc6a686,e0392558-e263-4874-b380-e33152fcecbe,10.0,12.0,0.0,,False,True,e0392558-e263-4874-b380-e33152fcecbe
Middle-Earth SBG Turniej Master 'Zadyma na Południu' Parowy 2x500 pkt [STREFA],4ff143c6-50f2-4e4d-905e-355cf001dd7b,Total Conquest,7a7ded0e-c1dd-40a4-9bf8-4fba0ea8e086,FINISHED,1a0a0114-fb9c-45d4-bc5e-ed5305f6f454,14.0,2026-09-05T10:10:47.411Z,0756a03e-b748-4bb5-b22b-89e8f0ea4ba1,d46af0a2-c60d-45ef-9286-540bdc4ee510,8,9,0.0,,0465fc8f-9236-455d-b264-aac6dad79b98,1279e92f-2cd2-4ab8-855a-9630a43d2c60,2.0,8.0,0.0,,True,False,dd081a04-8bbb-4409-aed7-f6ceedf4d7d0
Middle-Earth SBG Turniej Master 'Zadyma na Południu' Parowy 2x500 pkt [STREFA],4ff143c6-50f2-4e4d-905e-355cf001dd7b,Total Conquest,7a7ded0e-c1dd-40a4-9bf8-4fba0ea8e086,FINISHED,65d358d5-db8f-4a04-bb92-b26603ba63fc,15.0,2026-09-05T10:10:47.411Z,d2ca7bfe-4b9f-436b-a789-2224f8f49713,dd081a04-8bbb-4409-aed7-f6ceedf4d7d0,8,9,0.0,,98eb502e-bfae-45e0-bf6c-13905a52c141,804c4802-b3bc-41ec-9f1b-de92ffe4897e,2.0,8.0,0.0,,True,False,dd081a04-8bbb-4409-aed7-f6ceedf4d7d0
Middle-Earth SBG Turniej Master 'Zadyma na Południu' Parowy 2x500 pkt [STREFA],4ff143c6-50f2-4e4d-905e-355cf001dd7b,Total Conquest,7a7ded0e-c1dd-40a4-9bf8-4fba0ea8e086,FINISHED,99a9dfd5-8292-426d-a104-7c6cbf51e030,16.0,2026-09-05T10:10:47.411Z,df62b3a6-68aa-4d57-8e64-7225d408d230,7825ed24-d5e7-4e12-b627-23c81c278c00,5,10,0.0,,ed005f60-0285-43c6-8353-a8eb93b0c4c8,627d904e-046e-45b7-b7ec-d237aafc54c1,5.0,10.0,0.0,,True,False,7825ed24-d5e7-4e12-b627-23c81c278c00
Middle-Earth SBG Turniej Master 'Zadyma na Południu' Parowy 2x500 pkt [STREFA],4ff143c6-50f2-4e4d-905e-355cf001dd7b,Total Conquest,7a7ded0e-c1dd-40a4-9bf8-4fba0ea8e086,FINISHED,dbf0cf68-1180-4a53-aa3f-59728b99414a,17.0,2026-09-05T10:10:47.411Z,02008581-56c6-4044-8f82-e7d398da122c,1403a8fb-39a4-4e2f-b6cd-5d7e334df789,5,10,0.0,,e25f4c6b-0b57-49d8-8315-9dc81a6227db,ea7e3e0d-3a78-4a90-8ca4-a55e6505cf5a,5.0,10.0,0.0,,True,False,7825ed24-d5e7-4e12-b627-23c81c278c00
Middle-Earth SBG Turniej Master 'Zadyma na Południu' Parowy 2x500 pkt [STREFA],4ff143c6-50f2-4e4d-905e-355cf001dd7b,Total Conquest,7a7ded0e-c1dd-40a4-9bf8-4fba0ea8e086,FINISHED,e24ef908-90af-4ca3-a46f-5aa69570c558,18.0,2026-09-05T10:10:47.411Z,82a3d66c-2242-4ef7-8df0-89546ad3f594,222c2b52-47fd-4345-a6ec-a83ee05ccb12,8,12,0.0,,7fa2a00b-4903-426b-8be9-1349dd8c108f,ff683689-6a31-40d7-8068-f1801f077caf,2.0,8.0,0.0,,True,False,222c2b52-47fd-4345-a6ec-a83ee05ccb12
Middle-Earth SBG Turniej Master 'Zadyma na Południu' Parowy 2x500 pkt [STREFA],4ff143c6-50f2-4e4d-905e-355cf001dd7b,Total Conquest,7a7ded0e-c1dd-40a4-9bf8-4fba0ea8e086,FINISHED,69235a6a-e2bb-4873-bcb2-bd3177051216,19.0,2026-09-05T10:10:47.411Z,d41d2685-0f64-43a8-a64a-ea428558d762,76870d30-055b-4a89-a141-78ef032269f2,8,12,0.0,,35a98a0e-fd9e-4fe0-8bf6-ae646a36f40f,1857125d-c4f2-4a84-a26c-18ff4acbbcaf,2.0,8.0,0.0,,True,False,222c2b52-47fd-4345-a6ec-a83ee05ccb12
Middle-Earth SBG Turniej Master 'Zadyma na Południu' Parowy 2x500 pkt [STREFA],4ff143c6-50f2-4e4d-905e-355cf001dd7b,Total Conquest,7a7ded0e-c1dd-40a4-9bf8-4fba0ea8e086,FINISHED,39cc42f6-c341-469a-b0f0-6d043e1403ea,20.0,2026-09-05T10:10:47.411Z,8a309e68-9e41-40d7-8cfb-6129f65a444d,6a2a00f2-2511-49bb-abf4-034ba4382126,8,11,0.0,,3d0575a6-822e-4fd2-a977-06d3bfd9f95b,396741ce-3694-4877-9603-fe19efd6284f,2.0,7.0,0.0,,True,False,d96af431-77bb-4909-bb15-61df62e81b15
Middle-Earth SBG Turniej Master 'Zadyma na Południu' Parowy 2x500 pkt [STREFA],4ff143c6-50f2-4e4d-905e-355cf001dd7b,Total Conquest,7a7ded0e-c1dd-40a4-9bf8-4fba0ea8e086,FINISHED,f9323aab-b016-4851-ae0d-6d2e5be1473d,21.0,2026-09-05T10:10:47.411Z,28145970-e35b-4e29-8611-ea916ca435a9,d96af431-77bb-4909-bb15-61df62e81b15,8,11,0.0,,136a201b-c189-4a21-9fd1-480e23bddfa7,97ef4386-ccac-4659-b7e7-c37ecff7f03c,2.0,7.0,0.0,,True,False,d96af431-77bb-4909-bb15-61df62e81b15
Middle-Earth SBG Turniej Master 'Zadyma na Południu' Parowy 2x500 pkt [STREFA],4ff143c6-50f2-4e4d-905e-355cf001dd7b,Total Conquest,7a7ded0e-c1dd-40a4-9bf8-4fba0ea8e086,FINISHED,976c293b-baf4-4638-832e-8bfac8cd76d9,22.0,2026-09-05T10:10:47.411Z,55bd750b-3f29-464d-ad70-7a91929c3d3b,5f55d7f6-e77c-45a0-b083-60691560a665,10,15,0.0,,a6f4a3d8-6bc0-4f0a-b802-b2393e19e955,13a4ddbb-8db9-4160-b1e8-372365ed4e8d,0.0,0.0,0.0,,True,False,5f55d7f6-e77c-45a0-b083-60691560a665
Middle-Earth SBG Turniej Master 'Zadyma na Południu' Parowy 2x500 pkt [STREFA],4ff143c6-50f2-4e4d-905e-355cf001dd7b,Total Conquest,7a7ded0e-c1dd-40a4-9bf8-4fba0ea8e086,FINISHED,9fc1417f-6d73-4d02-a87e-9fe96145d9bb,23.0,2026-09-05T10:10:47.411Z,62c86c0b-2cf3-4adc-80f2-8243f4894e78,4312b892-eb2e-491a-b14a-6f7cff1ab128,10,15,0.0,,fe9da7fe-e56a-4f17-9d58-e5d794dd8462,4d2a70a2-c8e1-4ab9-a886-3a945d216f71,0.0,0.0,0.0,,True,False,5f55d7f6-e77c-45a0-b083-60691560a665
Middle-Earth SBG Turniej Master 'Zadyma na Południu' Parowy 2x500 pkt [STREFA],4ff143c6-50f2-4e4d-905e-355cf001dd7b,Total Conquest,7a7ded0e-c1dd-40a4-9bf8-4fba0ea8e086,FINISHED,af9db0b9-99cc-458f-b0af-847a26770bc3,24.0,2026-09-05T10:10:47.411Z,67708f48-bd5c-401f-a39c-ef3c85569da6,f6f2e7ef-8125-4bd0-90cb-7e6220d6af31,0,3,0.0,,82b95f3a-f0f3-491b-a868-6b75b43f5135,d0cc3137-fab5-4977-bfac-cf0a791bd9b0,10.0,12.0,0.0,,False,True,d0cc3137-fab5-4977-bfac-cf0a791bd9b0
Middle-Earth SBG Turniej Master 'Zadyma na Południu' Parowy 2x500 pkt [STREFA],4ff143c6-50f2-4e4d-905e-355cf001dd7b,Total Conquest,7a7ded0e-c1dd-40a4-9bf8-4fba0ea8e086,FINISHED,09033782-fd2f-433a-b2e9-2d6896d6aa3c,25.0,2026-09-05T10:10:47.411Z,5dc9086c-1bc7-4e15-9b7b-9f8afcc39434,289932ee-6bb1-405e-b6d8-4ff67f3a7cbe,0,3,0.0,,091bc9cd-b00b-4116-a768-4a74b5aa843d,d7deccf7-cc03-46b4-a9a0-6e6e66317298,10.0,12.0,0.0,,False,True,d0cc3137-fab5-4977-bfac-cf0a791bd9b0
Middle-Earth SBG Turniej Master 'Zadyma na Południu' Parowy 2x500 pkt [STREFA],4ff143c6-50f2-4e4d-905e-355cf001dd7b,Total Conquest,7a7ded0e-c1dd-40a4-9bf8-4fba0ea8e086,FINISHED,dc4c2665-680e-4d8e-822e-d357c5c8b119,26.0,2026-09-05T10:10:47.411Z,7ce8cf5b-cdb2-47ee-825b-16d94984c237,55b3019a-a7e5-4c3c-9c51-0643513d2296,10,13,0.0,,931aa191-a3fe-4fbc-90d8-ec86ea4e933f,7918000f-f66c-4750-b2c6-3277bc3bfcd3,0.0,3.0,0.0,,True,False,55b3019a-a7e5-4c3c-9c51-0643513d2296
Middle-Earth SBG Turniej Master 'Zadyma na Południu' Parowy 2x500 pkt [STREFA],4ff143c6-50f2-4e4d-905e-355cf001dd7b,Total Conquest,7a7ded0e-c1dd-40a4-9bf8-4fba0ea8e086,FINISHED,0272eaab-b1db-4c1c-81a3-72081a829ad4,27.0,2026-09-05T10:10:47.411Z,5e52687e-28c3-4c73-af9d-b66e8cadad90,13e9bcf5-c291-4537-b0aa-29592b68612f,10,13,0.0,,43756d30-15f2-4a07-9416-bebafd68a286,0d4776d9-63a3-4ffe-989f-ca6e8925fa18,0.0,3.0,0.0,,True,False,55b3019a-a7e5-4c3c-9c51-0643513d2296
Middle-Earth SBG Turniej Master 'Zadyma na Południu' Parowy 2x500 pkt [STREFA],4ff143c6-50f2-4e4d-905e-355cf001dd7b,Total Conquest,7a7ded0e-c1dd-40a4-9bf8-4fba0ea8e086,FINISHED,49bc1f7a-fd3e-48e4-b2f3-5fa6e6274c07,28.0,2026-09-05T10:10:47.411Z,71874353-89ad-47ba-a1f0-c7f51da75838,bb2a8efe-f745-4f44-94ee-831d41404935,10,16,0.0,,07ae66f6-25fa-47f7-a207-a1a636fe2b3c,414fda48-9033-4287-8354-97a00a0f05f7,0.0,3.0,0.0,,True,False,bb2a8efe-f745-4f44-94ee-831d41404935
Middle-Earth SBG Turniej Master 'Zadyma na Południu' Parowy 2x500 pkt [STREFA],4ff143c6-50f2-4e4d-905e-355cf001dd7b,Total Conquest,7a7ded0e-c1dd-40a4-9bf8-4fba0ea8e086,FINISHED,3520dc9f-8280-445b-895b-04fa9a201084,29.0,2026-09-05T10:10:47.411Z,f5c5b2a4-23e1-4b1d-8a1d-052b9a2f0dbc,e3be0c1a-33fa-4825-993f-8d84b55c47c0,10,16,0.0,,680f8747-1c5d-406b-aa2a-74cd751fbcb1,83253c68-f02c-46cf-86c7-4e574c79154b,0.0,3.0,0.0,,True,False,bb2a8efe-f745-4f44-94ee-831d41404935
Middle-Earth SBG Turniej Master 'Zadyma na Południu' Parowy 2x500 pkt [STREFA],4ff143c6-50f2-4e4d-905e-355cf001dd7b,Total Conquest,7a7ded0e-c1dd-40a4-9bf8-4fba0ea8e086,FINISHED,3d03bdc7-e357-4517-a620-6f77541aad73,30.0,2026-09-05T10:10:47.411Z,ca93f7ae-1903-4c66-930a-1a500b98f42d,ab63d4ea-e622-4b2d-8ad2-38b15679c94f,0,2,0.0,,00b5e48b-33df-4338-a3c7-358023588812,9d5bc521-d1ac-416e-952c-926b6aef9e60,10.0,14.0,0.0,,False,True,b6f0e023-257d-472b-af43-78e56d559cae
Middle-Earth SBG Turniej Master 'Zadyma na Południu' Parowy 2x500 pkt [STREFA],4ff143c6-50f2-4e4d-905e-355cf001dd7b,Total Conquest,7a7ded0e-c1dd-40a4-9bf8-4fba0ea8e086,FINISHED,5c101763-0d37-4f70-b158-0b62e16b8779,31.0,2026-09-05T10:10:47.411Z,47a4e88a-5b5a-422b-9944-f42e5c76f528,f99a3381-e709-4e72-a4f6-e9f96240c428,0,2,0.0,,1bb55bf2-c45b-48d6-91e4-d3646e6fbe49,b6f0e023-257d-472b-af43-78e56d559cae,10.0,14.0,0.0,,False,True,b6f0e023-257d-472b-af43-78e56d559cae
Middle-Earth SBG Turniej Master 'Zadyma na Południu' Parowy 2x500 pkt [STREFA],4ff143c6-50f2-4e4d-905e-355cf001dd7b,Total Conquest,7a7ded0e-c1dd-40a4-9bf8-4fba0ea8e086,FINISHED,07b74ddc-4120-4136-bfbf-2e350eb73f89,32.0,2026-09-05T10:10:47.411Z,be04b2e7-d3fe-48bd-ad9f-4d1ed45d26b4,d9d49e1f-dcbf-436c-b0b4-7fa2397c509f,10,12,0.0,,f00283e5-ef1d-4689-9899-5854ca92bb10,12fc8435-48b6-4a57-a152-4d7ee21ce225,0.0,2.0,0.0,,True,False,d9d49e1f-dcbf-436c-b0b4-7fa2397c509f
Middle-Earth SBG Turniej Master 'Zadyma na Południu' Parowy 2x500 pkt [STREFA],4ff143c6-50f2-4e4d-905e-355cf001dd7b,Total Conquest,7a7ded0e-c1dd-40a4-9bf8-4fba0ea8e086,FINISHED,afa7f2a9-849d-4418-b3c2-3c287a1cbba6,33.0,2026-09-05T10:10:47.411Z,c8ee9f15-ff09-43ae-8d80-6ab74fd8c882,0231b3c3-fb2b-4033-8dd3-bf98d9e29410,10,12,0.0,,80ff5219-3df5-4315-bd55-f06d6644ed1c,fd047df3-d1f4-4839-9e70-ac327abff337,0.0,2.0,0.0,,True,False,d9d49e1f-dcbf-436c-b0b4-7fa2397c509f
Middle-Earth SBG Turniej Master 'Zadyma na Południu' Parowy 2x500 pkt [STREFA],4ff143c6-50f2-4e4d-905e-355cf001dd7b,Total Conquest,7a7ded0e-c1dd-40a4-9bf8-4fba0ea8e086,FINISHED,2a4ca92e-bec3-4020-8781-04aac7fb9a1a,34.0,2026-09-05T10:10:47.411Z,b1bc7d46-dbc0-4e39-a873-d62d37b72a1a,5587f9c3-e27b-41f9-99ce-eaccfd5412b7,0,5,0.0,,4080a028-b37d-4c5c-b132-b8de192184e7,ef720739-17ce-42ec-a9fb-2c6e361af86f,10.0,14.0,0.0,,False,True,a66f5a56-1f3b-4944-9a2b-040faa0061e5
Middle-Earth SBG Turniej Master 'Zadyma na Południu' Parowy 2x500 pkt [STREFA],4ff143c6-50f2-4e4d-905e-355cf001dd7b,Total Conquest,7a7ded0e-c1dd-40a4-9bf8-4fba0ea8e086,FINISHED,786ca65d-3bfe-4e72-a753-5c2cfd538103,35.0,2026-09-05T10:10:47.411Z,c1cf2e8b-97c7-4ef1-b23a-78fd13a6503b,df869225-dad8-4de4-95f0-490294e03a8e,0,5,0.0,,4f77b124-ebe6-474f-945e-a2423bfca58c,a66f5a56-1f3b-4944-9a2b-040faa0061e5,10.0,14.0,0.0,,False,True,a66f5a56-1f3b-4944-9a2b-040faa0061e5
Middle-Earth SBG Turniej Master 'Zadyma na Południu' Parowy 2x500 pkt [STREFA],4ff143c6-50f2-4e4d-905e-355cf001dd7b,Total Conquest,7a7ded0e-c1dd-40a4-9bf8-4fba0ea8e086,FINISHED,d31b8a67-0e74-4d34-ae52-78430b717f6a,36.0,2026-09-05T10:10:47.411Z,c0d03c43-7a2d-4f49-a1da-dfde12fcee1c,9c29cb2b-a332-4f36-bdf5-25547137af04,0,0,0.0,,5ac03e7d-2590-4599-9756-ac1cbf33caeb,4e8fbce8-9600-4b61-af86-6731e366fce3,10.0,15.0,0.0,,False,True,7d79e669-7010-4328-bbf5-3f7203dddd9a
Middle-Earth SBG Turniej Master 'Zadyma na Południu' Parowy 2x500 pkt [STREFA],4ff143c6-50f2-4e4d-905e-355cf001dd7b,Total Conquest,7a7ded0e-c1dd-40a4-9bf8-4fba0ea8e086,FINISHED,1561011a-fd6a-495d-8193-e97d6670a9b8,37.0,2026-09-05T10:10:47.411Z,73049fcd-b3e8-4eaa-9f5e-abb0722d3020,ab24072d-40f0-4652-ac6b-78f65a335d34,0,0,0.0,,ff04e165-ac86-4cc2-8caa-ce45c8576b34,7d79e669-7010-4328-bbf5-3f7203dddd9a,10.0,15.0,0.0,,False,True,7d79e669-7010-4328-bbf5-3f7203dddd9a
Middle-Earth SBG Turniej Master 'Zadyma na Południu' Parowy 2x500 pkt [STREFA],4ff143c6-50f2-4e4d-905e-355cf001dd7b,Total Conquest,7a7ded0e-c1dd-40a4-9bf8-4fba0ea8e086,FINISHED,0febcc88-dc29-480e-98af-ef9d72f7aed5,38.0,2026-09-05T10:10:47.411Z,4ce0ff29-0e1d-4b11-b272-55709bc3ff85,081b732c-68ef-4404-bf2c-b56519b96acd,10,12,0.0,,e3d72650-b6ee-44c8-97ea-eb7fd26f09c6,7ca2b5ee-c648-4e98-bcba-50d159612ecc,0.0,3.0,0.0,,True,False,4c85220b-667f-4d0b-b719-9c9ae145792d
Middle-Earth SBG Turniej Master 'Zadyma na Południu' Parowy 2x500 pkt [STREFA],4ff143c6-50f2-4e4d-905e-355cf001dd7b,Total Conquest,7a7ded0e-c1dd-40a4-9bf8-4fba0ea8e086,FINISHED,832352e5-dc41-4f95-98e4-cbec08c396e8,39.0,2026-09-05T10:10:47.411Z,8e0c8ddc-7c95-4d15-be76-c2602c042440,4c85220b-667f-4d0b-b719-9c9ae145792d,10,12,0.0,,05a0219e-0a74-46d1-99db-448e59715c37,1b3a7062-b9d5-4a5a-b5b4-47543d96425e,0.0,3.0,0.0,,True,False,4c85220b-667f-4d0b-b719-9c9ae145792d
Middle-Earth SBG Turniej Master 'Zadyma na Południu' Parowy 2x500 pkt [STREFA],4ff143c6-50f2-4e4d-905e-355cf001dd7b,Total Conquest,7a7ded0e-c1dd-40a4-9bf8-4fba0ea8e086,FINISHED,72b2a03d-a74f-4e2d-b18b-21b0c8352764,40.0,2026-09-05T10:10:47.411Z,4c82c276-2b3e-4ab3-bac7-96d124ce3383,bddd8ac9-5247-4f0a-9a17-4ac7bea1812a,8,8,0.0,,01c261a0-47d6-44f0-89b0-85716a8bbf6c,869300c0-1611-4a41-84e8-bb7e3afa22f9,2.0,6.0,0.0,,True,False,bddd8ac9-5247-4f0a-9a17-4ac7bea1812a
Middle-Earth SBG Turniej Master 'Zadyma na Południu' Parowy 2x500 pkt [STREFA],4ff143c6-50f2-4e4d-905e-355cf001dd7b,Total Conquest,7a7ded0e-c1dd-40a4-9bf8-4fba0ea8e086,FINISHED,becb08c3-a936-40c8-bebd-d62241de4c3b,41.0,2026-09-05T10:10:47.411Z,40b74a6e-0b7f-4637-81f6-cfe46fbd8474,bcef8b98-d13e-41a3-a8d0-86063d765955,8,8,0.0,,9b0b984a-c564-4e71-89b0-334be241e063,7129c934-aacc-4988-9527-976c04e381ac,2.0,6.0,0.0,,True,False,bddd8ac9-5247-4f0a-9a17-4ac7bea1812a
Middle-Earth SBG Turniej Master 'Zadyma na Południu' Parowy 2x500 pkt [STREFA],4ff143c6-50f2-4e4d-905e-355cf001dd7b,Total Conquest,7a7ded0e-c1dd-40a4-9bf8-4fba0ea8e086,FINISHED,3d9efc3d-18fc-4416-be79-c21cf0de4f57,42.0,2026-09-05T10:10:47.411Z,c44b9446-ed5c-4ce4-a3f3-c20b04a47932,40eca01a-ba05-4c54-afa1-205dbb9e86dc,0,3,0.0,,43629f08-1070-4ba0-b011-1a5e928f7db1,7f22159a-00df-4a00-9aa9-2f36d60d2455,10.0,12.0,0.0,,False,True,1e4b9bdf-6062-4736-aef3-52bc568f8803
Middle-Earth SBG Turniej Master 'Zadyma na Południu' Parowy 2x500 pkt [STREFA],4ff143c6-50f2-4e4d-905e-355cf001dd7b,Total Conquest,7a7ded0e-c1dd-40a4-9bf8-4fba0ea8e086,FINISHED,d38a8495-c696-4cec-9aa3-41e3b4481522,43.0,2026-09-05T10:10:47.411Z,122e18e8-fe11-41bc-8134-79d421fc1806,7783babb-c470-4763-80c7-8e6bd277ded8,0,3,0.0,,bb7a4a80-6bf6-46a6-a91d-ce134d639d62,1e4b9bdf-6062-4736-aef3-52bc568f8803,10.0,12.0,0.0,,False,True,1e4b9bdf-6062-4736-aef3-52bc568f8803
Middle-Earth SBG Turniej Master 'Zadyma na Południu' Parowy 2x500 pkt [STREFA],4ff143c6-50f2-4e4d-905e-355cf001dd7b,Total Conquest,7a7ded0e-c1dd-40a4-9bf8-4fba0ea8e086,FINISHED,ca5c2ba3-8d88-43a6-8ce2-766b067fdf18,,2026-09-05T10:10:47.411Z,7667e7fb-2fa2-43cc-b1e9-83a302347f61,8ff29fce-8c75-4248-858e-93b2df913982,10,20,,,,,,,,,False,False,3723b773-cadb-46d3-8758-e1260476e981
Middle-Earth SBG Turniej Master 'Zadyma na Południu' Parowy 2x500 pkt [STREFA],4ff143c6-50f2-4e4d-905e-355cf001dd7b,Total Conquest,7a7ded0e-c1dd-40a4-9bf8-4fba0ea8e086,FINISHED,005b02cf-abb0-469d-a2d0-797f932ae1ab,,2026-09-05T10:10:47.411Z,625b1e14-20a1-4154-ac24-24f7847198ea,b443bdaf-6c91-40ca-a80f-57f61aefd0ac,10,20,,,,,,,,,False,False,3723b773-cadb-46d3-8758-e1260476e981
Middle-Earth SBG Turniej Master 'Zadyma na Południu' Parowy 2x500 pkt [STREFA],4ff143c6-50f2-4e4d-905e-355cf001dd7b,Duel of Wits,a8b3ce5b-072b-4721-bffb-690035ae1b44,FINISHED,31ef009b-c41c-4a67-99f7-4072a94d7512,0.0,2026-09-05T12:50:53.803Z,ffc7c59f-904d-42a8-8404-8503463ae0c4,beec30f8-4a47-431b-b7ed-e7f37e95bbbc,2,6,0.0,,7eaada93-6712-429c-81b7-b9cb9f3f5999,475ff286-fcbc-4c49-bac5-e3002c4bdf14,8.0,10.0,0.0,,False,True,475ff286-fcbc-4c49-bac5-e3002c4bdf14
Middle-Earth SBG Turniej Master 'Zadyma na Południu' Parowy 2x500 pkt [STREFA],4ff143c6-50f2-4e4d-905e-355cf001dd7b,Duel of Wits,a8b3ce5b-072b-4721-bffb-690035ae1b44,FINISHED,e007a555-a658-4216-9ff8-cd84bc30cbfc,1.0,2026-09-05T12:50:53.803Z,126f9991-74b4-42e2-8b86-f75c1d6fde00,5f6a7ffa-1a94-4176-a2f0-42f18d04a39e,2,6,0.0,,ef8a9102-014c-4551-81e1-2dff9c715633,813e33d8-2b98-45ed-8c3c-00af33dd4697,8.0,10.0,0.0,,False,True,475ff286-fcbc-4c49-bac5-e3002c4bdf14
Middle-Earth SBG Turniej Master 'Zadyma na Południu' Parowy 2x500 pkt [STREFA],4ff143c6-50f2-4e4d-905e-355cf001dd7b,Duel of Wits,a8b3ce5b-072b-4721-bffb-690035ae1b44,FINISHED,033ca275-992c-4a00-9225-9518160226b7,2.0,2026-09-05T12:50:53.803Z,f82ae05e-4cc0-4e25-8d8d-d73f11adb67a,51c53f0a-7c74-4860-96d3-8323febbe75b,0,3,0.0,,be4bcd25-1c4c-4a8d-ae45-66c706bddd96,8e40b208-0e62-4a37-8228-f003566dc4a7,10.0,10.0,0.0,,False,True,7fa5ba4b-28df-44e8-a4f2-d87072e98a2b
Middle-Earth SBG Turniej Master 'Zadyma na Południu' Parowy 2x500 pkt [STREFA],4ff143c6-50f2-4e4d-905e-355cf001dd7b,Duel of Wits,a8b3ce5b-072b-4721-bffb-690035ae1b44,FINISHED,508c9c4e-ae45-4cb5-91cd-eb6ca2b455fb,3.0,2026-09-05T12:50:53.803Z,26d22cf5-b84a-415b-b4d5-23895960705a,2fa7f179-c8a2-4ee8-913e-2bcfb9ea1f59,0,3,0.0,,a31b40d2-e982-4120-8235-653df477d005,7fa5ba4b-28df-44e8-a4f2-d87072e98a2b,10.0,10.0,0.0,,False,True,7fa5ba4b-28df-44e8-a4f2-d87072e98a2b
Middle-Earth SBG Turniej Master 'Zadyma na Południu' Parowy 2x500 pkt [STREFA],4ff143c6-50f2-4e4d-905e-355cf001dd7b,Duel of Wits,a8b3ce5b-072b-4721-bffb-690035ae1b44,FINISHED,d5114920-01f4-4edb-886c-6d408b07f70e,4.0,2026-09-05T12:50:53.803Z,d98039b0-1c10-4691-9494-7ca6fbe3cc49,57cefe9a-fa1b-45a6-a166-3e94e0d12d49,0,4,0.0,,5ed1adb7-6d0e-4b56-9521-b4a9e6b4da7e,224b8d3d-7e1f-4095-853a-088883879195,10.0,16.0,0.0,,False,True,e0392558-e263-4874-b380-e33152fcecbe
Middle-Earth SBG Turniej Master 'Zadyma na Południu' Parowy 2x500 pkt [STREFA],4ff143c6-50f2-4e4d-905e-355cf001dd7b,Duel of Wits,a8b3ce5b-072b-4721-bffb-690035ae1b44,FINISHED,dd1620c3-2ba6-4549-80f6-ed7a31c6de6b,5.0,2026-09-05T12:50:53.803Z,91ca907c-5077-4943-ad48-2ef0be2b7661,9357ea2e-af38-453d-9c2f-b828d5ccdfb6,0,4,0.0,,5b8a6a02-374a-4471-a229-f7eecd5c646a,e0392558-e263-4874-b380-e33152fcecbe,10.0,16.0,0.0,,False,True,e0392558-e263-4874-b380-e33152fcecbe
Middle-Earth SBG Turniej Master 'Zadyma na Południu' Parowy 2x500 pkt [STREFA],4ff143c6-50f2-4e4d-905e-355cf001dd7b,Duel of Wits,a8b3ce5b-072b-4721-bffb-690035ae1b44,FINISHED,0606ca7e-cd8e-4683-95ce-e2f916b37b6b,6.0,2026-09-05T12:50:53.803Z,a0d882c7-037f-48f6-bbdc-ace70991ecf2,97c5e5bc-7502-4f16-9c1b-53ead4fab5b2,10,15,0.0,,bd96b2ad-a9e5-4e81-8d4c-e893b53ea68b,5f55d7f6-e77c-45a0-b083-60691560a665,0.0,5.0,0.0,,True,False,c451779b-6172-4e1a-acbd-1b387949849d
Middle-Earth SBG Turniej Master 'Zadyma na Południu' Parowy 2x500 pkt [STREFA],4ff143c6-50f2-4e4d-905e-355cf001dd7b,Duel of Wits,a8b3ce5b-072b-4721-bffb-690035ae1b44,FINISHED,99e8ef90-d7e5-4bd7-be88-ef7a7de0b679,7.0,2026-09-05T12:50:53.803Z,db98d291-28ca-4f70-8b34-b4cd381bf051,c451779b-6172-4e1a-acbd-1b387949849d,10,15,0.0,,b0c9c730-6cd4-4a6a-bd64-445cff665be5,4312b892-eb2e-491a-b14a-6f7cff1ab128,0.0,5.0,0.0,,True,False,c451779b-6172-4e1a-acbd-1b387949849d
Middle-Earth SBG Turniej Master 'Zadyma na Południu' Parowy 2x500 pkt [STREFA],4ff143c6-50f2-4e4d-905e-355cf001dd7b,Duel of Wits,a8b3ce5b-072b-4721-bffb-690035ae1b44,FINISHED,2a917d82-33aa-4925-a051-9d08130b5731,8.0,2026-09-05T12:50:53.803Z,2f5ab12b-7d34-4510-a01d-172ee987b5e7,dd081a04-8bbb-4409-aed7-f6ceedf4d7d0,5,5,0.0,,d7e1bd5e-44f9-4c60-8b9e-29bb2d52fe17,222c2b52-47fd-4345-a6ec-a83ee05ccb12,5.0,5.0,0.0,,False,True,76870d30-055b-4a89-a141-78ef032269f2
Middle-Earth SBG Turniej Master 'Zadyma na Południu' Parowy 2x500 pkt [STREFA],4ff143c6-50f2-4e4d-905e-355cf001dd7b,Duel of Wits,a8b3ce5b-072b-4721-bffb-690035ae1b44,FINISHED,adb604c7-ab74-4bfb-aa2c-fdbb41fd92aa,9.0,2026-09-05T12:50:53.803Z,a5724242-cb62-4df0-8d26-97a58976bfcd,d46af0a2-c60d-45ef-9286-540bdc4ee510,5,5,0.0,,4cf48f02-ab6e-4206-8056-66433d0d56ff,76870d30-055b-4a89-a141-78ef032269f2,5.0,5.0,0.0,,False,True,76870d30-055b-4a89-a141-78ef032269f2
Middle-Earth SBG Turniej Master 'Zadyma na Południu' Parowy 2x500 pkt [STREFA],4ff143c6-50f2-4e4d-905e-355cf001dd7b,Duel of Wits,a8b3ce5b-072b-4721-bffb-690035ae1b44,FINISHED,70384fa8-7cb6-4e4b-b445-e08613cbb1e6,10.0,2026-09-05T12:50:53.803Z,913b9733-91f0-4207-9bff-19171cdedcc3,6a2a00f2-2511-49bb-abf4-034ba4382126,10,14,0.0,,522231e7-b4df-42ca-8c17-83c930a5a8fc,627d904e-046e-45b7-b7ec-d237aafc54c1,0.0,4.0,0.0,,True,False,d96af431-77bb-4909-bb15-61df62e81b15
Middle-Earth SBG Turniej Master 'Zadyma na Południu' Parowy 2x500 pkt [STREFA],4ff143c6-50f2-4e4d-905e-355cf001dd7b,Duel of Wits,a8b3ce5b-072b-4721-bffb-690035ae1b44,FINISHED,05325fe9-4b0c-4197-baff-ba896880280a,11.0,2026-09-05T12:50:53.803Z,dcb8ff7d-8af4-4274-aacc-dc3eb50c27f8,d96af431-77bb-4909-bb15-61df62e81b15,10,14,0.0,,92154b62-4aed-432b-b80e-6ac05df4fd24,ea7e3e0d-3a78-4a90-8ca4-a55e6505cf5a,0.0,4.0,0.0,,True,False,d96af431-77bb-4909-bb15-61df62e81b15
Middle-Earth SBG Turniej Master 'Zadyma na Południu' Parowy 2x500 pkt [STREFA],4ff143c6-50f2-4e4d-905e-355cf001dd7b,Duel of Wits,a8b3ce5b-072b-4721-bffb-690035ae1b44,FINISHED,463f364e-ce48-4945-8573-a07a45331583,12.0,2026-09-05T12:50:53.803Z,4d3f870f-99a4-46c9-96f5-8df8fed9dc3b,7825ed24-d5e7-4e12-b627-23c81c278c00,0,5,0.0,,1adf1b3a-7923-4f60-a0e7-e7c6196caef0,1279e92f-2cd2-4ab8-855a-9630a43d2c60,10.0,14.0,0.0,,False,True,804c4802-b3bc-41ec-9f1b-de92ffe4897e
Middle-Earth SBG Turniej Master 'Zadyma na Południu' Parowy 2x500 pkt [STREFA],4ff143c6-50f2-4e4d-905e-355cf001dd7b,Duel of Wits,a8b3ce5b-072b-4721-bffb-690035ae1b44,FINISHED,9f5fee39-3d49-4fa1-9af4-dab056c4b1a3,13.0,2026-09-05T12:50:53.803Z,f64738ad-bd8a-4667-bc22-4848e85f1df1,1403a8fb-39a4-4e2f-b6cd-5d7e334df789,0,5,0.0,,e4372b7d-66af-4f81-802b-15172bbae7c7,804c4802-b3bc-41ec-9f1b-de92ffe4897e,10.0,14.0,0.0,,False,True,804c4802-b3bc-41ec-9f1b-de92ffe4897e
Middle-Earth SBG Turniej Master 'Zadyma na Południu' Parowy 2x500 pkt [STREFA],4ff143c6-50f2-4e4d-905e-355cf001dd7b,Duel of Wits,a8b3ce5b-072b-4721-bffb-690035ae1b44,FINISHED,411b0e18-3637-4521-bfbd-e20bf01bed7e,14.0,2026-09-05T12:50:53.803Z,70ce86c0-200f-4cd1-b423-ed96b1a5d253,d0cc3137-fab5-4977-bfac-cf0a791bd9b0,0,1,0.0,,c8d33fce-9eb3-4cc1-87db-02bb4879388e,ff683689-6a31-40d7-8068-f1801f077caf,10.0,16.0,0.0,,False,True,1857125d-c4f2-4a84-a26c-18ff4acbbcaf
Middle-Earth SBG Turniej Master 'Zadyma na Południu' Parowy 2x500 pkt [STREFA],4ff143c6-50f2-4e4d-905e-355cf001dd7b,Duel of Wits,a8b3ce5b-072b-4721-bffb-690035ae1b44,FINISHED,6181a414-677b-4731-a884-22478d1054ac,15.0,2026-09-05T12:50:53.803Z,ed11323c-1d48-41a2-8852-053236f223fe,d7deccf7-cc03-46b4-a9a0-6e6e66317298,0,1,0.0,,605e07cb-e546-45cd-9c93-cd708f8d52f9,1857125d-c4f2-4a84-a26c-18ff4acbbcaf,10.0,16.0,0.0,,False,True,1857125d-c4f2-4a84-a26c-18ff4acbbcaf
Middle-Earth SBG Turniej Master 'Zadyma na Południu' Parowy 2x500 pkt [STREFA],4ff143c6-50f2-4e4d-905e-355cf001dd7b,Duel of Wits,a8b3ce5b-072b-4721-bffb-690035ae1b44,FINISHED,5ee74384-f887-48d7-8e82-453de3310a7b,16.0,2026-09-05T12:50:53.803Z,dcbe0006-ae06-4453-8688-b66eeb6dedd7,4edd7b4a-f5e4-4136-9363-aa93d7e9b8e3,10,17,0.0,,021c98e5-13be-41e3-b37f-d9c944136162,cd36b01c-87a1-47c9-b877-a65940b24b12,0.0,0.0,0.0,,True,False,4edd7b4a-f5e4-4136-9363-aa93d7e9b8e3
Middle-Earth SBG Turniej Master 'Zadyma na Południu' Parowy 2x500 pkt [STREFA],4ff143c6-50f2-4e4d-905e-355cf001dd7b,Duel of Wits,a8b3ce5b-072b-4721-bffb-690035ae1b44,FINISHED,c55dae76-267e-448f-8d58-520c7c32ef0b,17.0,2026-09-05T12:50:53.803Z,f7252936-9fa2-48da-b572-c0d0cf3242d2,8cf73c83-a3a1-4dd6-8882-e8dd30912ab1,10,17,0.0,,0d014ef1-2d2b-4f93-a3a1-91579f94ff95,987fa345-8622-4702-a59f-71f0c10c6e0a,0.0,0.0,0.0,,True,False,4edd7b4a-f5e4-4136-9363-aa93d7e9b8e3
Middle-Earth SBG Turniej Master 'Zadyma na Południu' Parowy 2x500 pkt [STREFA],4ff143c6-50f2-4e4d-905e-355cf001dd7b,Duel of Wits,a8b3ce5b-072b-4721-bffb-690035ae1b44,FINISHED,0d68c1b0-a9ef-4a18-bfc9-57ee3ab5b17a,18.0,2026-09-05T12:50:53.803Z,e1414230-e1a7-413b-99a6-6b546e9fbfa7,bb2a8efe-f745-4f44-94ee-831d41404935,10,12,0.0,,6f7be863-0cde-4e91-927e-1ddb225f972e,8ff29fce-8c75-4248-858e-93b2df913982,0.0,0.0,0.0,,True,False,bb2a8efe-f745-4f44-94ee-831d41404935
Middle-Earth SBG Turniej Master 'Zadyma na Południu' Parowy 2x500 pkt [STREFA],4ff143c6-50f2-4e4d-905e-355cf001dd7b,Duel of Wits,a8b3ce5b-072b-4721-bffb-690035ae1b44,FINISHED,68210fd4-3b2d-49aa-82c9-22972f41fc2d,19.0,2026-09-05T12:50:53.803Z,9e8fb798-a34c-45a7-aa62-acfb9ee074e6,e3be0c1a-33fa-4825-993f-8d84b55c47c0,10,12,0.0,,41cfb302-301e-4f9b-8af5-7fa767f3cd58,b443bdaf-6c91-40ca-a80f-57f61aefd0ac,0.0,0.0,0.0,,True,False,bb2a8efe-f745-4f44-94ee-831d41404935
Middle-Earth SBG Turniej Master 'Zadyma na Południu' Parowy 2x500 pkt [STREFA],4ff143c6-50f2-4e4d-905e-355cf001dd7b,Duel of Wits,a8b3ce5b-072b-4721-bffb-690035ae1b44,FINISHED,2a4d9d5a-af15-47dc-8d9a-7fe6f7d91406,20.0,2026-09-05T12:50:53.803Z,138530ab-6222-4cf5-b467-45ee38e81111,22a23162-8fd8-4dcc-833c-430aafa67491,8,10,0.0,,7383ab3d-f5b3-4637-baa2-2e52bccc5c16,55b3019a-a7e5-4c3c-9c51-0643513d2296,2.0,8.0,0.0,,True,False,6e8fd6ad-52e1-4877-84dc-2fce2d7ab7da
Middle-Earth SBG Turniej Master 'Zadyma na Południu' Parowy 2x500 pkt [STREFA],4ff143c6-50f2-4e4d-905e-355cf001dd7b,Duel of Wits,a8b3ce5b-072b-4721-bffb-690035ae1b44,FINISHED,c41f128b-f33f-4721-8337-4dfec1f57246,21.0,2026-09-05T12:50:53.803Z,bfc656e0-2e6f-4003-bdf2-3fa6630d3a2c,6e8fd6ad-52e1-4877-84dc-2fce2d7ab7da,8,10,0.0,,09cd837e-e87e-4406-875f-5bbd0064f136,13e9bcf5-c291-4537-b0aa-29592b68612f,2.0,8.0,0.0,,True,False,6e8fd6ad-52e1-4877-84dc-2fce2d7ab7da
Middle-Earth SBG Turniej Master 'Zadyma na Południu' Parowy 2x500 pkt [STREFA],4ff143c6-50f2-4e4d-905e-355cf001dd7b,Duel of Wits,a8b3ce5b-072b-4721-bffb-690035ae1b44,FINISHED,232cce32-e67b-494d-9e44-28d44d9dc1fd,22.0,2026-09-05T12:50:53.803Z,761388f5-70ff-41f6-bc2a-50364218327d,6841eef6-931a-4375-ae1b-79843a97a82e,2,6,,,71e8d448-889f-4b0a-82e6-8134c0e10145,cd905d3f-c042-479b-81f6-61d3ffcc713f,8.0,10.0,,,False,False,495a97ab-7ee3-402b-8400-8d33d98cf809
Middle-Earth SBG Turniej Master 'Zadyma na Południu' Parowy 2x500 pkt [STREFA],4ff143c6-50f2-4e4d-905e-355cf001dd7b,Duel of Wits,a8b3ce5b-072b-4721-bffb-690035ae1b44,FINISHED,81a76641-1b9c-4b69-b6b4-ca9f38190d51,23.0,2026-09-05T12:50:53.803Z,c434de61-b2a8-4150-8e12-3dd3d9d589c8,9eaf0945-81fd-494b-be1f-3b6f349ce991,2,6,,,5c007174-b816-41ce-a700-e30e068278e5,780e8297-2cf1-4ac2-89bd-e9dd5ece6347,8.0,10.0,,,False,False,495a97ab-7ee3-402b-8400-8d33d98cf809
Middle-Earth SBG Turniej Master 'Zadyma na Południu' Parowy 2x500 pkt [STREFA],4ff143c6-50f2-4e4d-905e-355cf001dd7b,Duel of Wits,a8b3ce5b-072b-4721-bffb-690035ae1b44,FINISHED,b5503a02-38de-4fb0-9ade-1468ba477263,24.0,2026-09-05T12:50:53.803Z,e6ad269e-6456-4110-a391-3648b0ce05e7,9d5bc521-d1ac-416e-952c-926b6aef9e60,10,11,0.0,,be6279b8-8390-4d01-ba7c-08289b416afd,ef46c5bc-e9ab-450b-85f5-4b88323ef1b8,0.0,2.0,0.0,,True,False,b6f0e023-257d-472b-af43-78e56d559cae
Middle-Earth SBG Turniej Master 'Zadyma na Południu' Parowy 2x500 pkt [STREFA],4ff143c6-50f2-4e4d-905e-355cf001dd7b,Duel of Wits,a8b3ce5b-072b-4721-bffb-690035ae1b44,FINISHED,29fea8e2-e0a7-4dae-aad7-91060dc0fe23,25.0,2026-09-05T12:50:53.803Z,fa7cf85d-6a91-4e98-8586-cd55a90318b3,b6f0e023-257d-472b-af43-78e56d559cae,10,11,0.0,,25d007e2-bb5b-40e3-9b35-1e63b6f92da5,15e5a444-91c2-43fe-8b7b-c927354ca51a,0.0,2.0,0.0,,True,False,b6f0e023-257d-472b-af43-78e56d559cae
Middle-Earth SBG Turniej Master 'Zadyma na Południu' Parowy 2x500 pkt [STREFA],4ff143c6-50f2-4e4d-905e-355cf001dd7b,Duel of Wits,a8b3ce5b-072b-4721-bffb-690035ae1b44,FINISHED,8f944e49-c825-462c-89e4-2758f0622247,26.0,2026-09-05T12:50:53.803Z,1fd6f6b9-1592-49d3-9626-a1870be6a5d5,7d79e669-7010-4328-bbf5-3f7203dddd9a,10,14,0.0,,f1ee66df-fa09-4bb7-b8d0-ea4be1a2f3e6,ef720739-17ce-42ec-a9fb-2c6e361af86f,0.0,4.0,0.0,,True,False,7d79e669-7010-4328-bbf5-3f7203dddd9a
Middle-Earth SBG Turniej Master 'Zadyma na Południu' Parowy 2x500 pkt [STREFA],4ff143c6-50f2-4e4d-905e-355cf001dd7b,Duel of Wits,a8b3ce5b-072b-4721-bffb-690035ae1b44,FINISHED,f3edea98-e88b-4ae6-8337-a313893585f2,27.0,2026-09-05T12:50:53.803Z,569bb58c-981d-43dd-b233-cfafe08e58b4,4e8fbce8-9600-4b61-af86-6731e366fce3,10,14,0.0,,7916f259-9b8b-4690-9173-c241956bacd8,a66f5a56-1f3b-4944-9a2b-040faa0061e5,0.0,4.0,0.0,,True,False,7d79e669-7010-4328-bbf5-3f7203dddd9a
Middle-Earth SBG Turniej Master 'Zadyma na Południu' Parowy 2x500 pkt [STREFA],4ff143c6-50f2-4e4d-905e-355cf001dd7b,Duel of Wits,a8b3ce5b-072b-4721-bffb-690035ae1b44,FINISHED,046f36e6-904b-4d8f-b175-ae773f42eaff,28.0,2026-09-05T12:50:53.803Z,74e93b2f-fe38-449d-bdac-f70ad660fe4b,d9d49e1f-dcbf-436c-b0b4-7fa2397c509f,10,16,0.0,,2fd0bba4-0d0e-4554-9261-bc3247e745ce,9aa518b2-55c0-4256-81fb-8a37c9451c39,0.0,5.0,0.0,,False,True,26e6a6e5-8ef2-4c08-8e4f-b89566241f24
Middle-Earth SBG Turniej Master 'Zadyma na Południu' Parowy 2x500 pkt [STREFA],4ff143c6-50f2-4e4d-905e-355cf001dd7b,Duel of Wits,a8b3ce5b-072b-4721-bffb-690035ae1b44,FINISHED,7d3abed9-26c0-4d57-8865-0eecd6ce38d6,29.0,2026-09-05T12:50:53.803Z,28c478b4-02df-4ce2-974c-699d023de38b,0231b3c3-fb2b-4033-8dd3-bf98d9e29410,10,16,0.0,,49769c9e-6255-45ff-9923-f8c8b10f92d5,26e6a6e5-8ef2-4c08-8e4f-b89566241f24,0.0,5.0,0.0,,False,True,26e6a6e5-8ef2-4c08-8e4f-b89566241f24
Middle-Earth SBG Turniej Master 'Zadyma na Południu' Parowy 2x500 pkt [STREFA],4ff143c6-50f2-4e4d-905e-355cf001dd7b,Duel of Wits,a8b3ce5b-072b-4721-bffb-690035ae1b44,FINISHED,1e977ea1-5ed7-4e3c-9387-5e7f8c6142ba,30.0,2026-09-05T12:50:53.803Z,884cb8a4-0c11-4026-bc27-5ee837e96c01,7f22159a-00df-4a00-9aa9-2f36d60d2455,0,4,0.0,,7b961ab0-ed9f-4341-ba1b-c16e95e5d25c,081b732c-68ef-4404-bf2c-b56519b96acd,10.0,14.0,0.0,,True,False,1e4b9bdf-6062-4736-aef3-52bc568f8803
Middle-Earth SBG Turniej Master 'Zadyma na Południu' Parowy 2x500 pkt [STREFA],4ff143c6-50f2-4e4d-905e-355cf001dd7b,Duel of Wits,a8b3ce5b-072b-4721-bffb-690035ae1b44,FINISHED,a3bed0f8-4214-4baf-a90b-5857e14381f6,31.0,2026-09-05T12:50:53.803Z,f3c2db34-ea0b-4baf-9868-663d1eeb71a0,1e4b9bdf-6062-4736-aef3-52bc568f8803,0,4,0.0,,9396c696-e58c-43f4-9ee7-f8285bf7c85d,4c85220b-667f-4d0b-b719-9c9ae145792d,10.0,14.0,0.0,,True,False,1e4b9bdf-6062-4736-aef3-52bc568f8803
Middle-Earth SBG Turniej Master 'Zadyma na Południu' Parowy 2x500 pkt [STREFA],4ff143c6-50f2-4e4d-905e-355cf001dd7b,Duel of Wits,a8b3ce5b-072b-4721-bffb-690035ae1b44,FINISHED,b801c982-c0ef-4d6a-96fd-9f2069ef218b,32.0,2026-09-05T12:50:53.803Z,56fad345-5ac0-4555-a3e6-8e3f1918441b,396741ce-3694-4877-9603-fe19efd6284f,10,10,0.0,,0ed624ed-c5d8-403b-8d63-200a0e757043,bddd8ac9-5247-4f0a-9a17-4ac7bea1812a,0.0,2.0,0.0,,False,True,bddd8ac9-5247-4f0a-9a17-4ac7bea1812a
Middle-Earth SBG Turniej Master 'Zadyma na Południu' Parowy 2x500 pkt [STREFA],4ff143c6-50f2-4e4d-905e-355cf001dd7b,Duel of Wits,a8b3ce5b-072b-4721-bffb-690035ae1b44,FINISHED,b276aa96-874e-4efa-82c3-0136a5c76714,33.0,2026-09-05T12:50:53.803Z,5349b236-a200-4998-bc72-eafa931a2a67,97ef4386-ccac-4659-b7e7-c37ecff7f03c,10,10,0.0,,13cd0a03-81d2-4dd2-af58-f34e5d1795cc,bcef8b98-d13e-41a3-a8d0-86063d765955,0.0,2.0,0.0,,False,True,bddd8ac9-5247-4f0a-9a17-4ac7bea1812a
Middle-Earth SBG Turniej Master 'Zadyma na Południu' Parowy 2x500 pkt [STREFA],4ff143c6-50f2-4e4d-905e-355cf001dd7b,Duel of Wits,a8b3ce5b-072b-4721-bffb-690035ae1b44,FINISHED,9c10cdf9-0405-43c6-8e07-890131acf47b,34.0,2026-09-05T12:50:53.803Z,ff9ec6a4-76b0-439e-ae98-dd3ef7c264ec,f6f2e7ef-8125-4bd0-90cb-7e6220d6af31,0,0,0.0,,fbd3be58-68a1-40c1-adf9-ef0caeb2531c,7129c934-aacc-4988-9527-976c04e381ac,10.0,16.0,0.0,,False,True,869300c0-1611-4a41-84e8-bb7e3afa22f9
Middle-Earth SBG Turniej Master 'Zadyma na Południu' Parowy 2x500 pkt [STREFA],4ff143c6-50f2-4e4d-905e-355cf001dd7b,Duel of Wits,a8b3ce5b-072b-4721-bffb-690035ae1b44,FINISHED,4d906913-cec4-4ef0-8fdb-413209522a0f,35.0,2026-09-05T12:50:53.803Z,52eb0efa-9de1-47d3-8adb-be974375b9c5,289932ee-6bb1-405e-b6d8-4ff67f3a7cbe,0,0,0.0,,948f705c-5954-44a6-b437-e0671d861490,869300c0-1611-4a41-84e8-bb7e3afa22f9,10.0,16.0,0.0,,False,True,869300c0-1611-4a41-84e8-bb7e3afa22f9
Middle-Earth SBG Turniej Master 'Zadyma na Południu' Parowy 2x500 pkt [STREFA],4ff143c6-50f2-4e4d-905e-355cf001dd7b,Duel of Wits,a8b3ce5b-072b-4721-bffb-690035ae1b44,FINISHED,46b42c21-2243-4cfa-82c2-864af760d242,36.0,2026-09-05T12:50:53.803Z,063819be-59c8-4c5f-b9ca-34d96adfabd7,13a4ddbb-8db9-4160-b1e8-372365ed4e8d,5,9,0.0,,6fc7d480-636a-4871-8729-2a8f7900bab3,7918000f-f66c-4750-b2c6-3277bc3bfcd3,5.0,9.0,0.0,,True,False,4d2a70a2-c8e1-4ab9-a886-3a945d216f71
Middle-Earth SBG Turniej Master 'Zadyma na Południu' Parowy 2x500 pkt [STREFA],4ff143c6-50f2-4e4d-905e-355cf001dd7b,Duel of Wits,a8b3ce5b-072b-4721-bffb-690035ae1b44,FINISHED,6a80ee18-00ff-4737-9a13-879ed1f5c266,37.0,2026-09-05T12:50:53.803Z,7e54d1c4-f358-481f-982e-c79193fec857,4d2a70a2-c8e1-4ab9-a886-3a945d216f71,5,9,0.0,,2f0b9421-34ef-4f13-bbf8-9fdd60d21049,0d4776d9-63a3-4ffe-989f-ca6e8925fa18,5.0,9.0,0.0,,True,False,4d2a70a2-c8e1-4ab9-a886-3a945d216f71
Middle-Earth SBG Turniej Master 'Zadyma na Południu' Parowy 2x500 pkt [STREFA],4ff143c6-50f2-4e4d-905e-355cf001dd7b,Duel of Wits,a8b3ce5b-072b-4721-bffb-690035ae1b44,FINISHED,1d0197c8-f8c0-482e-87dc-4cc167441c73,38.0,2026-09-05T12:50:53.803Z,270e803a-91dc-4515-846e-b78316db0540,414fda48-9033-4287-8354-97a00a0f05f7,10,16,0.0,,f5eae5b6-b3fb-432d-91d1-dec34aedb997,5587f9c3-e27b-41f9-99ce-eaccfd5412b7,0.0,3.0,0.0,,False,True,df869225-dad8-4de4-95f0-490294e03a8e
Middle-Earth SBG Turniej Master 'Zadyma na Południu' Parowy 2x500 pkt [STREFA],4ff143c6-50f2-4e4d-905e-355cf001dd7b,Duel of Wits,a8b3ce5b-072b-4721-bffb-690035ae1b44,FINISHED,5b7bf153-0206-4cd3-a63d-1cea3bda619d,39.0,2026-09-05T12:50:53.803Z,2486ef17-b1db-4b94-a5ca-d400cf7c2365,83253c68-f02c-46cf-86c7-4e574c79154b,10,16,0.0,,cff65775-84ba-41b4-bf09-1ca2ae46e092,df869225-dad8-4de4-95f0-490294e03a8e,0.0,3.0,0.0,,False,True,df869225-dad8-4de4-95f0-490294e03a8e
Middle-Earth SBG Turniej Master 'Zadyma na Południu' Parowy 2x500 pkt [STREFA],4ff143c6-50f2-4e4d-905e-355cf001dd7b,Duel of Wits,a8b3ce5b-072b-4721-bffb-690035ae1b44,FINISHED,68181d48-5970-4b56-8e91-0026a0a4331e,40.0,2026-09-05T12:50:53.803Z,f93494af-c736-42d1-b201-034b2ea9e29b,f99a3381-e709-4e72-a4f6-e9f96240c428,10,10,0.0,,04bbf185-063e-4799-8dee-3a5b625a207e,12fc8435-48b6-4a57-a152-4d7ee21ce225,0.0,5.0,0.0,,True,False,f99a3381-e709-4e72-a4f6-e9f96240c428
Middle-Earth SBG Turniej Master 'Zadyma na Południu' Parowy 2x500 pkt [STREFA],4ff143c6-50f2-4e4d-905e-355cf001dd7b,Duel of Wits,a8b3ce5b-072b-4721-bffb-690035ae1b44,FINISHED,831f93d6-ccbd-4138-9aa0-4c00c4d5b888,41.0,2026-09-05T12:50:53.803Z,1745a52c-ccbf-44ee-abb6-dcc8f23a00ff,ab63d4ea-e622-4b2d-8ad2-38b15679c94f,10,10,0.0,,1d523de7-f445-417f-a965-3db48f7bf3f4,fd047df3-d1f4-4839-9e70-ac327abff337,0.0,5.0,0.0,,True,False,f99a3381-e709-4e72-a4f6-e9f96240c428
Middle-Earth SBG Turniej Master 'Zadyma na Południu' Parowy 2x500 pkt [STREFA],4ff143c6-50f2-4e4d-905e-355cf001dd7b,Duel of Wits,a8b3ce5b-072b-4721-bffb-690035ae1b44,FINISHED,1df58590-ce88-4afd-b318-78dc4821b9ad,42.0,2026-09-05T12:50:53.803Z,ad31437e-bbeb-4b8e-b60e-304ba841275c,40eca01a-ba05-4c54-afa1-205dbb9e86dc,0,1,0.0,,90ea6d85-7f19-43f8-ba53-80cca5747765,7ca2b5ee-c648-4e98-bcba-50d159612ecc,10.0,15.0,0.0,,False,True,7ca2b5ee-c648-4e98-bcba-50d159612ecc
Middle-Earth SBG Turniej Master 'Zadyma na Południu' Parowy 2x500 pkt [STREFA],4ff143c6-50f2-4e4d-905e-355cf001dd7b,Duel of Wits,a8b3ce5b-072b-4721-bffb-690035ae1b44,FINISHED,d2ad1782-2a02-4c96-b5fa-5f2eb374dd22,43.0,2026-09-05T12:50:53.803Z,13caaecf-57a6-447a-9ac0-d8f024c540af,7783babb-c470-4763-80c7-8e6bd277ded8,0,1,0.0,,c60355ec-f621-46d8-9bb8-6fb75b27b040,1b3a7062-b9d5-4a5a-b5b4-47543d96425e,10.0,15.0,0.0,,False,True,7ca2b5ee-c648-4e98-bcba-50d159612ecc
Middle-Earth SBG Turniej Master 'Zadyma na Południu' Parowy 2x500 pkt [STREFA],4ff143c6-50f2-4e4d-905e-355cf001dd7b,Duel of Wits,a8b3ce5b-072b-4721-bffb-690035ae1b44,FINISHED,65f63732-78cb-4b86-b15a-21313d51ee57,,2026-09-05T12:50:53.803Z,dfc60f42-9063-4fa4-8b18-b095e3a92102,9c29cb2b-a332-4f36-bdf5-25547137af04,10,20,,,,,,,,,False,False,495a97ab-7ee3-402b-8400-8d33d98cf809
Middle-Earth SBG Turniej Master 'Zadyma na Południu' Parowy 2x500 pkt [STREFA],4ff143c6-50f2-4e4d-905e-355cf001dd7b,Duel of Wits,a8b3ce5b-072b-4721-bffb-690035ae1b44,FINISHED,6fac53fe-f64a-4c86-9d4a-54585e8be860,,2026-09-05T12:50:53.803Z,c2071020-cd39-4026-a100-00d369f7f55b,ab24072d-40f0-4652-ac6b-78f65a335d34,10,20,,,,,,,,,False,False,495a97ab-7ee3-402b-8400-8d33d98cf809
Middle-Earth SBG Turniej Master 'Zadyma na Południu' Parowy 2x500 pkt [STREFA],4ff143c6-50f2-4e4d-905e-355cf001dd7b,No escape,b15d659b-48c4-479c-bf8b-939359e89b81,FINISHED,13f53dba-a8f4-4172-b765-459b57b0c6f9,0.0,2026-09-05T16:00:08.706Z,2a4169f8-a6f8-4a5b-9cc6-b5cc72bccf1f,224b8d3d-7e1f-4095-853a-088883879195,5,5,0.0,,35f810d3-a8db-4ec4-8de2-e500c89e2661,8e40b208-0e62-4a37-8228-f003566dc4a7,5.0,5.0,0.0,,True,False,e0392558-e263-4874-b380-e33152fcecbe
Middle-Earth SBG Turniej Master 'Zadyma na Południu' Parowy 2x500 pkt [STREFA],4ff143c6-50f2-4e4d-905e-355cf001dd7b,No escape,b15d659b-48c4-479c-bf8b-939359e89b81,FINISHED,0271028e-e0b4-4a32-857a-47fe3844252e,1.0,2026-09-05T16:00:08.706Z,708a4d1c-8804-4e53-a285-15c9e78085b7,e0392558-e263-4874-b380-e33152fcecbe,5,5,0.0,,4b6fa4f4-f8ab-48f8-97ea-e879af23e374,7fa5ba4b-28df-44e8-a4f2-d87072e98a2b,5.0,5.0,0.0,,True,False,e0392558-e263-4874-b380-e33152fcecbe
Middle-Earth SBG Turniej Master 'Zadyma na Południu' Parowy 2x500 pkt [STREFA],4ff143c6-50f2-4e4d-905e-355cf001dd7b,No escape,b15d659b-48c4-479c-bf8b-939359e89b81,FINISHED,5755f02a-266c-4ea0-8445-6cadaa2a55f6,2.0,2026-09-05T16:00:08.706Z,0e7a4d76-45c0-4e68-b9a4-36a98b68b92a,97c5e5bc-7502-4f16-9c1b-53ead4fab5b2,10,16,0.0,,c3b90156-dd2d-4f84-8cde-bb6337488656,475ff286-fcbc-4c49-bac5-e3002c4bdf14,0.0,4.0,0.0,,True,False,c451779b-6172-4e1a-acbd-1b387949849d
Middle-Earth SBG Turniej Master 'Zadyma na Południu' Parowy 2x500 pkt [STREFA],4ff143c6-50f2-4e4d-905e-355cf001dd7b,No escape,b15d659b-48c4-479c-bf8b-939359e89b81,FINISHED,6b780891-f995-44d5-8c9c-c7ac8fb792b6,3.0,2026-09-05T16:00:08.706Z,b41240f9-27a1-4379-badc-7105d15a5bdf,c451779b-6172-4e1a-acbd-1b387949849d,10,16,0.0,,ff50f85b-221c-4e93-b07a-1335ff2ee244,813e33d8-2b98-45ed-8c3c-00af33dd4697,0.0,4.0,0.0,,True,False,c451779b-6172-4e1a-acbd-1b387949849d
Middle-Earth SBG Turniej Master 'Zadyma na Południu' Parowy 2x500 pkt [STREFA],4ff143c6-50f2-4e4d-905e-355cf001dd7b,No escape,b15d659b-48c4-479c-bf8b-939359e89b81,FINISHED,f41ad220-f269-49e5-8ba6-15c07161d16a,4.0,2026-09-05T16:00:08.706Z,0f491755-8dea-4378-b9f5-5c90f8b44a3e,6a2a00f2-2511-49bb-abf4-034ba4382126,10,20,0.0,,bfdcd29b-dc99-4b6f-a603-f58cf1811959,222c2b52-47fd-4345-a6ec-a83ee05ccb12,0.0,1.0,0.0,,True,False,d96af431-77bb-4909-bb15-61df62e81b15
Middle-Earth SBG Turniej Master 'Zadyma na Południu' Parowy 2x500 pkt [STREFA],4ff143c6-50f2-4e4d-905e-355cf001dd7b,No escape,b15d659b-48c4-479c-bf8b-939359e89b81,FINISHED,15c4472b-a324-4d0d-9a47-7b199e6add00,5.0,2026-09-05T16:00:08.706Z,760acc03-5685-45a0-87ce-9ca4b96b1d31,d96af431-77bb-4909-bb15-61df62e81b15,10,20,0.0,,1d20ba84-23f1-4a49-abb4-4b59c3bc0580,76870d30-055b-4a89-a141-78ef032269f2,0.0,1.0,0.0,,True,False,d96af431-77bb-4909-bb15-61df62e81b15
Middle-Earth SBG Turniej Master 'Zadyma na Południu' Parowy 2x500 pkt [STREFA],4ff143c6-50f2-4e4d-905e-355cf001dd7b,No escape,b15d659b-48c4-479c-bf8b-939359e89b81,FINISHED,bf3a86d8-d2fb-4105-89c4-84e38c552f61,6.0,2026-09-05T16:00:08.706Z,d2022806-dfcc-4aac-acb7-7a368eda822f,dd081a04-8bbb-4409-aed7-f6ceedf4d7d0,0,4,0.0,,8051fb61-3b13-46b0-899e-5c80be0dc60a,beec30f8-4a47-431b-b7ed-e7f37e95bbbc,10.0,9.0,0.0,,False,True,beec30f8-4a47-431b-b7ed-e7f37e95bbbc
Middle-Earth SBG Turniej Master 'Zadyma na Południu' Parowy 2x500 pkt [STREFA],4ff143c6-50f2-4e4d-905e-355cf001dd7b,No escape,b15d659b-48c4-479c-bf8b-939359e89b81,FINISHED,00d4406d-71f1-4d36-b8cb-a2b9ad368f5f,7.0,2026-09-05T16:00:08.706Z,e472cf31-1d0d-454b-947a-65a0ae2f0022,d46af0a2-c60d-45ef-9286-540bdc4ee510,0,4,0.0,,8680791f-d8ff-45f9-bed9-785d0c603012,5f6a7ffa-1a94-4176-a2f0-42f18d04a39e,10.0,9.0,0.0,,False,True,beec30f8-4a47-431b-b7ed-e7f37e95bbbc
Middle-Earth SBG Turniej Master 'Zadyma na Południu' Parowy 2x500 pkt [STREFA],4ff143c6-50f2-4e4d-905e-355cf001dd7b,No escape,b15d659b-48c4-479c-bf8b-939359e89b81,FINISHED,b67028c4-0adb-4c71-9d0a-194b760784ef,8.0,2026-09-05T16:00:08.706Z,af49862a-be54-44ab-ae4b-3d22307529b3,804c4802-b3bc-41ec-9f1b-de92ffe4897e,10,14,0.0,,e2516f5b-5799-4419-966a-4748d112afd3,ff683689-6a31-40d7-8068-f1801f077caf,0.0,3.0,0.0,,False,True,1857125d-c4f2-4a84-a26c-18ff4acbbcaf
Middle-Earth SBG Turniej Master 'Zadyma na Południu' Parowy 2x500 pkt [STREFA],4ff143c6-50f2-4e4d-905e-355cf001dd7b,No escape,b15d659b-48c4-479c-bf8b-939359e89b81,FINISHED,665ffe19-9ed4-4ef1-a808-45b48e76258a,9.0,2026-09-05T16:00:08.706Z,b4603ee0-9643-4a9d-abd3-3810feccbd02,1279e92f-2cd2-4ab8-855a-9630a43d2c60,10,14,0.0,,47ccb616-032e-4e1e-852a-9b45ce828e68,1857125d-c4f2-4a84-a26c-18ff4acbbcaf,0.0,3.0,0.0,,False,True,1857125d-c4f2-4a84-a26c-18ff4acbbcaf
Middle-Earth SBG Turniej Master 'Zadyma na Południu' Parowy 2x500 pkt [STREFA],4ff143c6-50f2-4e4d-905e-355cf001dd7b,No escape,b15d659b-48c4-479c-bf8b-939359e89b81,FINISHED,4f68b220-74fe-47b4-b95f-0c6ed54702bc,10.0,2026-09-05T16:00:08.706Z,110819e0-3f66-4977-8db7-3d8f6e2f91c6,4edd7b4a-f5e4-4136-9363-aa93d7e9b8e3,0,4,0.0,,97f23201-f3fa-4d42-a87d-35bc88b8e7ea,51c53f0a-7c74-4860-96d3-8323febbe75b,10.0,8.0,0.0,,False,True,2fa7f179-c8a2-4ee8-913e-2bcfb9ea1f59
Middle-Earth SBG Turniej Master 'Zadyma na Południu' Parowy 2x500 pkt [STREFA],4ff143c6-50f2-4e4d-905e-355cf001dd7b,No escape,b15d659b-48c4-479c-bf8b-939359e89b81,FINISHED,d82981e9-e251-4d72-9aeb-883cbcf69fcb,11.0,2026-09-05T16:00:08.706Z,ef578b45-d3fe-4441-a9fe-319678b92fe7,8cf73c83-a3a1-4dd6-8882-e8dd30912ab1,0,4,0.0,,75e6e6f4-6ae7-42bd-90f7-9a769e3541a4,2fa7f179-c8a2-4ee8-913e-2bcfb9ea1f59,10.0,8.0,0.0,,False,True,2fa7f179-c8a2-4ee8-913e-2bcfb9ea1f59
Middle-Earth SBG Turniej Master 'Zadyma na Południu' Parowy 2x500 pkt [STREFA],4ff143c6-50f2-4e4d-905e-355cf001dd7b,No escape,b15d659b-48c4-479c-bf8b-939359e89b81,FINISHED,cdae2b22-1c4a-4f6b-8c67-f35c5eb1e8b0,12.0,2026-09-05T16:00:08.706Z,a8222c1a-f21d-4495-a752-4836214f6d33,bb2a8efe-f745-4f44-94ee-831d41404935,2,8,0.0,,bf225d89-f5fa-43fb-b254-407530a80a98,57cefe9a-fa1b-45a6-a166-3e94e0d12d49,8.0,12.0,0.0,,True,False,bb2a8efe-f745-4f44-94ee-831d41404935
Middle-Earth SBG Turniej Master 'Zadyma na Południu' Parowy 2x500 pkt [STREFA],4ff143c6-50f2-4e4d-905e-355cf001dd7b,No escape,b15d659b-48c4-479c-bf8b-939359e89b81,FINISHED,7ef9c05d-0bc6-44a4-b5d9-be01d305141d,13.0,2026-09-05T16:00:08.706Z,116d7418-d0d3-47c1-95a1-83c96eb53f38,e3be0c1a-33fa-4825-993f-8d84b55c47c0,2,8,0.0,,44f45e9e-254d-41f0-b1c8-fe3351707a56,9357ea2e-af38-453d-9c2f-b828d5ccdfb6,8.0,12.0,0.0,,True,False,bb2a8efe-f745-4f44-94ee-831d41404935
Middle-Earth SBG Turniej Master 'Zadyma na Południu' Parowy 2x500 pkt [STREFA],4ff143c6-50f2-4e4d-905e-355cf001dd7b,No escape,b15d659b-48c4-479c-bf8b-939359e89b81,FINISHED,bf76e742-882b-431e-bd48-5229aac7fd71,14.0,2026-09-05T16:00:08.706Z,087b5745-d264-4688-939f-f73ce2750ef0,d9d49e1f-dcbf-436c-b0b4-7fa2397c509f,0,2,0.0,,b04a47d2-c985-42d9-89b1-508093a6cb13,4e8fbce8-9600-4b61-af86-6731e366fce3,10.0,9.0,0.0,,False,True,7d79e669-7010-4328-bbf5-3f7203dddd9a
Middle-Earth SBG Turniej Master 'Zadyma na Południu' Parowy 2x500 pkt [STREFA],4ff143c6-50f2-4e4d-905e-355cf001dd7b,No escape,b15d659b-48c4-479c-bf8b-939359e89b81,FINISHED,a3da1917-5a9a-44e7-b0c3-93f633728ed2,15.0,2026-09-05T16:00:08.706Z,8c82c74a-75a8-4cef-b528-6d0dd53d9beb,0231b3c3-fb2b-4033-8dd3-bf98d9e29410,0,2,0.0,,9093d81c-0d2c-4ff5-9375-93e01e3501a4,7d79e669-7010-4328-bbf5-3f7203dddd9a,10.0,9.0,0.0,,False,True,7d79e669-7010-4328-bbf5-3f7203dddd9a
Middle-Earth SBG Turniej Master 'Zadyma na Południu' Parowy 2x500 pkt [STREFA],4ff143c6-50f2-4e4d-905e-355cf001dd7b,No escape,b15d659b-48c4-479c-bf8b-939359e89b81,FINISHED,387163f0-883e-4794-ab59-722264df631d,16.0,2026-09-05T16:00:08.706Z,8a8d3ede-cdfd-4574-873c-1a734df6607c,9d5bc521-d1ac-416e-952c-926b6aef9e60,8,14,0.0,,7c21754e-8889-4728-a75b-82639c3c8c9d,081b732c-68ef-4404-bf2c-b56519b96acd,2.0,8.0,0.0,,True,False,b6f0e023-257d-472b-af43-78e56d559cae
Middle-Earth SBG Turniej Master 'Zadyma na Południu' Parowy 2x500 pkt [STREFA],4ff143c6-50f2-4e4d-905e-355cf001dd7b,No escape,b15d659b-48c4-479c-bf8b-939359e89b81,FINISHED,3b9f89a1-df74-446f-951f-b19662c90fd6,17.0,2026-09-05T16:00:08.706Z,6a1ffe7b-38cc-4899-bbdb-d62229091c4f,b6f0e023-257d-472b-af43-78e56d559cae,8,14,0.0,,16b5b959-f8c9-4221-9ead-b3161c4a9b69,4c85220b-667f-4d0b-b719-9c9ae145792d,2.0,8.0,0.0,,True,False,b6f0e023-257d-472b-af43-78e56d559cae
Middle-Earth SBG Turniej Master 'Zadyma na Południu' Parowy 2x500 pkt [STREFA],4ff143c6-50f2-4e4d-905e-355cf001dd7b,No escape,b15d659b-48c4-479c-bf8b-939359e89b81,FINISHED,a47b06e1-bcce-4151-91db-40e181082d29,18.0,2026-09-05T16:00:08.706Z,2f7360c0-cd65-408e-80b5-b4f3c3b30964,97ef4386-ccac-4659-b7e7-c37ecff7f03c,10,10,0.0,,0f70cb16-48e0-46ab-8e51-17398a1d9569,22a23162-8fd8-4dcc-833c-430aafa67491,0.0,2.0,0.0,,True,False,97ef4386-ccac-4659-b7e7-c37ecff7f03c
Middle-Earth SBG Turniej Master 'Zadyma na Południu' Parowy 2x500 pkt [STREFA],4ff143c6-50f2-4e4d-905e-355cf001dd7b,No escape,b15d659b-48c4-479c-bf8b-939359e89b81,FINISHED,67445ab9-bd08-406c-bea7-44c3fec643ef,19.0,2026-09-05T16:00:08.706Z,35df0868-ac6d-44bd-af9e-d62a85bcc357,396741ce-3694-4877-9603-fe19efd6284f,10,10,0.0,,8616a093-b338-46d0-8a87-b06bd76eaed7,6e8fd6ad-52e1-4877-84dc-2fce2d7ab7da,0.0,2.0,0.0,,True,False,97ef4386-ccac-4659-b7e7-c37ecff7f03c
Middle-Earth SBG Turniej Master 'Zadyma na Południu' Parowy 2x500 pkt [STREFA],4ff143c6-50f2-4e4d-905e-355cf001dd7b,No escape,b15d659b-48c4-479c-bf8b-939359e89b81,FINISHED,6e926200-e40b-4bd7-807b-8754a74ff46d,20.0,2026-09-05T16:00:08.706Z,a2f44158-6f93-41f2-b960-81a1cb3716ce,cd905d3f-c042-479b-81f6-61d3ffcc713f,0,1,0.0,,6cb9eea5-c53c-484e-ae6d-9e423223ed8a,5f55d7f6-e77c-45a0-b083-60691560a665,10.0,15.0,0.0,,False,True,5f55d7f6-e77c-45a0-b083-60691560a665
Middle-Earth SBG Turniej Master 'Zadyma na Południu' Parowy 2x500 pkt [STREFA],4ff143c6-50f2-4e4d-905e-355cf001dd7b,No escape,b15d659b-48c4-479c-bf8b-939359e89b81,FINISHED,98f69b00-9569-4eca-b0bc-c50eb5b5b63e,21.0,2026-09-05T16:00:08.706Z,5ed8d0db-5e78-4542-811c-32d5078dc66e,780e8297-2cf1-4ac2-89bd-e9dd5ece6347,0,1,0.0,,972d1637-556e-4389-b9b8-9204b8823bd7,4312b892-eb2e-491a-b14a-6f7cff1ab128,10.0,15.0,0.0,,False,True,5f55d7f6-e77c-45a0-b083-60691560a665
Middle-Earth SBG Turniej Master 'Zadyma na Południu' Parowy 2x500 pkt [STREFA],4ff143c6-50f2-4e4d-905e-355cf001dd7b,No escape,b15d659b-48c4-479c-bf8b-939359e89b81,FINISHED,8b8576bc-0aa4-44a8-a090-ec1fced11006,22.0,2026-09-05T16:00:08.706Z,c4a1d421-5df2-42b0-bbce-180aa42f8a09,55b3019a-a7e5-4c3c-9c51-0643513d2296,10,16,0.0,,0b27a43b-6165-4e96-9810-25b0e9156a3e,7129c934-aacc-4988-9527-976c04e381ac,0.0,2.0,0.0,,True,False,55b3019a-a7e5-4c3c-9c51-0643513d2296
Middle-Earth SBG Turniej Master 'Zadyma na Południu' Parowy 2x500 pkt [STREFA],4ff143c6-50f2-4e4d-905e-355cf001dd7b,No escape,b15d659b-48c4-479c-bf8b-939359e89b81,FINISHED,9eddfd8d-94f8-453f-baba-566bde47f46c,23.0,2026-09-05T16:00:08.706Z,0710b9e9-ac70-476d-9444-297c65bcb5f2,13e9bcf5-c291-4537-b0aa-29592b68612f,10,16,0.0,,b5f0c4f8-4320-42fa-8c8d-d98d947061d7,869300c0-1611-4a41-84e8-bb7e3afa22f9,0.0,2.0,0.0,,True,False,55b3019a-a7e5-4c3c-9c51-0643513d2296
Middle-Earth SBG Turniej Master 'Zadyma na Południu' Parowy 2x500 pkt [STREFA],4ff143c6-50f2-4e4d-905e-355cf001dd7b,No escape,b15d659b-48c4-479c-bf8b-939359e89b81,FINISHED,68d69d0b-c53a-47e0-8ec9-28b38cf63ab3,24.0,2026-09-05T16:00:08.706Z,8ce96fd3-b209-4a85-9969-77212eaaf256,6841eef6-931a-4375-ae1b-79843a97a82e,5,13,0.0,,b8ac2b5b-916d-4b40-b89f-f9dbadf5a753,d0cc3137-fab5-4977-bfac-cf0a791bd9b0,5.0,13.0,0.0,,False,True,d0cc3137-fab5-4977-bfac-cf0a791bd9b0
Middle-Earth SBG Turniej Master 'Zadyma na Południu' Parowy 2x500 pkt [STREFA],4ff143c6-50f2-4e4d-905e-355cf001dd7b,No escape,b15d659b-48c4-479c-bf8b-939359e89b81,FINISHED,152c376c-44cd-44b7-8efe-78d6bec8bebe,25.0,2026-09-05T16:00:08.706Z,51d3d8d8-3183-4b59-b328-d382d5d6c7b6,9eaf0945-81fd-494b-be1f-3b6f349ce991,5,13,0.0,,2ee846a1-ed20-42b2-a9b0-fe439e438f7a,d7deccf7-cc03-46b4-a9a0-6e6e66317298,5.0,13.0,0.0,,False,True,d0cc3137-fab5-4977-bfac-cf0a791bd9b0
Middle-Earth SBG Turniej Master 'Zadyma na Południu' Parowy 2x500 pkt [STREFA],4ff143c6-50f2-4e4d-905e-355cf001dd7b,No escape,b15d659b-48c4-479c-bf8b-939359e89b81,FINISHED,ba93bb33-12ba-4fe5-944a-51077660ec9e,26.0,2026-09-05T16:00:08.706Z,2aa320d0-ae95-4558-a81e-a0fd8842ad33,414fda48-9033-4287-8354-97a00a0f05f7,2,5,0.0,,111a6267-8fd8-4cb1-9dab-3e668b7791ad,9c29cb2b-a332-4f36-bdf5-25547137af04,8.0,8.0,0.0,,False,True,9c29cb2b-a332-4f36-bdf5-25547137af04
Middle-Earth SBG Turniej Master 'Zadyma na Południu' Parowy 2x500 pkt [STREFA],4ff143c6-50f2-4e4d-905e-355cf001dd7b,No escape,b15d659b-48c4-479c-bf8b-939359e89b81,FINISHED,f0922500-1f1b-4922-903d-f276c84577e7,27.0,2026-09-05T16:00:08.706Z,219bf8a4-78e8-4d73-bdad-e8fa0a7c1258,83253c68-f02c-46cf-86c7-4e574c79154b,2,5,0.0,,f557acbb-96ee-44c0-9c75-0bd3836d06ad,ab24072d-40f0-4652-ac6b-78f65a335d34,8.0,8.0,0.0,,False,True,9c29cb2b-a332-4f36-bdf5-25547137af04
Middle-Earth SBG Turniej Master 'Zadyma na Południu' Parowy 2x500 pkt [STREFA],4ff143c6-50f2-4e4d-905e-355cf001dd7b,No escape,b15d659b-48c4-479c-bf8b-939359e89b81,FINISHED,4b79b8a7-b7c7-4ce2-95be-ef92b30def3b,28.0,2026-09-05T16:00:08.706Z,02ca384a-6ada-4257-84a3-894b9c374ec4,cd36b01c-87a1-47c9-b877-a65940b24b12,10,15,0.0,,1b2e11bc-1c3e-4833-93bd-dc5a5dc05b6a,8ff29fce-8c75-4248-858e-93b2df913982,0.0,2.0,0.0,,True,False,cd36b01c-87a1-47c9-b877-a65940b24b12
Middle-Earth SBG Turniej Master 'Zadyma na Południu' Parowy 2x500 pkt [STREFA],4ff143c6-50f2-4e4d-905e-355cf001dd7b,No escape,b15d659b-48c4-479c-bf8b-939359e89b81,FINISHED,b2a2ca9f-628c-480f-bf46-0ff2d66512bb,29.0,2026-09-05T16:00:08.706Z,8b1dfdb5-cdf5-4b6f-bfdd-dac87fde123e,987fa345-8622-4702-a59f-71f0c10c6e0a,10,15,0.0,,9e13c6de-33dd-491d-ae1a-a7a4cb6e925a,b443bdaf-6c91-40ca-a80f-57f61aefd0ac,0.0,2.0,0.0,,True,False,cd36b01c-87a1-47c9-b877-a65940b24b12
Middle-Earth SBG Turniej Master 'Zadyma na Południu' Parowy 2x500 pkt [STREFA],4ff143c6-50f2-4e4d-905e-355cf001dd7b,No escape,b15d659b-48c4-479c-bf8b-939359e89b81,FINISHED,6a67295d-af8d-4f0c-b365-e21a108f7cbd,30.0,2026-09-05T16:00:08.706Z,99c8d640-39cd-42c3-993d-a9948ecb2b30,9aa518b2-55c0-4256-81fb-8a37c9451c39,8,8,0.0,,ca93b47e-ad64-4d5e-a3e2-fe7c4e77b50c,ef720739-17ce-42ec-a9fb-2c6e361af86f,2.0,6.0,0.0,,True,False,26e6a6e5-8ef2-4c08-8e4f-b89566241f24
Middle-Earth SBG Turniej Master 'Zadyma na Południu' Parowy 2x500 pkt [STREFA],4ff143c6-50f2-4e4d-905e-355cf001dd7b,No escape,b15d659b-48c4-479c-bf8b-939359e89b81,FINISHED,368fa16b-5b22-49d2-9f30-2ba19baf4111,31.0,2026-09-05T16:00:08.706Z,577b5e8c-5330-4c6c-b05b-cc6eb8bfc1ed,26e6a6e5-8ef2-4c08-8e4f-b89566241f24,8,8,0.0,,0df6b8f9-5614-48b9-9d87-79d727b67920,a66f5a56-1f3b-4944-9a2b-040faa0061e5,2.0,6.0,0.0,,True,False,26e6a6e5-8ef2-4c08-8e4f-b89566241f24
Middle-Earth SBG Turniej Master 'Zadyma na Południu' Parowy 2x500 pkt [STREFA],4ff143c6-50f2-4e4d-905e-355cf001dd7b,No escape,b15d659b-48c4-479c-bf8b-939359e89b81,FINISHED,d0d21feb-c9cd-4964-a557-a3c3a2c0f450,32.0,2026-09-05T16:00:08.706Z,b01b055e-4084-432c-bdd8-f7a9d1869771,1b3a7062-b9d5-4a5a-b5b4-47543d96425e,0,2,0.0,,09e06ff8-53c0-4b59-a81c-d9da655caa08,ef46c5bc-e9ab-450b-85f5-4b88323ef1b8,10.0,10.0,0.0,,False,True,ef46c5bc-e9ab-450b-85f5-4b88323ef1b8
Middle-Earth SBG Turniej Master 'Zadyma na Południu' Parowy 2x500 pkt [STREFA],4ff143c6-50f2-4e4d-905e-355cf001dd7b,No escape,b15d659b-48c4-479c-bf8b-939359e89b81,FINISHED,dcd105cd-9ff9-4ee7-9ce2-6ba5eeef28f0,33.0,2026-09-05T16:00:08.706Z,114008d1-b065-4baf-bf12-59f236024696,7ca2b5ee-c648-4e98-bcba-50d159612ecc,0,2,0.0,,93f633b8-581a-46b8-a9f0-cd645f81f981,15e5a444-91c2-43fe-8b7b-c927354ca51a,10.0,10.0,0.0,,False,True,ef46c5bc-e9ab-450b-85f5-4b88323ef1b8
Middle-Earth SBG Turniej Master 'Zadyma na Południu' Parowy 2x500 pkt [STREFA],4ff143c6-50f2-4e4d-905e-355cf001dd7b,No escape,b15d659b-48c4-479c-bf8b-939359e89b81,FINISHED,1ffaf8c8-3b12-4d77-832d-dc7147a98a0e,34.0,2026-09-05T16:00:08.706Z,ca63fdde-0abf-425f-8d4e-e6da5b4a50ab,7f22159a-00df-4a00-9aa9-2f36d60d2455,2,8,0.0,,c9894710-636f-4930-98e3-23ed8243aa6b,f99a3381-e709-4e72-a4f6-e9f96240c428,8.0,11.0,0.0,,False,True,ab63d4ea-e622-4b2d-8ad2-38b15679c94f
Middle-Earth SBG Turniej Master 'Zadyma na Południu' Parowy 2x500 pkt [STREFA],4ff143c6-50f2-4e4d-905e-355cf001dd7b,No escape,b15d659b-48c4-479c-bf8b-939359e89b81,FINISHED,ec47d27d-ae28-4758-b2b6-c0848248ad2b,35.0,2026-09-05T16:00:08.706Z,524ee434-280a-41e8-9f43-3d2b4211de21,1e4b9bdf-6062-4736-aef3-52bc568f8803,2,8,0.0,,168725e6-27a7-4e07-a643-bf458ca467d5,ab63d4ea-e622-4b2d-8ad2-38b15679c94f,8.0,11.0,0.0,,False,True,ab63d4ea-e622-4b2d-8ad2-38b15679c94f
Middle-Earth SBG Turniej Master 'Zadyma na Południu' Parowy 2x500 pkt [STREFA],4ff143c6-50f2-4e4d-905e-355cf001dd7b,No escape,b15d659b-48c4-479c-bf8b-939359e89b81,FINISHED,528ce84d-552b-47df-b7fd-9fe5365fd3f1,36.0,2026-09-05T16:00:08.706Z,6ed30177-8ae0-4710-9307-bc758a7dff6f,bddd8ac9-5247-4f0a-9a17-4ac7bea1812a,0,0,0.0,,957d7e7b-d770-435b-b793-b5e1152df5bb,4d2a70a2-c8e1-4ab9-a886-3a945d216f71,10.0,20.0,0.0,,False,True,4d2a70a2-c8e1-4ab9-a886-3a945d216f71
Middle-Earth SBG Turniej Master 'Zadyma na Południu' Parowy 2x500 pkt [STREFA],4ff143c6-50f2-4e4d-905e-355cf001dd7b,No escape,b15d659b-48c4-479c-bf8b-939359e89b81,FINISHED,ba8218de-8896-4001-8211-14ac3d2a66eb,37.0,2026-09-05T16:00:08.706Z,7cd3ab17-63e7-4b08-a00a-9da8dd8b18a4,bcef8b98-d13e-41a3-a8d0-86063d765955,0,0,0.0,,e6e78c52-d2a5-4fea-8fbe-73fa394c3edf,13a4ddbb-8db9-4160-b1e8-372365ed4e8d,10.0,20.0,0.0,,False,True,4d2a70a2-c8e1-4ab9-a886-3a945d216f71
Middle-Earth SBG Turniej Master 'Zadyma na Południu' Parowy 2x500 pkt [STREFA],4ff143c6-50f2-4e4d-905e-355cf001dd7b,No escape,b15d659b-48c4-479c-bf8b-939359e89b81,FINISHED,2c95aaca-a84e-4748-8b33-d09e5741cdf2,38.0,2026-09-05T16:00:08.706Z,43203ae7-a24c-4f9e-b8b4-8d3d22700d8f,7918000f-f66c-4750-b2c6-3277bc3bfcd3,0,6,0.0,,3841eac8-9a18-4828-9867-348a74039400,f6f2e7ef-8125-4bd0-90cb-7e6220d6af31,10.0,12.0,0.0,,False,True,f6f2e7ef-8125-4bd0-90cb-7e6220d6af31
Middle-Earth SBG Turniej Master 'Zadyma na Południu' Parowy 2x500 pkt [STREFA],4ff143c6-50f2-4e4d-905e-355cf001dd7b,No escape,b15d659b-48c4-479c-bf8b-939359e89b81,FINISHED,fd53388e-8033-489a-b0a8-490567943ef2,39.0,2026-09-05T16:00:08.706Z,c79864aa-b246-4bde-b297-0bc9da5ff20c,0d4776d9-63a3-4ffe-989f-ca6e8925fa18,0,6,0.0,,314c7bc5-4450-4768-a083-589897483f13,289932ee-6bb1-405e-b6d8-4ff67f3a7cbe,10.0,12.0,0.0,,False,True,f6f2e7ef-8125-4bd0-90cb-7e6220d6af31
Middle-Earth SBG Turniej Master 'Zadyma na Południu' Parowy 2x500 pkt [STREFA],4ff143c6-50f2-4e4d-905e-355cf001dd7b,No escape,b15d659b-48c4-479c-bf8b-939359e89b81,FINISHED,1661f380-26ff-41a8-9460-c8cc47570770,40.0,2026-09-05T16:00:08.706Z,1dc8bf6b-ed9d-4cdb-8f76-5b405118932b,5587f9c3-e27b-41f9-99ce-eaccfd5412b7,8,9,0.0,,d3f50417-89f7-4d7a-aef3-ccf71ded2016,12fc8435-48b6-4a57-a152-4d7ee21ce225,2.0,5.0,0.0,,False,True,12fc8435-48b6-4a57-a152-4d7ee21ce225
Middle-Earth SBG Turniej Master 'Zadyma na Południu' Parowy 2x500 pkt [STREFA],4ff143c6-50f2-4e4d-905e-355cf001dd7b,No escape,b15d659b-48c4-479c-bf8b-939359e89b81,FINISHED,a29ecdc4-53fe-4b5b-b4e5-0507fbd60c46,41.0,2026-09-05T16:00:08.706Z,7a0de3ad-df5c-432f-984d-6647f1db11d0,df869225-dad8-4de4-95f0-490294e03a8e,8,9,0.0,,613cfa8d-8167-4bab-a6ac-49509a9960fb,fd047df3-d1f4-4839-9e70-ac327abff337,2.0,5.0,0.0,,False,True,12fc8435-48b6-4a57-a152-4d7ee21ce225
Middle-Earth SBG Turniej Master 'Zadyma na Południu' Parowy 2x500 pkt [STREFA],4ff143c6-50f2-4e4d-905e-355cf001dd7b,No escape,b15d659b-48c4-479c-bf8b-939359e89b81,FINISHED,da030caf-372a-41bc-8e1d-bd98a5248ec0,,2026-09-05T16:00:08.706Z,a9cb0347-169c-4fa9-9f93-75b2ee82371b,40eca01a-ba05-4c54-afa1-205dbb9e86dc,10,20,,,,,,,,,False,False,3723b773-cadb-46d3-8758-e1260476e981
Middle-Earth SBG Turniej Master 'Zadyma na Południu' Parowy 2x500 pkt [STREFA],4ff143c6-50f2-4e4d-905e-355cf001dd7b,No escape,b15d659b-48c4-479c-bf8b-939359e89b81,FINISHED,ebe3ace9-2e8b-47d7-a228-6e068fa61f81,,2026-09-05T16:00:08.706Z,ae60b363-d7aa-4270-8992-36e83ef9901c,7783babb-c470-4763-80c7-8e6bd277ded8,10,20,,,,,,,,,False,False,3723b773-cadb-46d3-8758-e1260476e981
Middle-Earth SBG Turniej Master 'Zadyma na Południu' Parowy 2x500 pkt [STREFA],4ff143c6-50f2-4e4d-905e-355cf001dd7b,Cornered,8543f764-e0b2-4a6f-b5b3-fe85cc2adba6,FINISHED,ec04219d-698f-48e4-b67c-d33b39073ca7,0.0,2026-09-05T18:43:28.520Z,99cee23e-9cd2-48dc-a558-c3256fe46a67,97c5e5bc-7502-4f16-9c1b-53ead4fab5b2,0,0,0.0,,368609e3-1853-49e7-b3ad-3b3109c4a03e,6a2a00f2-2511-49bb-abf4-034ba4382126,10.0,20.0,0.0,,False,True,6a2a00f2-2511-49bb-abf4-034ba4382126
Middle-Earth SBG Turniej Master 'Zadyma na Południu' Parowy 2x500 pkt [STREFA],4ff143c6-50f2-4e4d-905e-355cf001dd7b,Cornered,8543f764-e0b2-4a6f-b5b3-fe85cc2adba6,FINISHED,9e354fab-6059-4e21-b9d8-32f266114d21,1.0,2026-09-05T18:43:28.520Z,fbef3460-31fe-4679-a46d-d840c84068a8,c451779b-6172-4e1a-acbd-1b387949849d,0,0,0.0,,eabd7b95-e2c3-4b30-a551-e2cd885aedc9,d96af431-77bb-4909-bb15-61df62e81b15,10.0,20.0,0.0,,False,True,6a2a00f2-2511-49bb-abf4-034ba4382126
Middle-Earth SBG Turniej Master 'Zadyma na Południu' Parowy 2x500 pkt [STREFA],4ff143c6-50f2-4e4d-905e-355cf001dd7b,Cornered,8543f764-e0b2-4a6f-b5b3-fe85cc2adba6,FINISHED,682310d9-4e51-4283-a14e-018490631e5a,2.0,2026-09-05T18:43:28.520Z,3b4f5778-f8b9-4892-b068-88cfc3a04f73,224b8d3d-7e1f-4095-853a-088883879195,2,6,0.0,,81228309-444c-4cc6-ae4c-aa25164a0ae5,beec30f8-4a47-431b-b7ed-e7f37e95bbbc,8.0,9.0,0.0,,False,True,beec30f8-4a47-431b-b7ed-e7f37e95bbbc
Middle-Earth SBG Turniej Master 'Zadyma na Południu' Parowy 2x500 pkt [STREFA],4ff143c6-50f2-4e4d-905e-355cf001dd7b,Cornered,8543f764-e0b2-4a6f-b5b3-fe85cc2adba6,FINISHED,e80dc1c2-6bb3-4117-9502-d50dd43a2a1c,3.0,2026-09-05T18:43:28.520Z,b09e1c63-2a80-4f46-aaeb-efff90b32d46,e0392558-e263-4874-b380-e33152fcecbe,2,6,0.0,,62978a8c-4f35-48fd-9b76-6ee14dcb413f,5f6a7ffa-1a94-4176-a2f0-42f18d04a39e,8.0,9.0,0.0,,False,True,beec30f8-4a47-431b-b7ed-e7f37e95bbbc
Middle-Earth SBG Turniej Master 'Zadyma na Południu' Parowy 2x500 pkt [STREFA],4ff143c6-50f2-4e4d-905e-355cf001dd7b,Cornered,8543f764-e0b2-4a6f-b5b3-fe85cc2adba6,FINISHED,0fff6416-c2a5-4df5-9f1c-d2cbb84077eb,4.0,2026-09-05T18:43:28.520Z,6bde551c-61e1-4550-9d1c-3c718c60a9df,8e40b208-0e62-4a37-8228-f003566dc4a7,10,16,0.0,,9309cb78-80b8-4d34-b8b8-5c4198a54856,1279e92f-2cd2-4ab8-855a-9630a43d2c60,0.0,4.0,0.0,,True,False,7fa5ba4b-28df-44e8-a4f2-d87072e98a2b
Middle-Earth SBG Turniej Master 'Zadyma na Południu' Parowy 2x500 pkt [STREFA],4ff143c6-50f2-4e4d-905e-355cf001dd7b,Cornered,8543f764-e0b2-4a6f-b5b3-fe85cc2adba6,FINISHED,689692a2-3c1f-4e37-a815-7c36493a21b3,5.0,2026-09-05T18:43:28.520Z,4d0e3c87-b635-4238-8cdb-a8f21219d262,7fa5ba4b-28df-44e8-a4f2-d87072e98a2b,10,16,0.0,,92aa7297-05ad-4f4a-8175-15daf4823b84,804c4802-b3bc-41ec-9f1b-de92ffe4897e,0.0,4.0,0.0,,True,False,7fa5ba4b-28df-44e8-a4f2-d87072e98a2b
Middle-Earth SBG Turniej Master 'Zadyma na Południu' Parowy 2x500 pkt [STREFA],4ff143c6-50f2-4e4d-905e-355cf001dd7b,Cornered,8543f764-e0b2-4a6f-b5b3-fe85cc2adba6,FINISHED,fd8236bd-cd20-4aad-9b57-5778504c433c,6.0,2026-09-05T18:43:28.520Z,bfb1eeef-c1df-422b-af41-b674e4d124d6,51c53f0a-7c74-4860-96d3-8323febbe75b,0,5,0.0,,54d718e3-6fb7-430e-b9b3-6fa94339dd10,7d79e669-7010-4328-bbf5-3f7203dddd9a,10.0,13.0,0.0,,False,True,7d79e669-7010-4328-bbf5-3f7203dddd9a
Middle-Earth SBG Turniej Master 'Zadyma na Południu' Parowy 2x500 pkt [STREFA],4ff143c6-50f2-4e4d-905e-355cf001dd7b,Cornered,8543f764-e0b2-4a6f-b5b3-fe85cc2adba6,FINISHED,af4da472-52a0-47df-8b25-4615c3674299,7.0,2026-09-05T18:43:28.520Z,0b076ac1-3c99-4ec8-9068-d8d3d0d2e205,2fa7f179-c8a2-4ee8-913e-2bcfb9ea1f59,0,5,0.0,,ae5c9015-788a-40e4-80f7-3213b6a59e56,4e8fbce8-9600-4b61-af86-6731e366fce3,10.0,13.0,0.0,,False,True,7d79e669-7010-4328-bbf5-3f7203dddd9a
Middle-Earth SBG Turniej Master 'Zadyma na Południu' Parowy 2x500 pkt [STREFA],4ff143c6-50f2-4e4d-905e-355cf001dd7b,Cornered,8543f764-e0b2-4a6f-b5b3-fe85cc2adba6,FINISHED,f2974eed-5f03-45ac-a647-3fc2a172b150,8.0,2026-09-05T18:43:28.520Z,386bbe45-4b13-4458-8ce3-7e3e989922df,396741ce-3694-4877-9603-fe19efd6284f,0,5,0.0,,11cbd7aa-3110-41e9-b95c-20f14b098d55,475ff286-fcbc-4c49-bac5-e3002c4bdf14,10.0,15.0,0.0,,False,True,813e33d8-2b98-45ed-8c3c-00af33dd4697
Middle-Earth SBG Turniej Master 'Zadyma na Południu' Parowy 2x500 pkt [STREFA],4ff143c6-50f2-4e4d-905e-355cf001dd7b,Cornered,8543f764-e0b2-4a6f-b5b3-fe85cc2adba6,FINISHED,e309f851-b1f0-4a25-831d-73a4b362f829,9.0,2026-09-05T18:43:28.520Z,34b7bac6-d09f-476e-9923-a1d3cfd186aa,97ef4386-ccac-4659-b7e7-c37ecff7f03c,0,5,0.0,,6a5411d5-6e39-4765-aa0d-fb8fd48a4270,813e33d8-2b98-45ed-8c3c-00af33dd4697,10.0,15.0,0.0,,False,True,813e33d8-2b98-45ed-8c3c-00af33dd4697
Middle-Earth SBG Turniej Master 'Zadyma na Południu' Parowy 2x500 pkt [STREFA],4ff143c6-50f2-4e4d-905e-355cf001dd7b,Cornered,8543f764-e0b2-4a6f-b5b3-fe85cc2adba6,FINISHED,2b58669b-0372-4f07-a161-0fc999844b78,10.0,2026-09-05T18:43:28.520Z,b53cdefc-1c2b-484c-907c-3d71681da946,57cefe9a-fa1b-45a6-a166-3e94e0d12d49,0,4,0.0,,e2ee8360-05be-4035-9ddc-781b12e5acaf,9d5bc521-d1ac-416e-952c-926b6aef9e60,10.0,13.0,0.0,,False,True,b6f0e023-257d-472b-af43-78e56d559cae
Middle-Earth SBG Turniej Master 'Zadyma na Południu' Parowy 2x500 pkt [STREFA],4ff143c6-50f2-4e4d-905e-355cf001dd7b,Cornered,8543f764-e0b2-4a6f-b5b3-fe85cc2adba6,FINISHED,08afae02-800c-4efc-8c38-e3291f564d19,11.0,2026-09-05T18:43:28.520Z,e4e8c374-0a85-47cf-8eea-ae120a868a3a,9357ea2e-af38-453d-9c2f-b828d5ccdfb6,0,4,0.0,,19d63299-9335-4dd9-a1bc-aec75084eab7,b6f0e023-257d-472b-af43-78e56d559cae,10.0,13.0,0.0,,False,True,b6f0e023-257d-472b-af43-78e56d559cae
Middle-Earth SBG Turniej Master 'Zadyma na Południu' Parowy 2x500 pkt [STREFA],4ff143c6-50f2-4e4d-905e-355cf001dd7b,Cornered,8543f764-e0b2-4a6f-b5b3-fe85cc2adba6,FINISHED,21b73897-0e41-41a6-979e-9c196f8ba77d,12.0,2026-09-05T18:43:28.520Z,9842be95-2ed2-4c16-afb0-aace7fe9e344,5f55d7f6-e77c-45a0-b083-60691560a665,8,9,0.0,,318dbcee-3910-4ce7-b986-57fe0157c27f,d46af0a2-c60d-45ef-9286-540bdc4ee510,2.0,6.0,0.0,,True,False,5f55d7f6-e77c-45a0-b083-60691560a665
Middle-Earth SBG Turniej Master 'Zadyma na Południu' Parowy 2x500 pkt [STREFA],4ff143c6-50f2-4e4d-905e-355cf001dd7b,Cornered,8543f764-e0b2-4a6f-b5b3-fe85cc2adba6,FINISHED,fbf8d370-502d-455b-8e5c-d64023d89d00,13.0,2026-09-05T18:43:28.520Z,34227c7b-20c9-42bf-958c-f345be51484d,4312b892-eb2e-491a-b14a-6f7cff1ab128,8,9,0.0,,0df0d5de-9295-4d66-8f94-75bca8b0e6e5,dd081a04-8bbb-4409-aed7-f6ceedf4d7d0,2.0,6.0,0.0,,True,False,5f55d7f6-e77c-45a0-b083-60691560a665
Middle-Earth SBG Turniej Master 'Zadyma na Południu' Parowy 2x500 pkt [STREFA],4ff143c6-50f2-4e4d-905e-355cf001dd7b,Cornered,8543f764-e0b2-4a6f-b5b3-fe85cc2adba6,FINISHED,4c9240b2-bb47-43a7-9198-a2f0efba1013,14.0,2026-09-05T18:43:28.520Z,5f36c685-84e3-45cc-9fa8-01ed964513f2,222c2b52-47fd-4345-a6ec-a83ee05ccb12,8,11,0.0,,a5c0e839-636b-4d92-88fa-778c58af1195,55b3019a-a7e5-4c3c-9c51-0643513d2296,2.0,9.0,0.0,,True,False,76870d30-055b-4a89-a141-78ef032269f2
Middle-Earth SBG Turniej Master 'Zadyma na Południu' Parowy 2x500 pkt [STREFA],4ff143c6-50f2-4e4d-905e-355cf001dd7b,Cornered,8543f764-e0b2-4a6f-b5b3-fe85cc2adba6,FINISHED,05c9a31c-3ca8-4ae4-9379-18be9db43ac5,15.0,2026-09-05T18:43:28.520Z,fa82ada0-073c-4a45-aed8-551e484259d6,76870d30-055b-4a89-a141-78ef032269f2,8,11,0.0,,7982f4fe-1d88-47bc-b001-02266e42ebe8,13e9bcf5-c291-4537-b0aa-29592b68612f,2.0,9.0,0.0,,True,False,76870d30-055b-4a89-a141-78ef032269f2
Middle-Earth SBG Turniej Master 'Zadyma na Południu' Parowy 2x500 pkt [STREFA],4ff143c6-50f2-4e4d-905e-355cf001dd7b,Cornered,8543f764-e0b2-4a6f-b5b3-fe85cc2adba6,FINISHED,fcaed099-7578-49d2-aeb1-5313c647154d,16.0,2026-09-05T18:43:28.520Z,52ac8e50-23fb-40ae-8925-ed8eb7c12554,bb2a8efe-f745-4f44-94ee-831d41404935,10,16,0.0,,808cf597-0605-4554-bc2d-9ef9b5194c5b,081b732c-68ef-4404-bf2c-b56519b96acd,0.0,2.0,0.0,,True,False,bb2a8efe-f745-4f44-94ee-831d41404935
Middle-Earth SBG Turniej Master 'Zadyma na Południu' Parowy 2x500 pkt [STREFA],4ff143c6-50f2-4e4d-905e-355cf001dd7b,Cornered,8543f764-e0b2-4a6f-b5b3-fe85cc2adba6,FINISHED,8ad2e30c-adc5-4a9c-b4ed-5574926ad3fb,17.0,2026-09-05T18:43:28.520Z,d4cce391-63c0-4fbb-992b-f0d7cb21c2f2,e3be0c1a-33fa-4825-993f-8d84b55c47c0,10,16,0.0,,cbf18a5f-fd70-41bc-b781-bdf58152ec07,4c85220b-667f-4d0b-b719-9c9ae145792d,0.0,2.0,0.0,,True,False,bb2a8efe-f745-4f44-94ee-831d41404935
Middle-Earth SBG Turniej Master 'Zadyma na Południu' Parowy 2x500 pkt [STREFA],4ff143c6-50f2-4e4d-905e-355cf001dd7b,Cornered,8543f764-e0b2-4a6f-b5b3-fe85cc2adba6,FINISHED,ad41899f-a376-4cd2-ad30-db1da2542f10,18.0,2026-09-05T18:43:28.520Z,10ea2ca6-6c8a-46e8-99d2-5868be824edb,ff683689-6a31-40d7-8068-f1801f077caf,10,13,0.0,,594bbff5-f6f1-4175-a843-a9abe094af14,4edd7b4a-f5e4-4136-9363-aa93d7e9b8e3,0.0,2.0,0.0,,True,False,1857125d-c4f2-4a84-a26c-18ff4acbbcaf
Middle-Earth SBG Turniej Master 'Zadyma na Południu' Parowy 2x500 pkt [STREFA],4ff143c6-50f2-4e4d-905e-355cf001dd7b,Cornered,8543f764-e0b2-4a6f-b5b3-fe85cc2adba6,FINISHED,cc6743b8-27e2-489b-9715-8a7fcb5eac63,19.0,2026-09-05T18:43:28.520Z,b46f1c8c-c46f-4039-9c15-2e5c5b8e262d,1857125d-c4f2-4a84-a26c-18ff4acbbcaf,10,13,0.0,,4c630b41-be22-4e2c-8610-327a95322525,8cf73c83-a3a1-4dd6-8882-e8dd30912ab1,0.0,2.0,0.0,,True,False,1857125d-c4f2-4a84-a26c-18ff4acbbcaf
Middle-Earth SBG Turniej Master 'Zadyma na Południu' Parowy 2x500 pkt [STREFA],4ff143c6-50f2-4e4d-905e-355cf001dd7b,Cornered,8543f764-e0b2-4a6f-b5b3-fe85cc2adba6,FINISHED,2f64e121-f218-4ac2-a196-6d116cf4c17a,20.0,2026-09-05T18:43:28.520Z,81d8db92-2a5a-4848-80c3-98aabbb170b5,cd36b01c-87a1-47c9-b877-a65940b24b12,0,5,0.0,,bf92aa46-5b71-431e-8a04-f71081bc420c,d9d49e1f-dcbf-436c-b0b4-7fa2397c509f,10.0,15.0,0.0,,False,True,0231b3c3-fb2b-4033-8dd3-bf98d9e29410
Middle-Earth SBG Turniej Master 'Zadyma na Południu' Parowy 2x500 pkt [STREFA],4ff143c6-50f2-4e4d-905e-355cf001dd7b,Cornered,8543f764-e0b2-4a6f-b5b3-fe85cc2adba6,FINISHED,7c1502cd-e246-4279-8fb9-7972a7be1509,21.0,2026-09-05T18:43:28.520Z,537463d7-ac83-451b-828d-b63434645ecf,987fa345-8622-4702-a59f-71f0c10c6e0a,0,5,0.0,,c8d73b4f-ba5b-48f0-8f0a-fac702cc2189,0231b3c3-fb2b-4033-8dd3-bf98d9e29410,10.0,15.0,0.0,,False,True,0231b3c3-fb2b-4033-8dd3-bf98d9e29410
Middle-Earth SBG Turniej Master 'Zadyma na Południu' Parowy 2x500 pkt [STREFA],4ff143c6-50f2-4e4d-905e-355cf001dd7b,Cornered,8543f764-e0b2-4a6f-b5b3-fe85cc2adba6,FINISHED,f07ecea5-c5d8-4ae0-9569-802089b03c5e,22.0,2026-09-05T18:43:28.520Z,01ec7b93-a4e8-4bd4-a284-4f94ff0d7d2c,ef46c5bc-e9ab-450b-85f5-4b88323ef1b8,8,9,0.0,,e8aef741-e579-41a4-a808-1b59b6823a55,22a23162-8fd8-4dcc-833c-430aafa67491,2.0,6.0,0.0,,True,False,ef46c5bc-e9ab-450b-85f5-4b88323ef1b8
Middle-Earth SBG Turniej Master 'Zadyma na Południu' Parowy 2x500 pkt [STREFA],4ff143c6-50f2-4e4d-905e-355cf001dd7b,Cornered,8543f764-e0b2-4a6f-b5b3-fe85cc2adba6,FINISHED,c2242b20-d0cf-439e-b688-075cb93fc320,23.0,2026-09-05T18:43:28.520Z,4e77387d-1a4e-489c-a387-2a71360848ff,15e5a444-91c2-43fe-8b7b-c927354ca51a,8,9,0.0,,0d962e43-161a-4095-aada-4cda544ccd64,6e8fd6ad-52e1-4877-84dc-2fce2d7ab7da,2.0,6.0,0.0,,True,False,ef46c5bc-e9ab-450b-85f5-4b88323ef1b8
Middle-Earth SBG Turniej Master 'Zadyma na Południu' Parowy 2x500 pkt [STREFA],4ff143c6-50f2-4e4d-905e-355cf001dd7b,Cornered,8543f764-e0b2-4a6f-b5b3-fe85cc2adba6,FINISHED,e6c7fe67-391f-434b-9046-a89c08c916cb,24.0,2026-09-05T18:43:28.520Z,e269fdfc-576a-47bc-ac66-9b54985845a0,9c29cb2b-a332-4f36-bdf5-25547137af04,0,2,0.0,,e24d16d3-154c-4ed1-9033-abfc792e06ab,cd905d3f-c042-479b-81f6-61d3ffcc713f,10.0,18.0,0.0,,False,True,cd905d3f-c042-479b-81f6-61d3ffcc713f
Middle-Earth SBG Turniej Master 'Zadyma na Południu' Parowy 2x500 pkt [STREFA],4ff143c6-50f2-4e4d-905e-355cf001dd7b,Cornered,8543f764-e0b2-4a6f-b5b3-fe85cc2adba6,FINISHED,de5e2fba-cdb7-49f3-99c4-892800a192ce,25.0,2026-09-05T18:43:28.520Z,173d77c1-40ab-41f9-a17a-937b7a103bb9,ab24072d-40f0-4652-ac6b-78f65a335d34,0,2,0.0,,7260b776-f69c-4002-9236-43bf5eb21416,780e8297-2cf1-4ac2-89bd-e9dd5ece6347,10.0,18.0,0.0,,False,True,cd905d3f-c042-479b-81f6-61d3ffcc713f
Middle-Earth SBG Turniej Master 'Zadyma na Południu' Parowy 2x500 pkt [STREFA],4ff143c6-50f2-4e4d-905e-355cf001dd7b,Cornered,8543f764-e0b2-4a6f-b5b3-fe85cc2adba6,FINISHED,c02455ae-0dc5-451d-8d9a-9c56ffa1ca10,26.0,2026-09-05T18:43:28.520Z,25fe8f50-47a9-446f-b761-5e59ea11be1b,9aa518b2-55c0-4256-81fb-8a37c9451c39,8,8,0.0,,540bce6a-6291-45d7-a97c-8e4e34be5cc8,ab63d4ea-e622-4b2d-8ad2-38b15679c94f,2.0,5.0,0.0,,True,False,26e6a6e5-8ef2-4c08-8e4f-b89566241f24
Middle-Earth SBG Turniej Master 'Zadyma na Południu' Parowy 2x500 pkt [STREFA],4ff143c6-50f2-4e4d-905e-355cf001dd7b,Cornered,8543f764-e0b2-4a6f-b5b3-fe85cc2adba6,FINISHED,85058647-99ee-4f63-b607-7977d35182ee,27.0,2026-09-05T18:43:28.520Z,d3363b13-5596-427a-8276-f995ea1f5ad1,26e6a6e5-8ef2-4c08-8e4f-b89566241f24,8,8,0.0,,d9e878b9-472a-4a3e-ac5c-16a57b1c8882,f99a3381-e709-4e72-a4f6-e9f96240c428,2.0,5.0,0.0,,True,False,26e6a6e5-8ef2-4c08-8e4f-b89566241f24
Middle-Earth SBG Turniej Master 'Zadyma na Południu' Parowy 2x500 pkt [STREFA],4ff143c6-50f2-4e4d-905e-355cf001dd7b,Cornered,8543f764-e0b2-4a6f-b5b3-fe85cc2adba6,FINISHED,b96719d7-1345-4cc4-8c1d-921ef3376391,28.0,2026-09-05T18:43:28.520Z,9962a90a-ff2a-4f2d-9caa-de62f17ace99,6841eef6-931a-4375-ae1b-79843a97a82e,8,7,0.0,,29e29122-1430-457e-bb64-6749d36c2c22,13a4ddbb-8db9-4160-b1e8-372365ed4e8d,2.0,6.0,0.0,,False,True,4d2a70a2-c8e1-4ab9-a886-3a945d216f71
Middle-Earth SBG Turniej Master 'Zadyma na Południu' Parowy 2x500 pkt [STREFA],4ff143c6-50f2-4e4d-905e-355cf001dd7b,Cornered,8543f764-e0b2-4a6f-b5b3-fe85cc2adba6,FINISHED,797f16c5-4c84-49f7-adb9-31be57d18fac,29.0,2026-09-05T18:43:28.520Z,00b586f0-1dfc-4315-8ee8-14e11684e7fa,9eaf0945-81fd-494b-be1f-3b6f349ce991,8,7,0.0,,ee47b903-9f29-4ab1-b491-32f4c3dad767,4d2a70a2-c8e1-4ab9-a886-3a945d216f71,2.0,6.0,0.0,,False,True,4d2a70a2-c8e1-4ab9-a886-3a945d216f71
Middle-Earth SBG Turniej Master 'Zadyma na Południu' Parowy 2x500 pkt [STREFA],4ff143c6-50f2-4e4d-905e-355cf001dd7b,Cornered,8543f764-e0b2-4a6f-b5b3-fe85cc2adba6,FINISHED,8b88424c-13b6-410c-b828-4871572f441a,30.0,2026-09-05T18:43:28.520Z,da023a37-2cdf-4ab5-b5ed-ef4c3801f509,d0cc3137-fab5-4977-bfac-cf0a791bd9b0,0,0,,,fa0b7965-a2a1-4cd3-8efa-1d5d20309f0b,83253c68-f02c-46cf-86c7-4e574c79154b,10.0,20.0,,,False,False,3723b773-cadb-46d3-8758-e1260476e981
Middle-Earth SBG Turniej Master 'Zadyma na Południu' Parowy 2x500 pkt [STREFA],4ff143c6-50f2-4e4d-905e-355cf001dd7b,Cornered,8543f764-e0b2-4a6f-b5b3-fe85cc2adba6,FINISHED,b8f349f3-19fa-4e7b-a48e-83973300f479,31.0,2026-09-05T18:43:28.520Z,75f2157f-335b-477e-9253-1969bbafdf69,d7deccf7-cc03-46b4-a9a0-6e6e66317298,0,0,,,cca815f7-377f-4e77-8bcb-f14265f538b5,414fda48-9033-4287-8354-97a00a0f05f7,10.0,20.0,,,False,False,3723b773-cadb-46d3-8758-e1260476e981
Middle-Earth SBG Turniej Master 'Zadyma na Południu' Parowy 2x500 pkt [STREFA],4ff143c6-50f2-4e4d-905e-355cf001dd7b,Cornered,8543f764-e0b2-4a6f-b5b3-fe85cc2adba6,FINISHED,cb16e0b1-df39-48fa-837a-dc95e52a5c1c,32.0,2026-09-05T18:43:28.520Z,27966636-0371-4341-9ca4-af2a1ba9cd20,ef720739-17ce-42ec-a9fb-2c6e361af86f,0,2,0.0,,f4fbb9d1-34cf-4fbe-a6a0-65b70f1ae064,869300c0-1611-4a41-84e8-bb7e3afa22f9,10.0,18.0,0.0,,False,True,869300c0-1611-4a41-84e8-bb7e3afa22f9
Middle-Earth SBG Turniej Master 'Zadyma na Południu' Parowy 2x500 pkt [STREFA],4ff143c6-50f2-4e4d-905e-355cf001dd7b,Cornered,8543f764-e0b2-4a6f-b5b3-fe85cc2adba6,FINISHED,19668cc7-da69-4a15-bb5f-23ba0808cd54,33.0,2026-09-05T18:43:28.520Z,df9035ee-d42f-46f2-a03b-11eb7edc13bd,a66f5a56-1f3b-4944-9a2b-040faa0061e5,0,2,0.0,,c3da8c49-c79e-457f-a6f9-09629df4598c,7129c934-aacc-4988-9527-976c04e381ac,10.0,18.0,0.0,,False,True,869300c0-1611-4a41-84e8-bb7e3afa22f9
Middle-Earth SBG Turniej Master 'Zadyma na Południu' Parowy 2x500 pkt [STREFA],4ff143c6-50f2-4e4d-905e-355cf001dd7b,Cornered,8543f764-e0b2-4a6f-b5b3-fe85cc2adba6,FINISHED,6d77ae1f-b8e5-4f02-8d82-55ae0c529146,34.0,2026-09-05T18:43:28.520Z,42096392-79eb-4502-a76d-b972c3480bb1,7f22159a-00df-4a00-9aa9-2f36d60d2455,8,11,0.0,,8a045fc2-4418-467e-bee2-6ce892607a44,f6f2e7ef-8125-4bd0-90cb-7e6220d6af31,2.0,8.0,0.0,,True,False,1e4b9bdf-6062-4736-aef3-52bc568f8803
Middle-Earth SBG Turniej Master 'Zadyma na Południu' Parowy 2x500 pkt [STREFA],4ff143c6-50f2-4e4d-905e-355cf001dd7b,Cornered,8543f764-e0b2-4a6f-b5b3-fe85cc2adba6,FINISHED,576d3383-986c-4e34-8e02-a562e049856d,35.0,2026-09-05T18:43:28.520Z,0fdccd60-1451-4509-ad3e-e1e6573666d2,1e4b9bdf-6062-4736-aef3-52bc568f8803,8,11,0.0,,854d2ef0-4b9c-4f25-a004-0682db12685d,289932ee-6bb1-405e-b6d8-4ff67f3a7cbe,2.0,8.0,0.0,,True,False,1e4b9bdf-6062-4736-aef3-52bc568f8803
Middle-Earth SBG Turniej Master 'Zadyma na Południu' Parowy 2x500 pkt [STREFA],4ff143c6-50f2-4e4d-905e-355cf001dd7b,Cornered,8543f764-e0b2-4a6f-b5b3-fe85cc2adba6,FINISHED,a64f5372-bc56-4629-9f95-0ce19330213a,36.0,2026-09-05T18:43:28.520Z,f47ab6a5-9540-4c72-8fc8-2a8f2012ef4e,40eca01a-ba05-4c54-afa1-205dbb9e86dc,10,20,0.0,,c7bc71c7-6f83-4840-af05-fe6ccdf9e4e7,8ff29fce-8c75-4248-858e-93b2df913982,0.0,0.0,0.0,,True,False,40eca01a-ba05-4c54-afa1-205dbb9e86dc
Middle-Earth SBG Turniej Master 'Zadyma na Południu' Parowy 2x500 pkt [STREFA],4ff143c6-50f2-4e4d-905e-355cf001dd7b,Cornered,8543f764-e0b2-4a6f-b5b3-fe85cc2adba6,FINISHED,9bd8ffb2-141a-439d-a4a5-565e053fc9c7,37.0,2026-09-05T18:43:28.520Z,6e7cb9a6-6943-431b-b670-b33000b974bb,7783babb-c470-4763-80c7-8e6bd277ded8,10,20,0.0,,2893735d-2998-4f51-bb2f-7ea2832aad51,b443bdaf-6c91-40ca-a80f-57f61aefd0ac,0.0,0.0,0.0,,True,False,40eca01a-ba05-4c54-afa1-205dbb9e86dc
Middle-Earth SBG Turniej Master 'Zadyma na Południu' Parowy 2x500 pkt [STREFA],4ff143c6-50f2-4e4d-905e-355cf001dd7b,Cornered,8543f764-e0b2-4a6f-b5b3-fe85cc2adba6,FINISHED,c6b00304-7598-4398-901f-eb8ed7591f0c,38.0,2026-09-05T18:43:28.520Z,8ec7938f-4628-4462-acdf-d3e52434e625,7ca2b5ee-c648-4e98-bcba-50d159612ecc,10,17,0.0,,1cffdf7c-6293-457d-84c0-4c6916db4cd0,5587f9c3-e27b-41f9-99ce-eaccfd5412b7,0.0,1.0,0.0,,True,False,7ca2b5ee-c648-4e98-bcba-50d159612ecc
Middle-Earth SBG Turniej Master 'Zadyma na Południu' Parowy 2x500 pkt [STREFA],4ff143c6-50f2-4e4d-905e-355cf001dd7b,Cornered,8543f764-e0b2-4a6f-b5b3-fe85cc2adba6,FINISHED,5455942e-62d1-46f8-a3be-c9f34dff9683,39.0,2026-09-05T18:43:28.520Z,4c88ea5d-c710-43aa-9686-526c63a6620e,1b3a7062-b9d5-4a5a-b5b4-47543d96425e,10,17,0.0,,0d161fef-b3dc-4975-9b3b-183e4ea6085a,df869225-dad8-4de4-95f0-490294e03a8e,0.0,1.0,0.0,,True,False,7ca2b5ee-c648-4e98-bcba-50d159612ecc
Middle-Earth SBG Turniej Master 'Zadyma na Południu' Parowy 2x500 pkt [STREFA],4ff143c6-50f2-4e4d-905e-355cf001dd7b,Cornered,8543f764-e0b2-4a6f-b5b3-fe85cc2adba6,FINISHED,09842d34-6db6-4183-8a76-0529235e105f,40.0,2026-09-05T18:43:28.520Z,c59ff629-a2ca-4276-846a-2ee32b9b2f25,bddd8ac9-5247-4f0a-9a17-4ac7bea1812a,10,16,0.0,,202c925b-e3cb-4bf1-a9b4-a26168cb5ff5,7918000f-f66c-4750-b2c6-3277bc3bfcd3,0.0,4.0,0.0,,True,False,bddd8ac9-5247-4f0a-9a17-4ac7bea1812a
Middle-Earth SBG Turniej Master 'Zadyma na Południu' Parowy 2x500 pkt [STREFA],4ff143c6-50f2-4e4d-905e-355cf001dd7b,Cornered,8543f764-e0b2-4a6f-b5b3-fe85cc2adba6,FINISHED,23590793-c470-4ff0-9c66-815481b7605a,41.0,2026-09-05T18:43:28.520Z,d34b5ea4-dde3-4452-bf43-d9b09b69bb28,bcef8b98-d13e-41a3-a8d0-86063d765955,10,16,0.0,,868842b4-03b4-4512-bf9e-83755b85edca,0d4776d9-63a3-4ffe-989f-ca6e8925fa18,0.0,4.0,0.0,,True,False,bddd8ac9-5247-4f0a-9a17-4ac7bea1812a
Middle-Earth SBG Turniej Master 'Zadyma na Południu' Parowy 2x500 pkt [STREFA],4ff143c6-50f2-4e4d-905e-355cf001dd7b,Cornered,8543f764-e0b2-4a6f-b5b3-fe85cc2adba6,FINISHED,08b9cfc0-ca36-494a-8402-e2b957a0c8dd,,2026-09-05T18:43:28.520Z,7833b865-c29c-44b8-9c46-72d93f536e5d,12fc8435-48b6-4a57-a152-4d7ee21ce225,10,20,,,,,,,,,False,False,3723b773-cadb-46d3-8758-e1260476e981
Middle-Earth SBG Turniej Master 'Zadyma na Południu' Parowy 2x500 pkt [STREFA],4ff143c6-50f2-4e4d-905e-355cf001dd7b,Cornered,8543f764-e0b2-4a6f-b5b3-fe85cc2adba6,FINISHED,a5bc7ef7-4a50-4639-ba82-f128ad76b5f6,,2026-09-05T18:43:28.520Z,02f37627-3fcf-48ae-aba6-0cdc79e319cb,fd047df3-d1f4-4839-9e70-ac327abff337,10,20,,,,,,,,,False,False,3723b773-cadb-46d3-8758-e1260476e981
Middle-Earth SBG Turniej Master 'Zadyma na Południu' Parowy 2x500 pkt [STREFA],4ff143c6-50f2-4e4d-905e-355cf001dd7b,Take and Hold,7e8f63c3-78ce-45be-b444-ccc50539a983,FINISHED,d5174d12-1cf6-4fc4-aac8-e61490e7badb,0.0,2026-09-06T09:45:28.215Z,c0739f24-e424-4506-9bdb-2ff396658fcf,6a2a00f2-2511-49bb-abf4-034ba4382126,5,8,0.0,,106f61ee-cc33-4326-8dfd-92630da754fb,8e40b208-0e62-4a37-8228-f003566dc4a7,5.0,8.0,0.0,,True,False,6a2a00f2-2511-49bb-abf4-034ba4382126
Middle-Earth SBG Turniej Master 'Zadyma na Południu' Parowy 2x500 pkt [STREFA],4ff143c6-50f2-4e4d-905e-355cf001dd7b,Take and Hold,7e8f63c3-78ce-45be-b444-ccc50539a983,FINISHED,402f4023-b64e-4b68-bdf7-2efa84b2193d,1.0,2026-09-06T09:45:28.215Z,decf4db3-7874-4478-aa96-58c5a2223f3c,d96af431-77bb-4909-bb15-61df62e81b15,5,8,0.0,,2260f246-e743-4128-9d5d-fec129047721,7fa5ba4b-28df-44e8-a4f2-d87072e98a2b,5.0,8.0,0.0,,True,False,6a2a00f2-2511-49bb-abf4-034ba4382126
Middle-Earth SBG Turniej Master 'Zadyma na Południu' Parowy 2x500 pkt [STREFA],4ff143c6-50f2-4e4d-905e-355cf001dd7b,Take and Hold,7e8f63c3-78ce-45be-b444-ccc50539a983,FINISHED,4a749f17-11b0-493a-a9ef-28cfe46e4941,2.0,2026-09-06T09:45:28.215Z,e7890126-7b60-465a-bbf8-04ca5bc064e4,beec30f8-4a47-431b-b7ed-e7f37e95bbbc,10,20,0.0,,bfbbbcbf-97a3-46be-a2ca-f5247ecb4693,97c5e5bc-7502-4f16-9c1b-53ead4fab5b2,0.0,0.0,0.0,,True,False,beec30f8-4a47-431b-b7ed-e7f37e95bbbc
Middle-Earth SBG Turniej Master 'Zadyma na Południu' Parowy 2x500 pkt [STREFA],4ff143c6-50f2-4e4d-905e-355cf001dd7b,Take and Hold,7e8f63c3-78ce-45be-b444-ccc50539a983,FINISHED,e47ed522-cf84-4be8-bddd-f4b7f325fddc,3.0,2026-09-06T09:45:28.215Z,39849a73-66bc-4102-92e8-0317c698fb55,5f6a7ffa-1a94-4176-a2f0-42f18d04a39e,10,20,0.0,,fbb31151-3b82-4b3b-9c09-fb1f53152961,c451779b-6172-4e1a-acbd-1b387949849d,0.0,0.0,0.0,,True,False,beec30f8-4a47-431b-b7ed-e7f37e95bbbc
Middle-Earth SBG Turniej Master 'Zadyma na Południu' Parowy 2x500 pkt [STREFA],4ff143c6-50f2-4e4d-905e-355cf001dd7b,Take and Hold,7e8f63c3-78ce-45be-b444-ccc50539a983,FINISHED,357196d6-2d11-4037-bddc-e415955cd4e5,4.0,2026-09-06T09:45:28.215Z,63729f27-cf4e-4700-8de1-fc19cf0cdf11,4e8fbce8-9600-4b61-af86-6731e366fce3,10,6,0.0,,fb347f89-cfc8-4e2c-920e-ad12d86aa44f,9d5bc521-d1ac-416e-952c-926b6aef9e60,0.0,2.0,0.0,,True,False,7d79e669-7010-4328-bbf5-3f7203dddd9a
Middle-Earth SBG Turniej Master 'Zadyma na Południu' Parowy 2x500 pkt [STREFA],4ff143c6-50f2-4e4d-905e-355cf001dd7b,Take and Hold,7e8f63c3-78ce-45be-b444-ccc50539a983,FINISHED,616cf765-8536-475b-b087-59d972182814,5.0,2026-09-06T09:45:28.215Z,103154c7-e0e2-426e-9b27-c9ec388bb990,7d79e669-7010-4328-bbf5-3f7203dddd9a,10,6,0.0,,e6e56e6f-72ff-49d6-8a67-52a99867b28b,b6f0e023-257d-472b-af43-78e56d559cae,0.0,2.0,0.0,,True,False,7d79e669-7010-4328-bbf5-3f7203dddd9a
Middle-Earth SBG Turniej Master 'Zadyma na Południu' Parowy 2x500 pkt [STREFA],4ff143c6-50f2-4e4d-905e-355cf001dd7b,Take and Hold,7e8f63c3-78ce-45be-b444-ccc50539a983,FINISHED,1534d5d6-9a33-41df-9cc5-dc1ecfaf423c,6.0,2026-09-06T09:45:28.215Z,8843dc0f-09f6-4626-bd8c-2c74671ec106,475ff286-fcbc-4c49-bac5-e3002c4bdf14,0,2,0.0,,a8ad12e4-b528-4636-bfab-11c01c116d87,224b8d3d-7e1f-4095-853a-088883879195,10.0,18.0,0.0,,False,True,e0392558-e263-4874-b380-e33152fcecbe
Middle-Earth SBG Turniej Master 'Zadyma na Południu' Parowy 2x500 pkt [STREFA],4ff143c6-50f2-4e4d-905e-355cf001dd7b,Take and Hold,7e8f63c3-78ce-45be-b444-ccc50539a983,FINISHED,5af9b5c5-39b9-4b5e-b88b-069259681b91,7.0,2026-09-06T09:45:28.215Z,62a6189f-8c1e-4712-9529-de0a451b4ead,813e33d8-2b98-45ed-8c3c-00af33dd4697,0,2,0.0,,5af625a8-bda8-4858-944b-7287ca9279d1,e0392558-e263-4874-b380-e33152fcecbe,10.0,18.0,0.0,,False,True,e0392558-e263-4874-b380-e33152fcecbe
Middle-Earth SBG Turniej Master 'Zadyma na Południu' Parowy 2x500 pkt [STREFA],4ff143c6-50f2-4e4d-905e-355cf001dd7b,Take and Hold,7e8f63c3-78ce-45be-b444-ccc50539a983,FINISHED,554e1985-3a9e-4c79-a526-0f8e01ef7487,8.0,2026-09-06T09:45:28.215Z,ed6b17a1-b5ba-4c46-a4f6-80e83f941ba0,5f55d7f6-e77c-45a0-b083-60691560a665,0,1,0.0,,aed8e72c-a41b-4e72-b9df-5a4cf09613b8,bb2a8efe-f745-4f44-94ee-831d41404935,10.0,12.0,0.0,,False,True,bb2a8efe-f745-4f44-94ee-831d41404935
Middle-Earth SBG Turniej Master 'Zadyma na Południu' Parowy 2x500 pkt [STREFA],4ff143c6-50f2-4e4d-905e-355cf001dd7b,Take and Hold,7e8f63c3-78ce-45be-b444-ccc50539a983,FINISHED,087d95ba-0d10-4c63-9568-1540d783fca3,9.0,2026-09-06T09:45:28.215Z,8793052f-d024-4385-a066-6d8ec3d081b9,4312b892-eb2e-491a-b14a-6f7cff1ab128,0,1,0.0,,d4ffa9ae-187e-4074-9608-e29cc4cfa6e5,e3be0c1a-33fa-4825-993f-8d84b55c47c0,10.0,12.0,0.0,,False,True,bb2a8efe-f745-4f44-94ee-831d41404935
Middle-Earth SBG Turniej Master 'Zadyma na Południu' Parowy 2x500 pkt [STREFA],4ff143c6-50f2-4e4d-905e-355cf001dd7b,Take and Hold,7e8f63c3-78ce-45be-b444-ccc50539a983,FINISHED,750b1f69-617a-4494-94b1-f45996f29655,10.0,2026-09-06T09:45:28.215Z,f1bebdbb-5784-46d3-a4e3-cfece58e5ff8,1279e92f-2cd2-4ab8-855a-9630a43d2c60,0,2,0.0,,09b81c9e-905c-4556-817f-6680b85b04b8,222c2b52-47fd-4345-a6ec-a83ee05ccb12,10.0,14.0,0.0,,True,False,804c4802-b3bc-41ec-9f1b-de92ffe4897e
Middle-Earth SBG Turniej Master 'Zadyma na Południu' Parowy 2x500 pkt [STREFA],4ff143c6-50f2-4e4d-905e-355cf001dd7b,Take and Hold,7e8f63c3-78ce-45be-b444-ccc50539a983,FINISHED,a7e07b6a-fb60-43f8-985e-1f538c582aac,11.0,2026-09-06T09:45:28.215Z,4e3b4de0-d9b9-4abb-a795-87cbba340bb4,804c4802-b3bc-41ec-9f1b-de92ffe4897e,0,2,0.0,,6a8343ec-6bc2-47c2-b525-e8b23865bc0b,76870d30-055b-4a89-a141-78ef032269f2,10.0,14.0,0.0,,True,False,804c4802-b3bc-41ec-9f1b-de92ffe4897e
Middle-Earth SBG Turniej Master 'Zadyma na Południu' Parowy 2x500 pkt [STREFA],4ff143c6-50f2-4e4d-905e-355cf001dd7b,Take and Hold,7e8f63c3-78ce-45be-b444-ccc50539a983,FINISHED,7687ef7a-c801-4cad-b04d-249bd1537c0a,12.0,2026-09-06T09:45:28.215Z,b9619dd2-8029-42c2-a71a-7244d612557b,ff683689-6a31-40d7-8068-f1801f077caf,0,2,0.0,,84459a78-b67f-41a1-8625-a418b2a61374,51c53f0a-7c74-4860-96d3-8323febbe75b,10.0,13.0,0.0,,True,False,1857125d-c4f2-4a84-a26c-18ff4acbbcaf
Middle-Earth SBG Turniej Master 'Zadyma na Południu' Parowy 2x500 pkt [STREFA],4ff143c6-50f2-4e4d-905e-355cf001dd7b,Take and Hold,7e8f63c3-78ce-45be-b444-ccc50539a983,FINISHED,062ecec7-44ad-466c-9666-bc179ce761dc,13.0,2026-09-06T09:45:28.215Z,dd37abd8-26aa-4b87-9ef9-508ed59acde7,1857125d-c4f2-4a84-a26c-18ff4acbbcaf,0,2,0.0,,fae4b66a-41f6-40e7-8cce-f7c6c304c991,2fa7f179-c8a2-4ee8-913e-2bcfb9ea1f59,10.0,13.0,0.0,,True,False,1857125d-c4f2-4a84-a26c-18ff4acbbcaf
Middle-Earth SBG Turniej Master 'Zadyma na Południu' Parowy 2x500 pkt [STREFA],4ff143c6-50f2-4e4d-905e-355cf001dd7b,Take and Hold,7e8f63c3-78ce-45be-b444-ccc50539a983,FINISHED,25a1a201-e23c-4a4e-8079-83d4a0a26a47,14.0,2026-09-06T09:45:28.215Z,5f925361-344d-4ea7-a11e-12b8bbed1768,d9d49e1f-dcbf-436c-b0b4-7fa2397c509f,0,3,0.0,,3a1696d5-182b-42f9-8e32-8f54493f8182,396741ce-3694-4877-9603-fe19efd6284f,10.0,16.0,0.0,,False,True,97ef4386-ccac-4659-b7e7-c37ecff7f03c
Middle-Earth SBG Turniej Master 'Zadyma na Południu' Parowy 2x500 pkt [STREFA],4ff143c6-50f2-4e4d-905e-355cf001dd7b,Take and Hold,7e8f63c3-78ce-45be-b444-ccc50539a983,FINISHED,dd0b6748-0092-4aaf-9958-04477a325b64,15.0,2026-09-06T09:45:28.215Z,4910f2a8-87b8-46f6-8795-583e65733b8c,0231b3c3-fb2b-4033-8dd3-bf98d9e29410,0,3,0.0,,5a040ac9-c660-4cd2-91cd-a6fa45db164e,97ef4386-ccac-4659-b7e7-c37ecff7f03c,10.0,16.0,0.0,,False,True,97ef4386-ccac-4659-b7e7-c37ecff7f03c
Middle-Earth SBG Turniej Master 'Zadyma na Południu' Parowy 2x500 pkt [STREFA],4ff143c6-50f2-4e4d-905e-355cf001dd7b,Take and Hold,7e8f63c3-78ce-45be-b444-ccc50539a983,FINISHED,15692144-6947-4ad9-bd5d-bc17b875ff77,16.0,2026-09-06T09:45:28.215Z,e06b60ce-2138-4b77-8da9-30ba5be8652f,57cefe9a-fa1b-45a6-a166-3e94e0d12d49,0,2,0.0,,316e4624-1c11-416f-b0cb-5c4225c89282,cd905d3f-c042-479b-81f6-61d3ffcc713f,10.0,4.0,0.0,,True,False,57cefe9a-fa1b-45a6-a166-3e94e0d12d49
Middle-Earth SBG Turniej Master 'Zadyma na Południu' Parowy 2x500 pkt [STREFA],4ff143c6-50f2-4e4d-905e-355cf001dd7b,Take and Hold,7e8f63c3-78ce-45be-b444-ccc50539a983,FINISHED,ac73a963-a75f-4c61-8ae3-c9237609093e,17.0,2026-09-06T09:45:28.215Z,bdcfe0fc-88ea-4668-bb45-9fac5c188d24,9357ea2e-af38-453d-9c2f-b828d5ccdfb6,0,2,0.0,,ae10d4ba-0a7b-4c66-941f-677f69ef83b9,780e8297-2cf1-4ac2-89bd-e9dd5ece6347,10.0,4.0,0.0,,True,False,57cefe9a-fa1b-45a6-a166-3e94e0d12d49
Middle-Earth SBG Turniej Master 'Zadyma na Południu' Parowy 2x500 pkt [STREFA],4ff143c6-50f2-4e4d-905e-355cf001dd7b,Take and Hold,7e8f63c3-78ce-45be-b444-ccc50539a983,FINISHED,55be591f-62e4-4788-94f1-bb73132bfd86,18.0,2026-09-06T09:45:28.215Z,3250ac50-d8d7-461a-8d6d-249afc7be05d,ef46c5bc-e9ab-450b-85f5-4b88323ef1b8,10,20,0.0,,849a2139-6b3d-4186-b894-e6184fc312d8,9aa518b2-55c0-4256-81fb-8a37c9451c39,0.0,0.0,0.0,,False,True,26e6a6e5-8ef2-4c08-8e4f-b89566241f24
Middle-Earth SBG Turniej Master 'Zadyma na Południu' Parowy 2x500 pkt [STREFA],4ff143c6-50f2-4e4d-905e-355cf001dd7b,Take and Hold,7e8f63c3-78ce-45be-b444-ccc50539a983,FINISHED,860fc730-2c92-4609-a48c-efa53422fddb,19.0,2026-09-06T09:45:28.215Z,d6c4a462-f496-47b7-808e-8dc3fe8c5787,15e5a444-91c2-43fe-8b7b-c927354ca51a,10,20,0.0,,02566165-4a9f-423f-8c20-04c7e0b317e9,26e6a6e5-8ef2-4c08-8e4f-b89566241f24,0.0,0.0,0.0,,False,True,26e6a6e5-8ef2-4c08-8e4f-b89566241f24
Middle-Earth SBG Turniej Master 'Zadyma na Południu' Parowy 2x500 pkt [STREFA],4ff143c6-50f2-4e4d-905e-355cf001dd7b,Take and Hold,7e8f63c3-78ce-45be-b444-ccc50539a983,FINISHED,e03779e3-9cd6-4666-bfe9-e1ee48d63d02,20.0,2026-09-06T09:45:28.215Z,55a28049-42f9-46a8-911b-d086f914054e,6841eef6-931a-4375-ae1b-79843a97a82e,0,3,0.0,,16fdfbf7-b6a6-41ea-9e7f-b605819e0737,d46af0a2-c60d-45ef-9286-540bdc4ee510,10.0,10.0,0.0,,False,True,dd081a04-8bbb-4409-aed7-f6ceedf4d7d0
Middle-Earth SBG Turniej Master 'Zadyma na Południu' Parowy 2x500 pkt [STREFA],4ff143c6-50f2-4e4d-905e-355cf001dd7b,Take and Hold,7e8f63c3-78ce-45be-b444-ccc50539a983,FINISHED,fa357b90-ce59-4abf-a261-d93365c5014e,21.0,2026-09-06T09:45:28.215Z,30fdd914-5c39-46a3-8f33-b73042d18bc4,9eaf0945-81fd-494b-be1f-3b6f349ce991,0,3,0.0,,9901e5d5-56e8-4077-8b01-1b9e4669adc7,dd081a04-8bbb-4409-aed7-f6ceedf4d7d0,10.0,10.0,0.0,,False,True,dd081a04-8bbb-4409-aed7-f6ceedf4d7d0
Middle-Earth SBG Turniej Master 'Zadyma na Południu' Parowy 2x500 pkt [STREFA],4ff143c6-50f2-4e4d-905e-355cf001dd7b,Take and Hold,7e8f63c3-78ce-45be-b444-ccc50539a983,FINISHED,4b772957-55b6-4e3c-98c1-352076d3281b,22.0,2026-09-06T09:45:28.215Z,cff5841e-6ee3-4227-adc3-f63886bd134d,55b3019a-a7e5-4c3c-9c51-0643513d2296,10,14,0.0,,5f5dcadd-79f0-4647-9410-1ff451246ba4,414fda48-9033-4287-8354-97a00a0f05f7,0.0,1.0,0.0,,True,False,55b3019a-a7e5-4c3c-9c51-0643513d2296
Middle-Earth SBG Turniej Master 'Zadyma na Południu' Parowy 2x500 pkt [STREFA],4ff143c6-50f2-4e4d-905e-355cf001dd7b,Take and Hold,7e8f63c3-78ce-45be-b444-ccc50539a983,FINISHED,858af10c-0053-4e47-acc1-31c06c31578c,23.0,2026-09-06T09:45:28.215Z,206d168d-87a8-47e4-acc0-fc1c812807d1,13e9bcf5-c291-4537-b0aa-29592b68612f,10,14,0.0,,3eeb04a7-3194-4552-bd23-6c2174ae633e,83253c68-f02c-46cf-86c7-4e574c79154b,0.0,1.0,0.0,,True,False,55b3019a-a7e5-4c3c-9c51-0643513d2296
Middle-Earth SBG Turniej Master 'Zadyma na Południu' Parowy 2x500 pkt [STREFA],4ff143c6-50f2-4e4d-905e-355cf001dd7b,Take and Hold,7e8f63c3-78ce-45be-b444-ccc50539a983,FINISHED,dacb7b60-7b12-4be9-a831-626c96507527,24.0,2026-09-06T09:45:28.215Z,9cfb8603-d3c2-42d9-9732-a9d74d3105bd,869300c0-1611-4a41-84e8-bb7e3afa22f9,8,9,0.0,,da3ede88-94b8-49dc-9d27-7e0e3317cb68,081b732c-68ef-4404-bf2c-b56519b96acd,2.0,5.0,0.0,,True,False,869300c0-1611-4a41-84e8-bb7e3afa22f9
Middle-Earth SBG Turniej Master 'Zadyma na Południu' Parowy 2x500 pkt [STREFA],4ff143c6-50f2-4e4d-905e-355cf001dd7b,Take and Hold,7e8f63c3-78ce-45be-b444-ccc50539a983,FINISHED,7a03528d-29d6-4de5-98a8-454086b4c8a5,25.0,2026-09-06T09:45:28.215Z,c9556b65-90ce-4db5-809c-e72bf30fc5f6,7129c934-aacc-4988-9527-976c04e381ac,8,9,0.0,,76bf3ad2-965d-43cb-a274-44e5592fd2f2,4c85220b-667f-4d0b-b719-9c9ae145792d,2.0,5.0,0.0,,True,False,869300c0-1611-4a41-84e8-bb7e3afa22f9
Middle-Earth SBG Turniej Master 'Zadyma na Południu' Parowy 2x500 pkt [STREFA],4ff143c6-50f2-4e4d-905e-355cf001dd7b,Take and Hold,7e8f63c3-78ce-45be-b444-ccc50539a983,FINISHED,17425180-50ba-47a8-aac6-9184727d02d3,26.0,2026-09-06T09:45:28.215Z,ce3d2872-8f93-44db-98a6-2cdc07ed722e,4edd7b4a-f5e4-4136-9363-aa93d7e9b8e3,2,3,0.0,,838a617e-e65d-4a78-acb2-ba5965f7da23,40eca01a-ba05-4c54-afa1-205dbb9e86dc,8.0,5.0,0.0,,False,True,7783babb-c470-4763-80c7-8e6bd277ded8
Middle-Earth SBG Turniej Master 'Zadyma na Południu' Parowy 2x500 pkt [STREFA],4ff143c6-50f2-4e4d-905e-355cf001dd7b,Take and Hold,7e8f63c3-78ce-45be-b444-ccc50539a983,FINISHED,6db5237d-a290-4386-8d96-266d52ab824e,27.0,2026-09-06T09:45:28.215Z,77eb292f-37db-4886-bd7b-f52e705b2a01,8cf73c83-a3a1-4dd6-8882-e8dd30912ab1,2,3,0.0,,275c09ac-d256-49b6-a036-9e97d886f226,7783babb-c470-4763-80c7-8e6bd277ded8,8.0,5.0,0.0,,False,True,7783babb-c470-4763-80c7-8e6bd277ded8
Middle-Earth SBG Turniej Master 'Zadyma na Południu' Parowy 2x500 pkt [STREFA],4ff143c6-50f2-4e4d-905e-355cf001dd7b,Take and Hold,7e8f63c3-78ce-45be-b444-ccc50539a983,FINISHED,85acd777-6fdb-49ad-b9c4-03156509e676,28.0,2026-09-06T09:45:28.215Z,aeaea895-6c97-43f9-96e3-97d7df4a82ee,cd36b01c-87a1-47c9-b877-a65940b24b12,10,16,0.0,,07607b2c-441d-4216-9bbb-789b22292a7f,7ca2b5ee-c648-4e98-bcba-50d159612ecc,0.0,2.0,0.0,,True,False,cd36b01c-87a1-47c9-b877-a65940b24b12
Middle-Earth SBG Turniej Master 'Zadyma na Południu' Parowy 2x500 pkt [STREFA],4ff143c6-50f2-4e4d-905e-355cf001dd7b,Take and Hold,7e8f63c3-78ce-45be-b444-ccc50539a983,FINISHED,2f6485c9-5730-4087-83ce-83240dff2d8b,29.0,2026-09-06T09:45:28.215Z,23eda6bb-e646-4f40-9200-0d1362f991e4,987fa345-8622-4702-a59f-71f0c10c6e0a,10,16,0.0,,d992f322-8748-46ec-826e-5356e71f4a1d,1b3a7062-b9d5-4a5a-b5b4-47543d96425e,0.0,2.0,0.0,,True,False,cd36b01c-87a1-47c9-b877-a65940b24b12
Middle-Earth SBG Turniej Master 'Zadyma na Południu' Parowy 2x500 pkt [STREFA],4ff143c6-50f2-4e4d-905e-355cf001dd7b,Take and Hold,7e8f63c3-78ce-45be-b444-ccc50539a983,FINISHED,0d35502e-2c77-4482-8160-f853fc484034,30.0,2026-09-06T09:45:28.215Z,1492340b-4517-4948-8877-e2d62a286717,22a23162-8fd8-4dcc-833c-430aafa67491,10,6,0.0,,34118789-7f99-477f-a3a7-da289495f888,7f22159a-00df-4a00-9aa9-2f36d60d2455,0.0,0.0,0.0,,True,False,6e8fd6ad-52e1-4877-84dc-2fce2d7ab7da
Middle-Earth SBG Turniej Master 'Zadyma na Południu' Parowy 2x500 pkt [STREFA],4ff143c6-50f2-4e4d-905e-355cf001dd7b,Take and Hold,7e8f63c3-78ce-45be-b444-ccc50539a983,FINISHED,afea9ec6-88a4-4c4c-b851-a442335ae90e,31.0,2026-09-06T09:45:28.215Z,bdbb18e0-f0ba-4af9-afc6-16ab312363c3,6e8fd6ad-52e1-4877-84dc-2fce2d7ab7da,10,6,0.0,,1c65de41-f7fb-4112-8aaa-ff420331d3e8,1e4b9bdf-6062-4736-aef3-52bc568f8803,0.0,0.0,0.0,,True,False,6e8fd6ad-52e1-4877-84dc-2fce2d7ab7da
Middle-Earth SBG Turniej Master 'Zadyma na Południu' Parowy 2x500 pkt [STREFA],4ff143c6-50f2-4e4d-905e-355cf001dd7b,Take and Hold,7e8f63c3-78ce-45be-b444-ccc50539a983,FINISHED,6fed98e6-400d-484c-a7d8-574813d77bf4,32.0,2026-09-06T09:45:28.215Z,7e49d7c2-1597-4a53-885c-dc534fc4db0c,f99a3381-e709-4e72-a4f6-e9f96240c428,10,12,0.0,,031d365e-6cfa-4435-8739-eb7ccacb7df3,13a4ddbb-8db9-4160-b1e8-372365ed4e8d,0.0,0.0,0.0,,True,False,f99a3381-e709-4e72-a4f6-e9f96240c428
Middle-Earth SBG Turniej Master 'Zadyma na Południu' Parowy 2x500 pkt [STREFA],4ff143c6-50f2-4e4d-905e-355cf001dd7b,Take and Hold,7e8f63c3-78ce-45be-b444-ccc50539a983,FINISHED,66a47d3e-d4e6-4355-be1c-3be87684c0cb,33.0,2026-09-06T09:45:28.215Z,f3bce910-2c74-4d17-844a-874c9f16e9b1,ab63d4ea-e622-4b2d-8ad2-38b15679c94f,10,12,0.0,,0e379d4e-5af6-4b1d-a4f4-dd5f5ff80771,4d2a70a2-c8e1-4ab9-a886-3a945d216f71,0.0,0.0,0.0,,True,False,f99a3381-e709-4e72-a4f6-e9f96240c428
Middle-Earth SBG Turniej Master 'Zadyma na Południu' Parowy 2x500 pkt [STREFA],4ff143c6-50f2-4e4d-905e-355cf001dd7b,Take and Hold,7e8f63c3-78ce-45be-b444-ccc50539a983,FINISHED,e07e94fa-20e5-47ca-b74b-45742d817636,34.0,2026-09-06T09:45:28.215Z,5777d21d-40ac-440d-b661-166fa80548dc,9c29cb2b-a332-4f36-bdf5-25547137af04,0,2,0.0,,a3172f57-6c1f-4f82-ba1f-b295e2b0dcee,bddd8ac9-5247-4f0a-9a17-4ac7bea1812a,10.0,7.0,0.0,,False,True,bddd8ac9-5247-4f0a-9a17-4ac7bea1812a
Middle-Earth SBG Turniej Master 'Zadyma na Południu' Parowy 2x500 pkt [STREFA],4ff143c6-50f2-4e4d-905e-355cf001dd7b,Take and Hold,7e8f63c3-78ce-45be-b444-ccc50539a983,FINISHED,d33e93d8-02c8-4eef-8745-31b52e81ce9c,35.0,2026-09-06T09:45:28.215Z,d5361a7d-74fa-41ad-83d0-bab79dd3bc75,ab24072d-40f0-4652-ac6b-78f65a335d34,0,2,0.0,,958a247a-a036-4c1f-b58f-6235152f0e20,bcef8b98-d13e-41a3-a8d0-86063d765955,10.0,7.0,0.0,,False,True,bddd8ac9-5247-4f0a-9a17-4ac7bea1812a
Middle-Earth SBG Turniej Master 'Zadyma na Południu' Parowy 2x500 pkt [STREFA],4ff143c6-50f2-4e4d-905e-355cf001dd7b,Take and Hold,7e8f63c3-78ce-45be-b444-ccc50539a983,FINISHED,e5ca44b9-466b-4a5e-a80a-9fa08df6db68,36.0,2026-09-06T09:45:28.215Z,441ac1bc-4c3a-44c8-8da6-59b8514be74f,d0cc3137-fab5-4977-bfac-cf0a791bd9b0,0,0,0.0,,cd3b0f8e-8da8-4890-8864-42c9a57733f3,12fc8435-48b6-4a57-a152-4d7ee21ce225,10.0,20.0,0.0,,False,True,12fc8435-48b6-4a57-a152-4d7ee21ce225
Middle-Earth SBG Turniej Master 'Zadyma na Południu' Parowy 2x500 pkt [STREFA],4ff143c6-50f2-4e4d-905e-355cf001dd7b,Take and Hold,7e8f63c3-78ce-45be-b444-ccc50539a983,FINISHED,dddea67b-0c00-4c9c-b9c4-fe92bea83541,37.0,2026-09-06T09:45:28.215Z,5fbe322f-a4d0-44b2-9f0b-e73913bc2c70,d7deccf7-cc03-46b4-a9a0-6e6e66317298,0,0,0.0,,973b8cac-0e4f-474a-a191-64024216c5e8,fd047df3-d1f4-4839-9e70-ac327abff337,10.0,20.0,0.0,,False,True,12fc8435-48b6-4a57-a152-4d7ee21ce225
Middle-Earth SBG Turniej Master 'Zadyma na Południu' Parowy 2x500 pkt [STREFA],4ff143c6-50f2-4e4d-905e-355cf001dd7b,Take and Hold,7e8f63c3-78ce-45be-b444-ccc50539a983,FINISHED,66b27e60-cf16-4697-b90f-085dfb5b597a,38.0,2026-09-06T09:45:28.215Z,50d6fec4-0527-4956-8393-bad4e7c38382,f6f2e7ef-8125-4bd0-90cb-7e6220d6af31,10,11,0.0,,a1e8a34f-16bf-4640-91f5-44c1c7ab0eaa,ef720739-17ce-42ec-a9fb-2c6e361af86f,0.0,3.0,0.0,,True,False,f6f2e7ef-8125-4bd0-90cb-7e6220d6af31
Middle-Earth SBG Turniej Master 'Zadyma na Południu' Parowy 2x500 pkt [STREFA],4ff143c6-50f2-4e4d-905e-355cf001dd7b,Take and Hold,7e8f63c3-78ce-45be-b444-ccc50539a983,FINISHED,7bfb3885-2e46-45dc-a0a7-8a1415566335,39.0,2026-09-06T09:45:28.215Z,685310a3-8a4e-43f6-9112-a62e4dac4de4,289932ee-6bb1-405e-b6d8-4ff67f3a7cbe,10,11,0.0,,4b7d4b7d-546f-4fdf-b1d8-19409776790b,a66f5a56-1f3b-4944-9a2b-040faa0061e5,0.0,3.0,0.0,,True,False,f6f2e7ef-8125-4bd0-90cb-7e6220d6af31
Middle-Earth SBG Turniej Master 'Zadyma na Południu' Parowy 2x500 pkt [STREFA],4ff143c6-50f2-4e4d-905e-355cf001dd7b,Take and Hold,7e8f63c3-78ce-45be-b444-ccc50539a983,FINISHED,07cbf1a4-119a-4e5c-a799-6cd1b573e18c,40.0,2026-09-06T09:45:28.215Z,a481ec4d-da87-48a3-a78a-ee2973186edc,8ff29fce-8c75-4248-858e-93b2df913982,10,13,0.0,,5acad473-b376-4685-98fc-c0fc01fbef7f,5587f9c3-e27b-41f9-99ce-eaccfd5412b7,0.0,4.0,0.0,,True,False,b443bdaf-6c91-40ca-a80f-57f61aefd0ac
Middle-Earth SBG Turniej Master 'Zadyma na Południu' Parowy 2x500 pkt [STREFA],4ff143c6-50f2-4e4d-905e-355cf001dd7b,Take and Hold,7e8f63c3-78ce-45be-b444-ccc50539a983,FINISHED,da6ed3b2-9583-4873-b848-86db62b930ad,41.0,2026-09-06T09:45:28.215Z,e5ab8fab-e42f-44ff-b96f-50e5d352125d,b443bdaf-6c91-40ca-a80f-57f61aefd0ac,10,13,0.0,,57f2ad80-cacc-47f9-b58d-dcee1090d113,df869225-dad8-4de4-95f0-490294e03a8e,0.0,4.0,0.0,,True,False,b443bdaf-6c91-40ca-a80f-57f61aefd0ac
Middle-Earth SBG Turniej Master 'Zadyma na Południu' Parowy 2x500 pkt [STREFA],4ff143c6-50f2-4e4d-905e-355cf001dd7b,Take and Hold,7e8f63c3-78ce-45be-b444-ccc50539a983,FINISHED,7423d1cb-bafe-41f0-9c8b-06d607e3e4d0,,2026-09-06T09:45:28.215Z,7992c9e5-a8e3-464d-b77e-a26052c723f1,7918000f-f66c-4750-b2c6-3277bc3bfcd3,1,5,,,,,,,,,False,False,3723b773-cadb-46d3-8758-e1260476e981
Middle-Earth SBG Turniej Master 'Zadyma na Południu' Parowy 2x500 pkt [STREFA],4ff143c6-50f2-4e4d-905e-355cf001dd7b,Take and Hold,7e8f63c3-78ce-45be-b444-ccc50539a983,FINISHED,0c5e5d10-905b-442f-bb84-f3ac6a8ca403,,2026-09-06T09:45:28.215Z,781895fb-932d-49cd-8757-60b8c76411b9,0d4776d9-63a3-4ffe-989f-ca6e8925fa18,1,5,,,,,,,,,False,False,3723b773-cadb-46d3-8758-e1260476e981
